0,1,0,100
1E-6,0.99998727708532,0.001,99.998727708532
2E-6,0.9999532945038,0.002,99.99532945038
3E-6,0.999902282538398,0.003,99.9902282538398
4E-6,0.99983916470113,0.004,99.983916470113
5E-6,0.999766702396672,0.005,99.9766702396672
6E-6,0.999686886755657,0.006,99.9686886755657
7E-6,0.999601018418086,0.007,99.9601018418086
8E-6,0.999510092302091,0.008,99.9510092302091
9E-6,0.999414988151418,0.009,99.9414988151418
1E-5,0.999316231791201,0.01,99.9316231791201
1.1E-5,0.999214455081318,0.011,99.9214455081318
1.2E-5,0.999109768546338,0.012,99.9109768546338
1.3E-5,0.999002812809788,0.013,99.9002812809788
1.4E-5,0.998893680971142,0.014,99.8893680971142
1.5E-5,0.998782837205784,0.015,99.8782837205784
1.6E-5,0.998670315229173,0.016,99.8670315229173
1.7E-5,0.998556294778124,0.017,99.8556294778124
1.8E-5,0.998441022220967,0.018,99.8441022220967
1.9E-5,0.998324889378013,0.019,99.8324889378013
2E-5,0.998207931642815,0.02,99.8207931642815
2.1E-5,0.998089695552828,0.021,99.8089695552828
2.2E-5,0.997970053564635,0.022,99.7970053564635
2.3E-5,0.997849849335247,0.023,99.7849849335247
2.4E-5,0.99773019688433,0.024,99.773019688433
2.5E-5,0.997611255900726,0.025,99.7611255900726
2.6E-5,0.997491960145175,0.026,99.7491960145175
2.7E-5,0.997370909076552,0.027,99.7370909076552
2.8E-5,0.997247447548937,0.028,99.7247447548937
2.9E-5,0.99712214276468,0.029,99.712214276468
3E-5,0.996996470163524,0.03,99.6996470163524
3.1E-5,0.996872082012788,0.031,99.6872082012788
3.2E-5,0.996750115715758,0.032,99.6750115715758
3.3E-5,0.996630815487089,0.033,99.6630815487089
3.4E-5,0.996513535572422,0.034,99.6513535572422
3.5E-5,0.99639701326069,0.035,99.639701326069
3.6E-5,0.996279763466896,0.036,99.6279763466896
3.7E-5,0.996160450681298,0.037,99.6160450681298
3.8E-5,0.996038155422357,0.038,99.6038155422357
3.9E-5,0.99591251086095,0.039,99.591251086095
4E-5,0.995783712433595,0.04,99.5783712433595
4.1E-5,0.995652434690939,0.041,99.5652434690939
4.2E-5,0.99551968887721,0.042,99.551968887721
4.3E-5,0.995386662796179,0.043,99.5386662796179
4.4E-5,0.995254571178347,0.044,99.5254571178347
4.5E-5,0.995124531185123,0.045,99.5124531185123
4.6E-5,0.994997470813523,0.046,99.4997470813523
4.7E-5,0.994874068256171,0.047,99.4874068256171
4.8E-5,0.994754724028133,0.048,99.4754724028133
4.9E-5,0.994639561157506,0.049,99.4639561157506
5E-5,0.994528448407101,0.05,99.4528448407101
5.1E-5,0.994421039269676,0.051,99.4421039269676
5.2E-5,0.994316817191001,0.052,99.4316817191001
5.3E-5,0.994215142820678,0.053,99.4215142820678
5.4E-5,0.994115297809213,0.054,99.4115297809213
5.5E-5,0.994016524852567,0.055,99.4016524852567
5.6E-5,0.993918063535978,0.056,99.3918063535978
5.7E-5,0.993819180867893,0.057,99.3819180867893
5.8E-5,0.993719198107972,0.058,99.3719198107972
5.9E-5,0.993617510941955,0.059,99.3617510941955
6E-5,0.993513604796916,0.06,99.3513604796916
6.1E-5,0.993407063547485,0.061,99.3407063547485
6.2E-5,0.993297572728387,0.062,99.3297572728387
6.3E-5,0.993184918471994,0.063,99.3184918471994
6.4E-5,0.993068981967348,0.064,99.3068981967348
6.5E-5,0.992949732736383,0.065,99.2949732736383
6.6E-5,0.992827219405038,0.066,99.2827219405038
6.7E-5,0.992701561137483,0.067,99.2701561137483
6.8E-5,0.992572938348879,0.068,99.2572938348879
6.9E-5,0.992441584234332,0.069,99.2441584234332
7E-5,0.992307776686659,0.07,99.2307776686659
7.1E-5,0.992171830308171,0.071,99.2171830308171
7.2E-5,0.992034089183094,0.072,99.2034089183094
7.3E-5,0.991894919494761,0.073,99.1894919494761
7.4E-5,0.991754702752366,0.074,99.1754702752366
7.5E-5,0.991613829129507,0.075,99.1613829129507
7.6E-5,0.991472691069697,0.076,99.1472691069697
7.7E-5,0.991331677572443,0.077,99.1331677572443
7.8E-5,0.991191168938584,0.078,99.1191168938584
7.9E-5,0.991051532233358,0.079,99.1051532233358
8E-5,0.990913117506706,0.08,99.0913117506706
8.1E-5,0.990776254599804,0.081,99.0776254599804
8.2E-5,0.990641251010602,0.082,99.0641251010602
8.3E-5,0.990508390302648,0.083,99.0508390302648
8.4E-5,0.99037793140488,0.084,99.037793140488
8.5E-5,0.99025010821027,0.085,99.025010821027
8.6E-5,0.990125129659732,0.086,99.0125129659732
8.7E-5,0.990003180349215,0.087,99.0003180349215
8.8E-5,0.989884421262736,0.088,98.9884421262736
8.9E-5,0.98976899084456,0.089,98.976899084456
9E-5,0.989657006117495,0.09,98.9657006117495
9.1E-5,0.9895485639117,0.091,98.95485639117
9.2E-5,0.989443741936365,0.092,98.9443741936365
9.3E-5,0.989342599741881,0.093,98.9342599741881
9.4E-5,0.989245179836215,0.094,98.9245179836215
9.5E-5,0.989151508732198,0.095,98.9151508732198
9.6E-5,0.989061597986207,0.096,98.9061597986207
9.7E-5,0.988975444991307,0.097,98.8975444991307
9.8E-5,0.988893033715825,0.098,98.8893033715825
9.9E-5,0.988814335515627,0.099,98.8814335515627
1E-4,0.988739309844444,0.1,98.8739309844444
1.01E-4,0.988667904938397,0.101,98.8667904938397
1.02E-4,0.98860005838801,0.102,98.860005838801
1.03E-4,0.9885356978558,0.103,98.85356978558
1.04E-4,0.988474741950929,0.104,98.8474741950929
1.05E-4,0.988417101068784,0.105,98.8417101068784
1.06E-4,0.988362678166496,0.106,98.8362678166496
1.07E-4,0.98831136936864,0.107,98.831136936864
1.08E-4,0.988263064610126,0.108,98.8263064610126
1.09E-4,0.988217648351868,0.109,98.8217648351868
1.1E-4,0.988175000368297,0.11,98.8175000368297
1.11E-4,0.988134996622725,0.111,98.8134996622725
1.12E-4,0.988097510020806,0.112,98.8097510020806
1.13E-4,0.988062411085728,0.113,98.8062411085728
1.14E-4,0.988029568568071,0.114,98.8029568568071
1.15E-4,0.987998850109495,0.115,98.7998850109495
1.16E-4,0.987970123019093,0.116,98.7970123019093
1.17E-4,0.987943254941384,0.117,98.7943254941384
1.18E-4,0.987918114412333,0.118,98.7918114412333
1.19E-4,0.987894571236009,0.119,98.7894571236009
1.2E-4,0.987872496811778,0.12,98.7872496811778
1.21E-4,0.987851764512343,0.121,98.7851764512343
1.22E-4,0.987832250034389,0.122,98.7832250034389
1.23E-4,0.987813831821884,0.123,98.7813831821884
1.24E-4,0.987796391438517,0.124,98.7796391438517
1.25E-4,0.98777981392808,0.125,98.777981392808
1.26E-4,0.987763988086323,0.126,98.7763988086323
1.27E-4,0.987748806536512,0.127,98.7748806536512
1.28E-4,0.987734165742449,0.128,98.7734165742449
1.29E-4,0.987719965927121,0.129,98.7719965927121
1.3E-4,0.987706111104854,0.13,98.7706111104854
1.31E-4,0.987692509180417,0.131,98.7692509180417
1.32E-4,0.987679072032079,0.132,98.7679072032079
1.33E-4,0.987665715569654,0.133,98.7665715569654
1.34E-4,0.987652359601098,0.134,98.7652359601098
1.35E-4,0.987638927690756,0.135,98.7638927690756
1.36E-4,0.98762534697108,0.136,98.762534697108
1.37E-4,0.987611548005468,0.137,98.7611548005468
1.38E-4,0.987597464739588,0.138,98.7597464739588
1.39E-4,0.987583034403727,0.139,98.7583034403727
1.4E-4,0.987568197496686,0.14,98.7568197496686
1.41E-4,0.987552897692494,0.141,98.7552897692494
1.42E-4,0.987537081785575,0.142,98.7537081785575
1.43E-4,0.987520699641624,0.143,98.7520699641624
1.44E-4,0.987503704066243,0.144,98.7503704066243
1.45E-4,0.987486050707017,0.145,98.7486050707017
1.46E-4,0.987467697799255,0.146,98.7467697799255
1.47E-4,0.987448605949811,0.147,98.7448605949811
1.48E-4,0.987428737908326,0.148,98.7428737908326
1.49E-4,0.987408058378531,0.149,98.7408058378531
1.5E-4,0.987386533999118,0.15,98.7386533999118
1.51E-4,0.987364133290115,0.151,98.7364133290115
1.52E-4,0.987340826737444,0.152,98.7340826737444
1.53E-4,0.987316586779583,0.153,98.7316586779583
1.54E-4,0.987291387753041,0.154,98.7291387753041
1.55E-4,0.987265205831354,0.155,98.7265205831354
1.56E-4,0.987238018816289,0.156,98.7238018816289
1.57E-4,0.987209806070106,0.157,98.7209806070106
1.58E-4,0.987180548348368,0.158,98.7180548348368
1.59E-4,0.987150227752015,0.159,98.7150227752015
1.6E-4,0.987118827719704,0.16,98.7118827719704
1.61E-4,0.987086332945846,0.161,98.7086332945846
1.62E-4,0.987052729461332,0.162,98.7052729461332
1.63E-4,0.987018004516838,0.163,98.7018004516838
1.64E-4,0.986982146619579,0.164,98.6982146619579
1.65E-4,0.986945145489276,0.165,98.6945145489276
1.66E-4,0.986906991986448,0.166,98.6906991986448
1.67E-4,0.986867678201445,0.167,98.6867678201445
1.68E-4,0.986827197304732,0.168,98.6827197304732
1.69E-4,0.9867855436527,0.169,98.67855436527
1.7E-4,0.986742712660479,0.17,98.6742712660479
1.71E-4,0.986698700740171,0.171,98.6698700740171
1.72E-4,0.986653505300946,0.172,98.6653505300946
1.73E-4,0.986607124496448,0.173,98.6607124496448
1.74E-4,0.986559557354071,0.174,98.6559557354071
1.75E-4,0.986510803541706,0.175,98.6510803541706
1.76E-4,0.986460863479518,0.176,98.6460863479518
1.77E-4,0.986409738382016,0.177,98.6409738382016
1.78E-4,0.986357430180545,0.178,98.6357430180545
1.79E-4,0.98630394186574,0.179,98.630394186574
1.8E-4,0.986249277236432,0.18,98.6249277236432
1.81E-4,0.986193441246895,0.181,98.6193441246895
1.82E-4,0.986136439842267,0.182,98.6136439842267
1.83E-4,0.986078279921842,0.183,98.6078279921842
1.84E-4,0.986018969528444,0.184,98.6018969528444
1.85E-4,0.985958517335737,0.185,98.5958517335737
1.86E-4,0.985896933118785,0.186,98.5896933118785
1.87E-4,0.98583422716665,0.187,98.583422716665
1.88E-4,0.985770410549882,0.188,98.5770410549882
1.89E-4,0.985705495088921,0.189,98.5705495088921
1.9E-4,0.985639492928011,0.19,98.5639492928011
1.91E-4,0.985572417309001,0.191,98.5572417309001
1.92E-4,0.985504281558285,0.192,98.5504281558285
1.93E-4,0.985435100092621,0.193,98.5435100092621
1.94E-4,0.985364887710346,0.194,98.5364887710346
1.95E-4,0.985293659697818,0.195,98.5293659697818
1.96E-4,0.985221432469574,0.196,98.5221432469574
1.97E-4,0.985148222085128,0.197,98.5148222085128
1.98E-4,0.985074046302192,0.198,98.5074046302192
1.99E-4,0.984998922272742,0.199,98.4998922272742
2E-4,0.984922868439983,0.2,98.4922868439983
2.01E-4,0.984845903631358,0.201,98.4845903631358
2.02E-4,0.984768046349686,0.202,98.4768046349686
2.03E-4,0.984689317394839,0.203,98.4689317394839
2.04E-4,0.984609735320441,0.204,98.4609735320441
2.05E-4,0.984529322317694,0.205,98.4529322317694
2.06E-4,0.984448097908265,0.206,98.4448097908265
2.07E-4,0.98436608413185,0.207,98.436608413185
2.08E-4,0.984283302954336,0.208,98.4283302954336
2.09E-4,0.984199774498065,0.209,98.4199774498065
2.1E-4,0.984115524155612,0.21,98.4115524155612
2.11E-4,0.984030569447878,0.211,98.4030569447878
2.12E-4,0.983944938488051,0.212,98.3944938488051
2.13E-4,0.983858647683333,0.213,98.3858647683333
2.14E-4,0.983771724989299,0.214,98.3771724989299
2.15E-4,0.983684189356416,0.215,98.3684189356416
2.16E-4,0.983596064341049,0.216,98.3596064341049
2.17E-4,0.983507375786867,0.217,98.3507375786867
2.18E-4,0.983418139182323,0.218,98.3418139182323
2.19E-4,0.983328389911174,0.219,98.3328389911174
2.2E-4,0.983238134475751,0.22,98.3238134475751
2.21E-4,0.983147416776652,0.221,98.3147416776652
2.22E-4,0.983056237402789,0.222,98.3056237402789
2.23E-4,0.982964643824259,0.223,98.2964643824259
2.24E-4,0.982872637165791,0.224,98.2872637165791
2.25E-4,0.982780261327336,0.225,98.2780261327336
2.26E-4,0.982687525261048,0.226,98.2687525261048
2.27E-4,0.982594462808257,0.227,98.2594462808257
2.28E-4,0.982501095579366,0.228,98.2501095579366
2.29E-4,0.982407444133682,0.229,98.2407444133682
2.3E-4,0.982313542914318,0.23,98.2313542914318
2.31E-4,0.982219400491597,0.231,98.2219400491597
2.32E-4,0.982125059847848,0.232,98.2125059847848
2.33E-4,0.982030522666095,0.233,98.2030522666095
2.34E-4,0.981935833988327,0.234,98.1935833988327
2.35E-4,0.981840995103153,0.235,98.1840995103153
2.36E-4,0.981746047333994,0.236,98.1746047333994
2.37E-4,0.981650996587509,0.237,98.1650996587509
2.38E-4,0.981555877362821,0.238,98.1555877362821
2.39E-4,0.981460702034502,0.239,98.1460702034502
2.4E-4,0.981365498159799,0.24,98.1365498159799
2.41E-4,0.981270283581894,0.241,98.1270283581894
2.42E-4,0.981175080678864,0.242,98.1175080678864
2.43E-4,0.981079910525601,0.243,98.1079910525601
2.44E-4,0.980984792473742,0.244,98.0984792473742
2.45E-4,0.980889748740321,0.245,98.0889748740321
2.46E-4,0.980794797506273,0.246,98.0794797506273
2.47E-4,0.980699960455649,0.247,98.0699960455649
2.48E-4,0.980605256322842,0.248,98.0605256322842
2.49E-4,0.980510704720698,0.249,98.0510704720698
2.5E-4,0.980416326046574,0.25,98.0416326046574
2.51E-4,0.980322137132781,0.251,98.0322137132781
2.52E-4,0.980228159011932,0.252,98.0228159011932
2.53E-4,0.980134407985058,0.253,98.0134407985058
2.54E-4,0.980040902549285,0.254,98.0040902549285
2.55E-4,0.97994766304538,0.255,97.994766304538
2.56E-4,0.979854702475347,0.256,97.9854702475347
2.57E-4,0.979762045302012,0.257,97.9762045302012
2.58E-4,0.979669700686383,0.258,97.9669700686383
2.59E-4,0.979577691407505,0.259,97.9577691407505
2.6E-4,0.979486031107033,0.26,97.9486031107033
2.61E-4,0.979394736414081,0.261,97.9394736414081
2.62E-4,0.979303827213765,0.262,97.9303827213765
2.63E-4,0.979213315490989,0.263,97.9213315490989
2.64E-4,0.979123218421377,0.264,97.9123218421377
2.65E-4,0.97903355249871,0.265,97.903355249871
2.66E-4,0.978944327865111,0.266,97.8944327865111
2.67E-4,0.978855566184952,0.267,97.8855566184952
2.68E-4,0.978767276482938,0.268,97.8767276482938
2.69E-4,0.978679475306424,0.269,97.8679475306424
2.7E-4,0.978592177561157,0.27,97.8592177561157
2.71E-4,0.978505390838657,0.271,97.8505390838657
2.72E-4,0.978419135417825,0.272,97.8419135417825
2.73E-4,0.978333418080624,0.273,97.8333418080624
2.74E-4,0.978248254322683,0.274,97.8248254322683
2.75E-4,0.978163655387944,0.275,97.8163655387944
2.76E-4,0.978079630021262,0.276,97.8079630021262
2.77E-4,0.97799619528346,0.277,97.799619528346
2.78E-4,0.977913355008845,0.278,97.7913355008845
2.79E-4,0.97783112403609,0.279,97.783112403609
2.8E-4,0.977749513797956,0.28,97.7749513797956
2.81E-4,0.977668528614187,0.281,97.7668528614187
2.82E-4,0.977588183961622,0.282,97.7588183961622
2.83E-4,0.977508486944695,0.283,97.7508486944695
2.84E-4,0.977429444991871,0.284,97.7429444991871
2.85E-4,0.977351070982596,0.285,97.7351070982596
2.86E-4,0.977273370958365,0.286,97.7273370958365
2.87E-4,0.977196352591247,0.287,97.7196352591247
2.88E-4,0.977120027564021,0.288,97.7120027564021
2.89E-4,0.977044402501979,0.289,97.7044402501979
2.9E-4,0.976969482323594,0.29,97.6969482323594
2.91E-4,0.976895279137298,0.291,97.6895279137298
2.92E-4,0.976821800755311,0.292,97.6821800755311
2.93E-4,0.976749047971208,0.293,97.6749047971208
2.94E-4,0.976677033699312,0.294,97.6677033699312
2.95E-4,0.976605767213969,0.295,97.6605767213969
2.96E-4,0.976535245248054,0.296,97.6535245248054
2.97E-4,0.976465480256304,0.297,97.6465480256304
2.98E-4,0.976396483755457,0.298,97.6396483755457
2.99E-4,0.976328249439943,0.299,97.6328249439943
3E-4,0.97626078680117,0.3,97.626078680117
3.01E-4,0.97619411018532,0.301,97.619411018532
3.02E-4,0.976128212743367,0.302,97.6128212743367
3.03E-4,0.976063098109002,0.303,97.6063098109002
3.04E-4,0.975998782550608,0.304,97.5998782550608
3.05E-4,0.9759352622465,0.305,97.59352622465
3.06E-4,0.97587253394502,0.306,97.587253394502
3.07E-4,0.975810612607906,0.307,97.5810612607906
3.08E-4,0.975749499692357,0.308,97.5749499692357
3.09E-4,0.975689188443599,0.309,97.5689188443599
3.1E-4,0.975629687674798,0.31,97.5629687674798
3.11E-4,0.975571003742607,0.311,97.5571003742607
3.12E-4,0.975513130964276,0.312,97.5513130964276
3.13E-4,0.975456071210538,0.313,97.5456071210538
3.14E-4,0.975399831952579,0.314,97.5399831952579
3.15E-4,0.975344409971602,0.315,97.5344409971602
3.16E-4,0.975289804770899,0.316,97.5289804770899
3.17E-4,0.975236020892508,0.317,97.5236020892508
3.18E-4,0.975183057519073,0.318,97.5183057519073
3.19E-4,0.975130912098046,0.319,97.5130912098046
3.2E-4,0.975079588578215,0.32,97.5079588578215
3.21E-4,0.975029087952219,0.321,97.5029087952219
3.22E-4,0.97497940427083,0.322,97.497940427083
3.23E-4,0.97493053974381,0.323,97.493053974381
3.24E-4,0.97488249866922,0.324,97.488249866922
3.25E-4,0.97483527712619,0.325,97.483527712619
3.26E-4,0.974788869206921,0.326,97.4788869206921
3.27E-4,0.974743278928573,0.327,97.4743278928573
3.28E-4,0.974698510053073,0.328,97.4698510053073
3.29E-4,0.974654555878529,0.329,97.4654555878529
3.3E-4,0.974611411096164,0.33,97.4611411096164
3.31E-4,0.974569078918788,0.331,97.4569078918788
3.32E-4,0.97452756320191,0.332,97.452756320191
3.33E-4,0.974486857458222,0.333,97.4486857458222
3.34E-4,0.974446954874528,0.334,97.4446954874528
3.35E-4,0.974407856579598,0.335,97.4407856579598
3.36E-4,0.974369567525192,0.336,97.4369567525192
3.37E-4,0.974332083345493,0.337,97.4332083345493
3.38E-4,0.974295394674586,0.338,97.4295394674586
3.39E-4,0.974259499471152,0.339,97.4259499471152
3.4E-4,0.974224403792263,0.34,97.4224403792263
3.41E-4,0.974190106460296,0.341,97.4190106460296
3.42E-4,0.974156596560082,0.342,97.4156596560082
3.43E-4,0.974123868365127,0.343,97.4123868365127
3.44E-4,0.974091927223376,0.344,97.4091927223376
3.45E-4,0.974060775217091,0.345,97.4060775217091
3.46E-4,0.974030402191209,0.346,97.4030402191209
3.47E-4,0.974000799861643,0.347,97.4000799861643
3.48E-4,0.973971970551499,0.348,97.3971970551499
3.49E-4,0.973943917728748,0.349,97.3943917728748
3.5E-4,0.973916633646652,0.35,97.3916633646652
3.51E-4,0.973890110020379,0.351,97.3890110020379
3.52E-4,0.973864346204927,0.352,97.3864346204927
3.53E-4,0.97383934421401,0.353,97.383934421401
3.54E-4,0.973815097691881,0.354,97.3815097691881
3.55E-4,0.973791599521956,0.355,97.3791599521956
3.56E-4,0.973768848997496,0.356,97.3768848997496
3.57E-4,0.973746846803461,0.357,97.3746846803461
3.58E-4,0.973725585831145,0.358,97.3725585831145
3.59E-4,0.97370505738881,0.359,97.370505738881
3.6E-4,0.973685261317928,0.36,97.3685261317928
3.61E-4,0.973666200792712,0.361,97.3666200792712
3.62E-4,0.973647870279243,0.362,97.3647870279243
3.63E-4,0.973630257044512,0.363,97.3630257044512
3.64E-4,0.973613355771495,0.364,97.3613355771495
3.65E-4,0.973597171273507,0.365,97.3597171273507
3.66E-4,0.973581705511236,0.366,97.3581705511236
3.67E-4,0.973566948045124,0.367,97.3566948045124
3.68E-4,0.973552885311857,0.368,97.3552885311857
3.69E-4,0.973539513916416,0.369,97.3539513916416
3.7E-4,0.973526839301439,0.37,97.3526839301439
3.71E-4,0.973514862357874,0.371,97.3514862357874
3.72E-4,0.973503572653595,0.372,97.3503572653595
3.73E-4,0.973492956550563,0.373,97.3492956550563
3.74E-4,0.973483008392153,0.374,97.3483008392153
3.75E-4,0.973473731570136,0.375,97.3473731570136
3.76E-4,0.973465128681336,0.376,97.3465128681336
3.77E-4,0.973457192908387,0.377,97.3457192908387
3.78E-4,0.973449910156108,0.378,97.3449910156108
3.79E-4,0.973443269636861,0.379,97.3443269636861
3.8E-4,0.97343727114284,0.38,97.343727114284
3.81E-4,0.973431919894817,0.381,97.3431919894817
3.82E-4,0.973427214348085,0.382,97.3427214348085
3.83E-4,0.973423141320473,0.383,97.3423141320473
3.84E-4,0.973419685255014,0.384,97.3419685255014
3.85E-4,0.973416841041601,0.385,97.3416841041601
3.86E-4,0.973414614175841,0.386,97.3414614175841
3.87E-4,0.97341300761778,0.387,97.341300761778
3.88E-4,0.973412011633705,0.388,97.3412011633705
3.89E-4,0.973411609526079,0.389,97.3411609526079
3.9E-4,0.973411791869323,0.39,97.3411791869323
3.91E-4,0.973412561029424,0.391,97.3412561029424
3.92E-4,0.973413920898026,0.392,97.3413920898026
3.93E-4,0.973415865459648,0.393,97.3415865459648
3.94E-4,0.973418380810185,0.394,97.3418380810185
3.95E-4,0.973421456813802,0.395,97.3421456813802
3.96E-4,0.973425092774107,0.396,97.3425092774107
3.97E-4,0.973429290355129,0.397,97.3429290355129
3.98E-4,0.973434043922975,0.398,97.3434043922975
3.99E-4,0.973439341572762,0.399,97.3439341572762
4E-4,0.973445174844759,0.4,97.3445174844759
4.01E-4,0.973451543913091,0.401,97.3451543913091
4.02E-4,0.973458450877046,0.402,97.3458450877046
4.03E-4,0.973465889701136,0.403,97.3465889701136
4.04E-4,0.9734738462257,0.404,97.34738462257
4.05E-4,0.973482308925853,0.405,97.3482308925853
4.06E-4,0.973491277804408,0.406,97.3491277804408
4.07E-4,0.973500760028857,0.407,97.3500760028857
4.08E-4,0.973510756590904,0.408,97.3510756590904
4.09E-4,0.973521255188104,0.409,97.3521255188104
4.1E-4,0.973532237146562,0.41,97.3532237146562
4.11E-4,0.973543692034891,0.411,97.3543692034891
4.12E-4,0.9735556239622,0.412,97.35556239622
4.13E-4,0.973568043347492,0.413,97.3568043347492
4.14E-4,0.973580952633437,0.414,97.3580952633437
4.15E-4,0.973594339321245,0.415,97.3594339321245
4.16E-4,0.973608183607199,0.416,97.3608183607199
4.17E-4,0.973622471809763,0.417,97.3622471809763
4.18E-4,0.973637204651857,0.418,97.3637204651857
4.19E-4,0.973652392581585,0.419,97.3652392581585
4.2E-4,0.973668043302443,0.42,97.3668043302443
4.21E-4,0.97368415247206,0.421,97.368415247206
4.22E-4,0.973700702932184,0.422,97.3700702932184
4.23E-4,0.973717675559112,0.423,97.3717675559112
4.24E-4,0.973735059973238,0.424,97.3735059973238
4.25E-4,0.973752860226412,0.425,97.3752860226412
4.26E-4,0.973771089045787,0.426,97.3771089045787
4.27E-4,0.973789754704671,0.427,97.3789754704671
4.28E-4,0.973808851930579,0.428,97.3808851930579
4.29E-4,0.973828359647567,0.429,97.3828359647567
4.3E-4,0.973848255435519,0.43,97.3848255435519
4.31E-4,0.973868527874524,0.431,97.3868527874524
4.32E-4,0.973889185132386,0.432,97.3889185132386
4.33E-4,0.973910245784151,0.433,97.3910245784151
4.34E-4,0.973931720500005,0.434,97.3931720500005
4.35E-4,0.973953601713089,0.435,97.3953601713089
4.36E-4,0.97397586104587,0.436,97.397586104587
4.37E-4,0.973998473301513,0.437,97.3998473301513
4.38E-4,0.974021427314756,0.438,97.4021427314756
4.39E-4,0.974044738091643,0.439,97.4044738091643
4.4E-4,0.97406842715056,0.44,97.406842715056
4.41E-4,0.974092505155627,0.441,97.4092505155627
4.42E-4,0.974116960579673,0.442,97.4116960579673
4.43E-4,0.974141760906457,0.443,97.4141760906457
4.44E-4,0.974166883422633,0.444,97.4166883422633
4.45E-4,0.97419231725511,0.445,97.419231725511
4.46E-4,0.974218082939156,0.446,97.4218082939156
4.47E-4,0.974244195841577,0.447,97.4244195841577
4.48E-4,0.974270668224006,0.448,97.4270668224006
4.49E-4,0.974297482361186,0.449,97.4297482361186
4.5E-4,0.974324612775147,0.45,97.4324612775147
4.51E-4,0.974352038277998,0.451,97.4352038277998
4.52E-4,0.974379752445589,0.452,97.4379752445589
4.53E-4,0.974407772750537,0.453,97.4407772750537
4.54E-4,0.974436106950353,0.454,97.4436106950353
4.55E-4,0.974464766965057,0.455,97.4464766965057
4.56E-4,0.974493729118737,0.456,97.4493729118737
4.57E-4,0.974522982421407,0.457,97.4522982421407
4.58E-4,0.974552502054978,0.458,97.4552502054978
4.59E-4,0.974582295508112,0.459,97.4582295508112
4.6E-4,0.974612365014069,0.46,97.4612365014069
4.61E-4,0.974642725419972,0.461,97.4642725419972
4.62E-4,0.97467337151149,0.462,97.467337151149
4.63E-4,0.97470429060788,0.463,97.470429060788
4.64E-4,0.974735465619192,0.464,97.4735465619192
4.65E-4,0.974766882932834,0.465,97.4766882932834
4.66E-4,0.974798547487922,0.466,97.4798547487922
4.67E-4,0.974830464950028,0.467,97.4830464950028
4.68E-4,0.974862648729821,0.468,97.4862648729821
4.69E-4,0.974895091785891,0.469,97.4895091785891
4.7E-4,0.974927785531123,0.47,97.4927785531123
4.71E-4,0.974960705825318,0.471,97.4960705825318
4.72E-4,0.974993843309696,0.472,97.4993843309696
4.73E-4,0.975027192388526,0.473,97.5027192388526
4.74E-4,0.975060765757581,0.474,97.5060765757581
4.75E-4,0.975094572732194,0.475,97.5094572732194
4.76E-4,0.975128621318318,0.476,97.5128621318318
4.77E-4,0.975162902707506,0.477,97.5162902707506
4.78E-4,0.975197402505009,0.478,97.5197402505009
4.79E-4,0.975232100044227,0.479,97.5232100044227
4.8E-4,0.9752669846006,0.48,97.52669846006
4.81E-4,0.975302053604199,0.481,97.5302053604199
4.82E-4,0.975337316747337,0.482,97.5337316747337
4.83E-4,0.975372784235471,0.483,97.5372784235471
4.84E-4,0.97540846409557,0.484,97.540846409557
4.85E-4,0.975444353361732,0.485,97.5444353361732
4.86E-4,0.975480442026837,0.486,97.5480442026837
4.87E-4,0.975516713390779,0.487,97.5516713390779
4.88E-4,0.975553153232009,0.488,97.5553153232009
4.89E-4,0.975589752588604,0.489,97.5589752588604
4.9E-4,0.975626511473817,0.49,97.5626511473817
4.91E-4,0.975663436868914,0.491,97.5663436868914
4.92E-4,0.97570053805248,0.492,97.570053805248
4.93E-4,0.975737823414762,0.493,97.5737823414762
4.94E-4,0.975775293280798,0.494,97.5775293280798
4.95E-4,0.975812941431602,0.495,97.5812941431602
4.96E-4,0.97585075225821,0.496,97.585075225821
4.97E-4,0.975888709776101,0.497,97.5888709776101
4.98E-4,0.975926799390426,0.498,97.5926799390426
4.99E-4,0.975965017010317,0.499,97.5965017010317
5E-4,0.976003367130396,0.5,97.6003367130396
5.01E-4,0.976041863487481,0.501,97.6041863487481
5.02E-4,0.976080519805298,0.502,97.6080519805298
5.03E-4,0.976119344586207,0.503,97.6119344586207
5.04E-4,0.97615833356615,0.504,97.615833356615
5.05E-4,0.976197471256403,0.505,97.6197471256403
5.06E-4,0.976236735212828,0.506,97.6236735212828
5.07E-4,0.976276105136766,0.507,97.6276105136766
5.08E-4,0.976315571782679,0.508,97.6315571782679
5.09E-4,0.976355138825298,0.509,97.6355138825298
5.1E-4,0.976394823491673,0.51,97.6394823491673
5.11E-4,0.976434644446036,0.511,97.6434644446036
5.12E-4,0.976474616167874,0.512,97.6474616167874
5.13E-4,0.97651473777171,0.513,97.651473777171
5.14E-4,0.976554994537567,0.514,97.6554994537567
5.15E-4,0.976595362670686,0.515,97.6595362670686
5.16E-4,0.976635817725338,0.516,97.6635817725338
5.17E-4,0.976676346814871,0.517,97.6676346814871
5.18E-4,0.976716950195598,0.518,97.6716950195598
5.19E-4,0.976757642488357,0.519,97.6757642488357
5.2E-4,0.976798444189787,0.52,97.6798444189787
5.21E-4,0.976839370504962,0.521,97.6839370504962
5.22E-4,0.9768804270556,0.522,97.68804270556
5.23E-4,0.976921602942526,0.523,97.6921602942526
5.24E-4,0.976962878589693,0.524,97.6962878589693
5.25E-4,0.977004232043161,0.525,97.7004232043161
5.26E-4,0.977045646130555,0.526,97.7045646130555
5.27E-4,0.977087118436169,0.527,97.7087118436169
5.28E-4,0.977128655474489,0.528,97.7128655474489
5.29E-4,0.977170273061748,0.529,97.7170273061748
5.3E-4,0.977211986486707,0.53,97.7211986486707
5.31E-4,0.977253801291692,0.531,97.7253801291692
5.32E-4,0.977295716223986,0.532,97.7295716223986
5.33E-4,0.977337716168678,0.533,97.7337716168678
5.34E-4,0.977379785098794,0.534,97.7379785098794
5.35E-4,0.977421908691521,0.535,97.7421908691521
5.36E-4,0.977464078476781,0.536,97.7464078476781
5.37E-4,0.977506298767274,0.537,97.7506298767274
5.38E-4,0.97754857684008,0.538,97.754857684008
5.39E-4,0.977590924148014,0.539,97.7590924148014
5.4E-4,0.977633348402718,0.54,97.7633348402718
5.41E-4,0.977675847855517,0.541,97.7675847855517
5.42E-4,0.977718416648805,0.542,97.7718416648805
5.43E-4,0.97776104092809,0.543,97.776104092809
5.44E-4,0.977803708552163,0.544,97.7803708552163
5.45E-4,0.977846412131439,0.545,97.7846412131439
5.46E-4,0.97788914941212,0.546,97.788914941212
5.47E-4,0.977931926984569,0.547,97.7931926984569
5.48E-4,0.977974752925219,0.548,97.7974752925219
5.49E-4,0.978017634909292,0.549,97.8017634909292
5.5E-4,0.978060576689855,0.55,97.8060576689855
5.51E-4,0.978103573714983,0.551,97.8103573714983
5.52E-4,0.978146617495315,0.552,97.8146617495315
5.53E-4,0.978189695448808,0.553,97.8189695448808
5.54E-4,0.978232796138847,0.554,97.8232796138847
5.55E-4,0.978275913705981,0.555,97.8275913705981
5.56E-4,0.978319047160107,0.556,97.8319047160107
5.57E-4,0.978362202546822,0.557,97.8362202546822
5.58E-4,0.978405388670523,0.558,97.8405388670523
5.59E-4,0.978448613187102,0.559,97.8448613187102
5.6E-4,0.978491881235273,0.56,97.8491881235273
5.61E-4,0.978535191390552,0.561,97.8535191390552
5.62E-4,0.97857853649634,0.562,97.857853649634
5.63E-4,0.978621906535556,0.563,97.8621906535556
5.64E-4,0.978665289394472,0.564,97.8665289394472
5.65E-4,0.978708675500548,0.565,97.8708675500548
5.66E-4,0.978752060258555,0.566,97.8752060258555
5.67E-4,0.97879544328674,0.567,97.879544328674
5.68E-4,0.978838829284816,0.568,97.8838829284816
5.69E-4,0.978882225759826,0.569,97.8882225759826
5.7E-4,0.978925639424245,0.57,97.8925639424245
5.71E-4,0.978969075111285,0.571,97.8969075111285
5.72E-4,0.979012534432638,0.572,97.9012534432638
5.73E-4,0.979056013805759,0.573,97.9056013805759
5.74E-4,0.979099506353389,0.574,97.9099506353389
5.75E-4,0.979143003988306,0.575,97.9143003988306
5.76E-4,0.979186496715466,0.576,97.9186496715466
5.77E-4,0.979229976484163,0.577,97.9229976484163
5.78E-4,0.979273439092945,0.578,97.9273439092945
5.79E-4,0.979316881764111,0.579,97.9316881764111
5.8E-4,0.979360305757553,0.58,97.9360305757553
5.81E-4,0.979403716412857,0.581,97.9403716412857
5.82E-4,0.979447118286282,0.582,97.9447118286282
5.83E-4,0.979490516772987,0.583,97.9490516772987
5.84E-4,0.979533917828415,0.584,97.9533917828415
5.85E-4,0.979577321807601,0.585,97.9577321807601
5.86E-4,0.979620726363027,0.586,97.9620726363027
5.87E-4,0.979664127845839,0.587,97.9664127845839
5.88E-4,0.979707516172788,0.588,97.9707516172788
5.89E-4,0.979750880309728,0.589,97.9750880309728
5.9E-4,0.979794212184342,0.59,97.9794212184342
5.91E-4,0.979837502352243,0.591,97.9837502352243
5.92E-4,0.979880745366738,0.592,97.9880745366738
5.93E-4,0.979923943957146,0.593,97.9923943957146
5.94E-4,0.97996710210228,0.594,97.996710210228
5.95E-4,0.980010226496623,0.595,98.0010226496623
5.96E-4,0.980053329253272,0.596,98.0053329253272
5.97E-4,0.980096418241604,0.597,98.0096418241604
5.98E-4,0.980139495743968,0.598,98.0139495743968
5.99E-4,0.980182563088511,0.599,98.0182563088511
6E-4,0.980225613773116,0.6,98.0225613773116
6.01E-4,0.980268633316601,0.601,98.0268633316601
6.02E-4,0.980311608815047,0.602,98.0311608815047
6.03E-4,0.980354527298774,0.603,98.0354527298774
6.04E-4,0.980397374966565,0.604,98.0397374966565
6.05E-4,0.98044014698346,0.605,98.044014698346
6.06E-4,0.980482846785163,0.606,98.0482846785163
6.07E-4,0.980525479463288,0.607,98.0525479463288
6.08E-4,0.980568055980689,0.608,98.0568055980689
6.09E-4,0.980610591834744,0.609,98.0610591834744
6.1E-4,0.98065309656403,0.61,98.065309656403
6.11E-4,0.980695574140836,0.611,98.0695574140836
6.12E-4,0.980738025952999,0.612,98.0738025952999
6.13E-4,0.98078044434309,0.613,98.078044434309
6.14E-4,0.980822813471565,0.614,98.0822813471565
6.15E-4,0.980865118323159,0.615,98.0865118323159
6.16E-4,0.980907344636782,0.616,98.0907344636782
6.17E-4,0.980949478178031,0.617,98.0949478178031
6.18E-4,0.980991512515831,0.618,98.0991512515831
6.19E-4,0.981033450457658,0.619,98.1033450457658
6.2E-4,0.981075298003428,0.62,98.1075298003428
6.21E-4,0.981117064922764,0.621,98.1117064922764
6.22E-4,0.981158765495664,0.622,98.1158765495664
6.23E-4,0.98120041105417,0.623,98.120041105417
6.24E-4,0.981242006365216,0.624,98.1242006365216
6.25E-4,0.981283552369165,0.625,98.1283552369165
6.26E-4,0.98132504454824,0.626,98.132504454824
6.27E-4,0.981366470785541,0.627,98.1366470785541
6.28E-4,0.981407816370305,0.628,98.1407816370305
6.29E-4,0.981449068300021,0.629,98.1449068300021
6.3E-4,0.981490214788662,0.63,98.1490214788662
6.31E-4,0.981531247511566,0.631,98.1531247511566
6.32E-4,0.98157216530331,0.632,98.157216530331
6.33E-4,0.981612972410809,0.633,98.1612972410809
6.34E-4,0.981653675672952,0.634,98.1653675672952
6.35E-4,0.981694284321015,0.635,98.1694284321015
6.36E-4,0.981734808096989,0.636,98.1734808096989
6.37E-4,0.981775253231755,0.637,98.1775253231755
6.38E-4,0.981815621389007,0.638,98.1815621389007
6.39E-4,0.981855910684869,0.639,98.1855910684869
6.4E-4,0.981896114679638,0.64,98.1896114679638
6.41E-4,0.981936223329281,0.641,98.1936223329281
6.42E-4,0.981976226015995,0.642,98.1976226015995
6.43E-4,0.982016113553885,0.643,98.2016113553885
6.44E-4,0.982055878518648,0.644,98.2055878518648
6.45E-4,0.982095516830289,0.645,98.2095516830289
6.46E-4,0.982135029396116,0.646,98.2135029396116
6.47E-4,0.982174419788482,0.647,98.2174419788482
6.48E-4,0.98221369309971,0.648,98.221369309971
6.49E-4,0.982252855311008,0.649,98.2252855311008
6.5E-4,0.982291912161171,0.65,98.2291912161171
6.51E-4,0.982330866458713,0.651,98.2330866458713
6.52E-4,0.982369717179924,0.652,98.2369717179924
6.53E-4,0.98240846164734,0.653,98.240846164734
6.54E-4,0.982447094391971,0.654,98.2447094391971
6.55E-4,0.982485608202406,0.655,98.2485608202406
6.56E-4,0.982523994846124,0.656,98.2523994846124
6.57E-4,0.982562248470292,0.657,98.2562248470292
6.58E-4,0.982600365588219,0.658,98.2600365588219
6.59E-4,0.98263834383952,0.659,98.263834383952
6.6E-4,0.982676184253055,0.66,98.2676184253055
6.61E-4,0.982713889591349,0.661,98.2713889591349
6.62E-4,0.982751465639095,0.662,98.2751465639095
6.63E-4,0.982788915713331,0.663,98.2788915713331
6.64E-4,0.982826243145582,0.664,98.2826243145582
6.65E-4,0.982863449766905,0.665,98.2863449766905
6.66E-4,0.982900535610083,0.666,98.2900535610083
6.67E-4,0.982937498203371,0.667,98.2937498203371
6.68E-4,0.982974330640594,0.668,98.2974330640594
6.69E-4,0.983011028798428,0.669,98.3011028798428
6.7E-4,0.983047585758113,0.67,98.3047585758113
6.71E-4,0.983083997608561,0.671,98.3083997608561
6.72E-4,0.98312025750811,0.672,98.312025750811
6.73E-4,0.98315636478836,0.673,98.315636478836
6.74E-4,0.983192320429823,0.674,98.3192320429823
6.75E-4,0.983228126246062,0.675,98.3228126246062
6.76E-4,0.983263785355538,0.676,98.3263785355538
6.77E-4,0.983299299982458,0.677,98.3299299982458
6.78E-4,0.983334678386263,0.678,98.3334678386263
6.79E-4,0.983369920885248,0.679,98.3369920885248
6.8E-4,0.983405030790049,0.68,98.3405030790049
6.81E-4,0.98344000427767,0.681,98.344000427767
6.82E-4,0.983474844150433,0.682,98.3474844150433
6.83E-4,0.983509545182928,0.683,98.3509545182928
6.84E-4,0.983544102515151,0.684,98.3544102515151
6.85E-4,0.98357850947419,0.685,98.357850947419
6.86E-4,0.983612762531908,0.686,98.3612762531908
6.87E-4,0.9836468598733,0.687,98.36468598733
6.88E-4,0.983680794772081,0.688,98.3680794772081
6.89E-4,0.983714567122753,0.689,98.3714567122753
6.9E-4,0.983748175188456,0.69,98.3748175188456
6.91E-4,0.983781625514544,0.691,98.3781625514544
6.92E-4,0.983814915861635,0.692,98.3814915861635
6.93E-4,0.983848051164608,0.693,98.3848051164608
6.94E-4,0.983881032411078,0.694,98.3881032411078
6.95E-4,0.983913867371549,0.695,98.3913867371549
6.96E-4,0.983946555598632,0.696,98.3946555598632
6.97E-4,0.983979098669798,0.697,98.3979098669798
6.98E-4,0.984011495572151,0.698,98.4011495572151
6.99E-4,0.984043748343765,0.699,98.4043748343765
7E-4,0.984075854988639,0.7,98.4075854988639
7.01E-4,0.984107811461844,0.701,98.4107811461844
7.02E-4,0.984139614067725,0.702,98.4139614067725
7.03E-4,0.984171260296791,0.703,98.4171260296791
7.04E-4,0.984202748164421,0.704,98.4202748164421
7.05E-4,0.984234072519156,0.705,98.4234072519156
7.06E-4,0.984265230602031,0.706,98.4265230602031
7.07E-4,0.984296220374342,0.707,98.4296220374342
7.08E-4,0.984327042956186,0.708,98.4327042956186
7.09E-4,0.984357696808535,0.709,98.4357696808535
7.1E-4,0.984388182996215,0.71,98.4388182996215
7.11E-4,0.984418502824662,0.711,98.4418502824662
7.12E-4,0.984448660873785,0.712,98.4448660873785
7.13E-4,0.98447865941002,0.713,98.447865941002
7.14E-4,0.984508501904951,0.714,98.4508501904951
7.15E-4,0.98453819083588,0.715,98.453819083588
7.16E-4,0.984567730515168,0.716,98.4567730515168
7.17E-4,0.984597122506682,0.717,98.4597122506682
7.18E-4,0.984626367797468,0.718,98.4626367797468
7.19E-4,0.984655465117586,0.719,98.4655465117586
7.2E-4,0.984684414038271,0.72,98.4684414038271
7.21E-4,0.984713211645538,0.721,98.4713211645538
7.22E-4,0.984741854025324,0.722,98.4741854025324
7.23E-4,0.984770335369784,0.723,98.4770335369784
7.24E-4,0.984798651552843,0.724,98.4798651552843
7.25E-4,0.984826798430259,0.725,98.4826798430259
7.26E-4,0.984854772354032,0.726,98.4854772354032
7.27E-4,0.984882569520616,0.727,98.4882569520616
7.28E-4,0.984910188750473,0.728,98.4910188750473
7.29E-4,0.984937631445189,0.729,98.4937631445189
7.3E-4,0.984964900636898,0.73,98.4964900636898
7.31E-4,0.984991999837506,0.731,98.4991999837506
7.32E-4,0.985018933175329,0.732,98.5018933175329
7.33E-4,0.985045706808203,0.733,98.5045706808203
7.34E-4,0.985072327250396,0.734,98.5072327250396
7.35E-4,0.985098800600729,0.735,98.5098800600729
7.36E-4,0.985125129954644,0.736,98.5125129954644
7.37E-4,0.985151317379391,0.737,98.5151317379391
7.38E-4,0.985177363137335,0.738,98.5177363137335
7.39E-4,0.985203266900824,0.739,98.5203266900824
7.4E-4,0.985229025202418,0.74,98.5229025202418
7.41E-4,0.985254632272594,0.741,98.5254632272594
7.42E-4,0.985280080699485,0.742,98.5280080699485
7.43E-4,0.985305363728227,0.743,98.5305363728227
7.44E-4,0.985330475778524,0.744,98.5330475778524
7.45E-4,0.985355411579344,0.745,98.5355411579344
7.46E-4,0.985380166707406,0.746,98.5380166707406
7.47E-4,0.985404737716649,0.747,98.5404737716649
7.48E-4,0.985429124984617,0.748,98.5429124984617
7.49E-4,0.985453331657347,0.749,98.5453331657347
7.5E-4,0.985477363481885,0.75,98.5477363481885
7.51E-4,0.985501225825128,0.751,98.5501225825128
7.52E-4,0.985524924655541,0.752,98.5524924655541
7.53E-4,0.985548466474763,0.753,98.5548466474763
7.54E-4,0.985571859414866,0.754,98.5571859414866
7.55E-4,0.985595110416463,0.755,98.5595110416463
7.56E-4,0.985618223241685,0.756,98.5618223241685
7.57E-4,0.985641197934946,0.757,98.5641197934946
7.58E-4,0.985664032861028,0.758,98.5664032861028
7.59E-4,0.985686726386351,0.759,98.5686726386351
7.6E-4,0.985709275476713,0.76,98.5709275476713
7.61E-4,0.985731674231815,0.761,98.5731674231815
7.62E-4,0.985753913397573,0.762,98.5753913397573
7.63E-4,0.985775984457056,0.763,98.5775984457056
7.64E-4,0.985797881342309,0.764,98.5797881342309
7.65E-4,0.985819601013797,0.765,98.5819601013797
7.66E-4,0.985841140369852,0.766,98.5841140369852
7.67E-4,0.985862495899624,0.767,98.5862495899624
7.68E-4,0.985883666231852,0.768,98.5883666231852
7.69E-4,0.985904654103359,0.769,98.5904654103359
7.7E-4,0.985925466536337,0.77,98.5925466536337
7.71E-4,0.985946110520898,0.771,98.5946110520898
7.72E-4,0.985966591452165,0.772,98.5966591452165
7.73E-4,0.985986913680183,0.773,98.5986913680183
7.74E-4,0.986007082868112,0.774,98.6007082868112
7.75E-4,0.986027106451087,0.775,98.6027106451087
7.76E-4,0.986046989848666,0.776,98.6046989848666
7.77E-4,0.986066734527657,0.777,98.6066734527657
7.78E-4,0.986086337867167,0.778,98.6086337867167
7.79E-4,0.98610579638669,0.779,98.610579638669
7.8E-4,0.986125108002216,0.78,98.6125108002216
7.81E-4,0.98614426966633,0.781,98.614426966633
7.82E-4,0.986163276300913,0.782,98.6163276300913
7.83E-4,0.986182119750446,0.783,98.6182119750446
7.84E-4,0.986200792376582,0.784,98.6200792376582
7.85E-4,0.986219290043232,0.785,98.6219290043232
7.86E-4,0.986237610661572,0.786,98.6237610661572
7.87E-4,0.986255753702769,0.787,98.6255753702769
7.88E-4,0.986273717190007,0.788,98.6273717190007
7.89E-4,0.986291500417409,0.789,98.6291500417409
7.9E-4,0.986309105817682,0.79,98.6309105817682
7.91E-4,0.986326537962948,0.791,98.6326537962948
7.92E-4,0.98634380349204,0.792,98.634380349204
7.93E-4,0.986360906623381,0.793,98.6360906623381
7.94E-4,0.986377850939984,0.794,98.6377850939984
7.95E-4,0.986394640028156,0.795,98.6394640028156
7.96E-4,0.986411277313398,0.796,98.6411277313398
7.97E-4,0.986427767103818,0.797,98.6427767103818
7.98E-4,0.986444110249603,0.798,98.6444110249603
7.99E-4,0.986460305803708,0.799,98.6460305803708
8E-4,0.986476351326401,0.8,98.6476351326401
8.01E-4,0.986492243560745,0.801,98.6492243560745
8.02E-4,0.986507980742512,0.802,98.6507980742512
8.03E-4,0.986523559094901,0.803,98.6523559094901
8.04E-4,0.986538974352846,0.804,98.6538974352846
8.05E-4,0.98655422199368,0.805,98.655422199368
8.06E-4,0.986569297818885,0.806,98.6569297818885
8.07E-4,0.986584200725015,0.807,98.6584200725015
8.08E-4,0.986598929621589,0.808,98.6598929621589
8.09E-4,0.986613484035356,0.809,98.6613484035356
8.1E-4,0.986627863953269,0.81,98.6627863953269
8.11E-4,0.98664206959389,0.811,98.664206959389
8.12E-4,0.986656104065126,0.812,98.6656104065126
8.13E-4,0.986669970880624,0.813,98.6669970880624
8.14E-4,0.986683673478183,0.814,98.6683673478183
8.15E-4,0.986697214666243,0.815,98.6697214666243
8.16E-4,0.986710595682184,0.816,98.6710595682184
8.17E-4,0.986723818693251,0.817,98.6723818693251
8.18E-4,0.986736885972251,0.818,98.6736885972251
8.19E-4,0.98674979923067,0.819,98.674979923067
8.2E-4,0.986762559153347,0.82,98.6762559153347
8.21E-4,0.986775163908124,0.821,98.6775163908124
8.22E-4,0.986787611020139,0.822,98.6787611020139
8.23E-4,0.986799898305555,0.823,98.6799898305555
8.24E-4,0.986812024032434,0.824,98.6812024032434
8.25E-4,0.986823987180672,0.825,98.6823987180672
8.26E-4,0.986835785595484,0.826,98.6835785595484
8.27E-4,0.986847416320833,0.827,98.6847416320833
8.28E-4,0.986858876561112,0.828,98.6858876561112
8.29E-4,0.986870164438812,0.829,98.6870164438812
8.3E-4,0.986881280233978,0.83,98.6881280233978
8.31E-4,0.986892225245891,0.831,98.6892225245891
8.32E-4,0.986903000754241,0.832,98.6903000754241
8.33E-4,0.986913607646957,0.833,98.6913607646957
8.34E-4,0.98692404619463,0.834,98.692404619463
8.35E-4,0.986934317439886,0.835,98.6934317439886
8.36E-4,0.986944423718074,0.836,98.6944423718074
8.37E-4,0.986954368058064,0.837,98.6954368058064
8.38E-4,0.986964153562493,0.838,98.6964153562493
8.39E-4,0.986973781830952,0.839,98.6973781830952
8.4E-4,0.986983252761369,0.84,98.6983252761369
8.41E-4,0.986992565598909,0.841,98.6992565598909
8.42E-4,0.987001719708688,0.842,98.7001719708688
8.43E-4,0.987010715451281,0.843,98.7010715451281
8.44E-4,0.987019553716257,0.844,98.7019553716257
8.45E-4,0.98702823427075,0.845,98.702823427075
8.46E-4,0.987036755141627,0.846,98.7036755141627
8.47E-4,0.987045113008756,0.847,98.7045113008756
8.48E-4,0.987053304485251,0.848,98.7053304485251
8.49E-4,0.987061328083464,0.849,98.7061328083464
8.5E-4,0.987069184377017,0.85,98.7069184377017
8.51E-4,0.987076874460013,0.851,98.7076874460013
8.52E-4,0.98708439846563,0.852,98.708439846563
8.53E-4,0.987091754777456,0.853,98.7091754777456
8.54E-4,0.987098940993361,0.854,98.7098940993361
8.55E-4,0.987105956464797,0.855,98.7105956464797
8.56E-4,0.987112803441175,0.856,98.7112803441175
8.57E-4,0.987119485931764,0.857,98.7119485931764
8.58E-4,0.98712600771393,0.858,98.712600771393
8.59E-4,0.987132370181481,0.859,98.7132370181481
8.6E-4,0.98713857202257,0.86,98.713857202257
8.61E-4,0.987144612040215,0.861,98.7144612040215
8.62E-4,0.987150491278455,0.862,98.7150491278455
8.63E-4,0.987156213042126,0.863,98.7156213042126
8.64E-4,0.987161781828519,0.864,98.7161781828519
8.65E-4,0.987167199879902,0.865,98.7167199879902
8.66E-4,0.987172465485007,0.866,98.7172465485007
8.67E-4,0.987177575119285,0.867,98.7177575119285
8.68E-4,0.987182525908846,0.868,98.7182525908846
8.69E-4,0.987187317538861,0.869,98.7187317538861
8.7E-4,0.987191952868395,0.87,98.7191952868395
8.71E-4,0.987196434750124,0.871,98.7196434750124
8.72E-4,0.987200762456552,0.872,98.7200762456552
8.73E-4,0.987204932656678,0.873,98.7204932656678
8.74E-4,0.987208940572808,0.874,98.7208940572808
8.75E-4,0.987212782943979,0.875,98.7212782943979
8.76E-4,0.987216461309767,0.876,98.7216461309767
8.77E-4,0.987219979517327,0.877,98.7219979517327
8.78E-4,0.987223340433354,0.878,98.7223340433354
8.79E-4,0.987226544240608,0.879,98.7226544240608
8.8E-4,0.987229588226665,0.88,98.7229588226665
8.81E-4,0.987232468293301,0.881,98.7232468293301
8.82E-4,0.987235184185596,0.882,98.7235184185596
8.83E-4,0.987237739651834,0.883,98.7237739651834
8.84E-4,0.987240139250883,0.884,98.7240139250883
8.85E-4,0.987242387604359,0.885,98.7242387604359
8.86E-4,0.987244485265891,0.886,98.7244485265891
8.87E-4,0.987246429493373,0.887,98.7246429493373
8.88E-4,0.987248217639419,0.888,98.7248217639419
8.89E-4,0.987249850602144,0.889,98.7249850602144
8.9E-4,0.987251331368746,0.89,98.7251331368746
8.91E-4,0.987252664827033,0.891,98.7252664827033
8.92E-4,0.987253855345509,0.892,98.7253855345509
8.93E-4,0.987254901671677,0.893,98.7254901671677
8.94E-4,0.987255801461759,0.894,98.7255801461759
8.95E-4,0.987256551759839,0.895,98.7256551759839
8.96E-4,0.987257152242568,0.896,98.7257152242568
8.97E-4,0.987257604575727,0.897,98.7257604575727
8.98E-4,0.987257913496298,0.898,98.7257913496298
8.99E-4,0.987258081104302,0.899,98.7258081104302
9E-4,0.987258105742008,0.9,98.7258105742008
9.01E-4,0.987257985590626,0.901,98.7257985590626
9.02E-4,0.987257716387705,0.902,98.7257716387705
9.03E-4,0.987257297337867,0.903,98.7257297337867
9.04E-4,0.987256729284902,0.904,98.7256729284902
9.05E-4,0.987256016528875,0.905,98.7256016528875
9.06E-4,0.987255159246434,0.906,98.7255159246434
9.07E-4,0.987254157943248,0.907,98.7254157943248
9.08E-4,0.98725301032633,0.908,98.725301032633
9.09E-4,0.987251713038913,0.909,98.7251713038913
9.1E-4,0.987250265483772,0.91,98.7250265483772
9.11E-4,0.987248669064455,0.911,98.7248669064455
9.12E-4,0.987246927388989,0.912,98.7246927388989
9.13E-4,0.987245041257265,0.913,98.7245041257265
9.14E-4,0.987243013755454,0.914,98.7243013755454
9.15E-4,0.987240842647849,0.915,98.7240842647849
9.16E-4,0.987238527756643,0.916,98.7238527756643
9.17E-4,0.987236068489737,0.917,98.7236068489737
9.18E-4,0.987233468357716,0.918,98.7233468357716
9.19E-4,0.987230729249821,0.919,98.7230729249821
9.2E-4,0.987227855106072,0.92,98.7227855106072
9.21E-4,0.987224848373836,0.921,98.7224848373836
9.22E-4,0.987221709186145,0.922,98.7221709186145
9.23E-4,0.987218437598977,0.923,98.7218437598977
9.24E-4,0.987215034182155,0.924,98.7215034182155
9.25E-4,0.987211501253425,0.925,98.7211501253425
9.26E-4,0.987207839855729,0.926,98.7207839855729
9.27E-4,0.987204053779304,0.927,98.7204053779304
9.28E-4,0.987200143559807,0.928,98.7200143559807
9.29E-4,0.987196109642168,0.929,98.7196109642168
9.3E-4,0.987191949990234,0.93,98.7191949990234
9.31E-4,0.987187665207072,0.931,98.7187665207072
9.32E-4,0.987183253829658,0.932,98.7183253829658
9.33E-4,0.98717871687389,0.933,98.717871687389
9.34E-4,0.987174054589902,0.934,98.7174054589902
9.35E-4,0.987169267560408,0.935,98.7169267560408
9.36E-4,0.987164353599333,0.936,98.7164353599333
9.37E-4,0.987159311413309,0.937,98.7159311413309
9.38E-4,0.987154139249898,0.938,98.7154139249898
9.39E-4,0.98714883609262,0.939,98.714883609262
9.4E-4,0.987143401714912,0.94,98.7143401714912
9.41E-4,0.987137837351353,0.941,98.7137837351353
9.42E-4,0.987132143714931,0.942,98.7132143714931
9.43E-4,0.987126320673859,0.943,98.7126320673859
9.44E-4,0.987120368234889,0.944,98.7120368234889
9.45E-4,0.98711428634391,0.945,98.711428634391
9.46E-4,0.987108075474527,0.946,98.7108075474527
9.47E-4,0.987101737088538,0.947,98.7101737088538
9.48E-4,0.987095274382404,0.948,98.7095274382404
9.49E-4,0.987088690246411,0.949,98.7088690246411
9.5E-4,0.98708198751183,0.95,98.708198751183
9.51E-4,0.987075168243673,0.951,98.7075168243673
9.52E-4,0.987068234388861,0.952,98.7068234388861
9.53E-4,0.98706118703827,0.953,98.706118703827
9.54E-4,0.987054028230041,0.954,98.7054028230041
9.55E-4,0.987046760451742,0.955,98.7046760451742
9.56E-4,0.987039386783049,0.956,98.7039386783049
9.57E-4,0.987031909650228,0.957,98.7031909650228
9.58E-4,0.98702433132281,0.958,98.702433132281
9.59E-4,0.987016652671043,0.959,98.7016652671043
9.6E-4,0.987008873710599,0.96,98.7008873710599
9.61E-4,0.987000993705273,0.961,98.7000993705273
9.62E-4,0.986993012295417,0.962,98.6993012295417
9.63E-4,0.986984929037075,0.963,98.6984929037075
9.64E-4,0.986976743923811,0.964,98.6976743923811
9.65E-4,0.986968456981405,0.965,98.6968456981405
9.66E-4,0.986960067990987,0.966,98.6960067990987
9.67E-4,0.986951575833919,0.967,98.6951575833919
9.68E-4,0.986942978834427,0.968,98.6942978834427
9.69E-4,0.986934275060215,0.969,98.6934275060215
9.7E-4,0.986925462487054,0.97,98.6925462487054
9.71E-4,0.986916539650465,0.971,98.6916539650465
9.72E-4,0.986907505956114,0.972,98.6907505956114
9.73E-4,0.9868983618619,0.973,98.68983618619
9.74E-4,0.986889108031905,0.974,98.6889108031905
9.75E-4,0.986879745507604,0.975,98.6879745507604
9.76E-4,0.986870275072639,0.976,98.6870275072639
9.77E-4,0.98686069738022,0.977,98.686069738022
9.78E-4,0.986851012595098,0.978,98.6851012595098
9.79E-4,0.986841221455363,0.979,98.6841221455363
9.8E-4,0.986831325465117,0.98,98.6831325465117
9.81E-4,0.986821327147683,0.981,98.6821327147683
9.82E-4,0.986811229785038,0.982,98.6811229785038
9.83E-4,0.986801037168015,0.983,98.6801037168015
9.84E-4,0.986790753111718,0.984,98.6790753111718
9.85E-4,0.986780380326098,0.985,98.6780380326098
9.86E-4,0.986769920658984,0.986,98.6769920658984
9.87E-4,0.986759374988745,0.987,98.6759374988745
9.88E-4,0.98674874445654,0.988,98.674874445654
9.89E-4,0.986738030124557,0.989,98.6738030124557
9.9E-4,0.986727234068654,0.99,98.6727234068654
9.91E-4,0.986716358782235,0.991,98.6716358782235
9.92E-4,0.986705407191391,0.992,98.6705407191391
9.93E-4,0.986694381011784,0.993,98.6694381011784
9.94E-4,0.986683280522123,0.994,98.6683280522123
9.95E-4,0.98667210449527,0.995,98.667210449527
9.96E-4,0.986660850824883,0.996,98.6660850824883
9.97E-4,0.986649517153197,0.997,98.6649517153197
9.98E-4,0.986638101603494,0.998,98.6638101603494
9.99E-4,0.986626603928318,0.999,98.6626603928318
0.001,0.986615024954498,1,98.6615024954498
0.001001,0.986603365819497,1.001,98.6603365819497
0.001002,0.986591626505557,1.002,98.6591626505557
0.001003,0.986579806067226,1.003,98.6579806067226
0.001004,0.986567902273309,1.004,98.6567902273309
0.001005,0.986555912193019,1.005,98.6555912193019
0.001006,0.986543833011695,1.006,98.6543833011695
0.001007,0.986531663802365,1.007,98.6531663802365
0.001008,0.986519405938883,1.008,98.6519405938883
0.001009,0.986507062142734,1.009,98.6507062142734
0.00101,0.986494635411555,1.01,98.6494635411555
0.001011,0.986482128330748,1.011,98.6482128330748
0.001012,0.986469542604137,1.012,98.6469542604137
0.001013,0.986456878104249,1.013,98.6456878104249
0.001014,0.986444133722566,1.014,98.6444133722566
0.001015,0.986431308989116,1.015,98.6431308989116
0.001016,0.986418405578124,1.016,98.6418405578124
0.001017,0.986405426735078,1.017,98.6405426735078
0.001018,0.986392376695646,1.018,98.6392376695646
0.001019,0.986379260270711,1.019,98.6379260270711
0.00102,0.986366081827795,1.02,98.6366081827795
0.001021,0.986352843757603,1.021,98.6352843757603
0.001022,0.986339545748745,1.022,98.6339545748745
0.001023,0.986326186515971,1.023,98.6326186515971
0.001024,0.986312765233414,1.024,98.6312765233414
0.001025,0.986299282109855,1.025,98.6299282109855
0.001026,0.986285738289581,1.026,98.6285738289581
0.001027,0.986272136247576,1.027,98.6272136247576
0.001028,0.986258479595813,1.028,98.6258479595813
0.001029,0.986244770985946,1.029,98.6244770985946
0.00103,0.98623101066768,1.03,98.623101066768
0.001031,0.986217196643671,1.031,98.6217196643671
0.001032,0.986203326147782,1.032,98.6203326147782
0.001033,0.986189396407713,1.033,98.6189396407713
0.001034,0.986175404809551,1.034,98.6175404809551
0.001035,0.986161350279259,1.035,98.6161350279259
0.001036,0.98614723393211,1.036,98.614723393211
0.001037,0.986133058329581,1.037,98.6133058329581
0.001038,0.986118825409799,1.038,98.6118825409799
0.001039,0.986104535344195,1.039,98.6104535344195
0.00104,0.986090187352023,1.04,98.6090187352023
0.001041,0.986075779676166,1.041,98.6075779676166
0.001042,0.98606130995934,1.042,98.606130995934
0.001043,0.986046775917212,1.043,98.6046775917212
0.001044,0.986032176949338,1.044,98.6032176949338
0.001045,0.986017515176572,1.045,98.6017515176572
0.001046,0.98600279374024,1.046,98.600279374024
0.001047,0.985988015934385,1.047,98.5988015934385
0.001048,0.985973184302837,1.048,98.5973184302837
0.001049,0.985958300689542,1.049,98.5958300689542
0.00105,0.985943365931928,1.05,98.5943365931928
0.001051,0.985928379076177,1.051,98.5928379076177
0.001052,0.985913339252233,1.052,98.5913339252233
0.001053,0.985898246570004,1.053,98.5898246570004
0.001054,0.985883102916406,1.054,98.5883102916406
0.001055,0.985867911286326,1.055,98.5867911286326
0.001056,0.985852674597728,1.056,98.5852674597728
0.001057,0.985837396273551,1.057,98.5837396273551
0.001058,0.985822078827732,1.058,98.5822078827732
0.001059,0.985806723461185,1.059,98.5806723461185
0.00106,0.985791329765983,1.06,98.5791329765983
0.001061,0.985775896224087,1.061,98.5775896224087
0.001062,0.985760422205133,1.062,98.5760422205133
0.001063,0.98574490744019,1.063,98.574490744019
0.001064,0.985729352525169,1.064,98.5729352525169
0.001065,0.985713758807051,1.065,98.5713758807051
0.001066,0.985698127862854,1.066,98.5698127862854
0.001067,0.985682461650572,1.067,98.5682461650572
0.001068,0.985666760663667,1.068,98.5666760663667
0.001069,0.985651024275586,1.069,98.5651024275586
0.00107,0.985635251208981,1.07,98.5635251208981
0.001071,0.985619439711565,1.071,98.5619439711565
0.001072,0.985603588728617,1.072,98.5603588728617
0.001073,0.985587697325802,1.073,98.5587697325802
0.001074,0.985571765584865,1.074,98.5571765584865
0.001075,0.985555794709495,1.075,98.5555794709495
0.001076,0.98553978593381,1.076,98.553978593381
0.001077,0.985523740584314,1.077,98.5523740584314
0.001078,0.985507659065767,1.078,98.5507659065767
0.001079,0.985491541309481,1.079,98.5491541309481
0.00108,0.985475387155321,1.08,98.5475387155321
0.001081,0.98545919589925,1.081,98.545919589925
0.001082,0.985442967352679,1.082,98.5442967352679
0.001083,0.9854267018658,1.083,98.54267018658
0.001084,0.985410400596711,1.084,98.5410400596711
0.001085,0.985394065520071,1.085,98.5394065520071
0.001086,0.985377698332795,1.086,98.5377698332795
0.001087,0.985361300716961,1.087,98.5361300716961
0.001088,0.985344874025257,1.088,98.5344874025257
0.001089,0.985328419066115,1.089,98.5328419066115
0.00109,0.985311936359694,1.09,98.5311936359694
0.001091,0.985295425972243,1.091,98.5295425972243
0.001092,0.985278888235448,1.092,98.5278888235448
0.001093,0.985262324112315,1.093,98.5262324112315
0.001094,0.985245734858194,1.094,98.5245734858194
0.001095,0.985229121939852,1.095,98.5229121939852
0.001096,0.98521248673695,1.096,98.521248673695
0.001097,0.98519583034728,1.097,98.519583034728
0.001098,0.985179153776996,1.098,98.5179153776996
0.001099,0.985162457329833,1.099,98.5162457329833
0.0011,0.985145740823031,1.1,98.5145740823031
0.001101,0.985129003954265,1.101,98.5129003954265
0.001102,0.985112246435476,1.102,98.5112246435476
0.001103,0.985095468653815,1.103,98.5095468653815
0.001104,0.985078671009326,1.104,98.5078671009326
0.001105,0.985061854111128,1.105,98.5061854111128
0.001106,0.985045018553285,1.106,98.5045018553285
0.001107,0.985028164826772,1.107,98.5028164826772
0.001108,0.985011293408242,1.108,98.5011293408242
0.001109,0.984994404159768,1.109,98.4994404159768
0.00111,0.984977496737113,1.11,98.4977496737113
0.001111,0.984960570427743,1.111,98.4960570427743
0.001112,0.984943625033429,1.112,98.4943625033429
0.001113,0.984926660571012,1.113,98.4926660571012
0.001114,0.984909677561796,1.114,98.4909677561796
0.001115,0.984892676605825,1.115,98.4892676605825
0.001116,0.984875658303914,1.116,98.4875658303914
0.001117,0.984858623761504,1.117,98.4858623761504
0.001118,0.984841573621468,1.118,98.4841573621468
0.001119,0.984824508882696,1.119,98.4824508882696
0.00112,0.984807429463159,1.12,98.4807429463159
0.001121,0.984790335508035,1.121,98.4790335508035
0.001122,0.984773227043989,1.122,98.4773227043989
0.001123,0.98475610461359,1.123,98.475610461359
0.001124,0.984738969159762,1.124,98.4738969159762
0.001125,0.984721821308055,1.125,98.4721821308055
0.001126,0.984704662303548,1.126,98.4704662303548
0.001127,0.984687492945022,1.127,98.4687492945022
0.001128,0.984670315233163,1.128,98.4670315233163
0.001129,0.984653130057773,1.129,98.4653130057773
0.00113,0.98463593855748,1.13,98.463593855748
0.001131,0.984618740720254,1.131,98.4618740720254
0.001132,0.984601536844733,1.132,98.4601536844733
0.001133,0.984584327522563,1.133,98.4584327522563
0.001134,0.984567113170838,1.134,98.4567113170838
0.001135,0.984549894490625,1.135,98.4549894490625
0.001136,0.984532671238036,1.136,98.4532671238036
0.001137,0.984515444557197,1.137,98.4515444557197
0.001138,0.984498214951975,1.138,98.4498214951975
0.001139,0.984480984306224,1.139,98.4480984306224
0.00114,0.98446375285499,1.14,98.446375285499
0.001141,0.98444652111651,1.141,98.444652111651
0.001142,0.984429288833348,1.142,98.4429288833348
0.001143,0.98441205648483,1.143,98.441205648483
0.001144,0.984394824362462,1.144,98.4394824362462
0.001145,0.984377592293621,1.145,98.4377592293621
0.001146,0.9843603599481,1.146,98.43603599481
0.001147,0.984343126453376,1.147,98.4343126453376
0.001148,0.984325892629465,1.148,98.4325892629465
0.001149,0.984308658755341,1.149,98.4308658755341
0.00115,0.984291426029387,1.15,98.4291426029387
0.001151,0.984274194162709,1.151,98.4274194162709
0.001152,0.984256963813488,1.152,98.4256963813488
0.001153,0.984239734953444,1.153,98.4239734953444
0.001154,0.984222509025355,1.154,98.4222509025355
0.001155,0.984205286102113,1.155,98.4205286102113
0.001156,0.984188066153057,1.156,98.4188066153057
0.001157,0.98417084841145,1.157,98.417084841145
0.001158,0.984153632697817,1.158,98.4153632697817
0.001159,0.984136419323596,1.159,98.4136419323596
0.00116,0.984119209014131,1.16,98.4119209014131
0.001161,0.984102002157275,1.161,98.4102002157275
0.001162,0.984084798748379,1.162,98.4084798748379
0.001163,0.984067599860233,1.163,98.4067599860233
0.001164,0.984050406610175,1.164,98.4050406610175
0.001165,0.984033220846897,1.165,98.4033220846897
0.001166,0.984016043440024,1.166,98.4016043440024
0.001167,0.983998874821382,1.167,98.3998874821382
0.001168,0.983981714527055,1.168,98.3981714527055
0.001169,0.983964563233681,1.169,98.3964563233681
0.00117,0.98394742100751,1.17,98.394742100751
0.001171,0.983930288277426,1.171,98.3930288277426
0.001172,0.983913164816593,1.172,98.3913164816593
0.001173,0.983896050792143,1.173,98.3896050792143
0.001174,0.983878946659521,1.174,98.3878946659521
0.001175,0.983861854413608,1.175,98.3861854413608
0.001176,0.983844775625109,1.176,98.3844775625109
0.001177,0.983827711643731,1.177,98.3827711643731
0.001178,0.98381066327094,1.178,98.381066327094
0.001179,0.983793631082546,1.179,98.3793631082546
0.00118,0.983776615391021,1.18,98.3776615391021
0.001181,0.983759616771831,1.181,98.3759616771831
0.001182,0.983742634897694,1.182,98.3742634897694
0.001183,0.983725668834916,1.183,98.3725668834916
0.001184,0.983708718042445,1.184,98.3708718042445
0.001185,0.98369178257801,1.185,98.369178257801
0.001186,0.983674863092046,1.186,98.3674863092046
0.001187,0.983657960968816,1.187,98.3657960968816
0.001188,0.983641077478759,1.188,98.3641077478759
0.001189,0.983624213423621,1.189,98.3624213423621
0.00119,0.983607369997063,1.19,98.3607369997063
0.001191,0.983590548311363,1.191,98.3590548311363
0.001192,0.983573748790923,1.192,98.3573748790923
0.001193,0.983556971291343,1.193,98.3556971291343
0.001194,0.98354021510047,1.194,98.354021510047
0.001195,0.983523478828635,1.195,98.3523478828635
0.001196,0.983506761676507,1.196,98.3506761676507
0.001197,0.983490063570929,1.197,98.3490063570929
0.001198,0.983473384581691,1.198,98.3473384581691
0.001199,0.98345672513378,1.199,98.345672513378
0.0012,0.983440086358745,1.2,98.3440086358745
0.001201,0.983423469426281,1.201,98.3423469426281
0.001202,0.983406875740302,1.202,98.3406875740302
0.001203,0.983390306847161,1.203,98.3390306847161
0.001204,0.983373763424938,1.204,98.3373763424938
0.001205,0.983357245150423,1.205,98.3357245150423
0.001206,0.983340751503757,1.206,98.3340751503757
0.001207,0.983324281665621,1.207,98.3324281665621
0.001208,0.983307834508977,1.208,98.3307834508977
0.001209,0.983291409409165,1.209,98.3291409409165
0.00121,0.98327500604361,1.21,98.327500604361
0.001211,0.983258624295056,1.211,98.3258624295056
0.001212,0.983242264905555,1.212,98.3242264905555
0.001213,0.983225929569087,1.213,98.3225929569087
0.001214,0.983209619867663,1.214,98.3209619867663
0.001215,0.983193337308465,1.215,98.3193337308465
0.001216,0.983177083212995,1.216,98.3177083212995
0.001217,0.983160858147174,1.217,98.3160858147174
0.001218,0.98314466201068,1.218,98.314466201068
0.001219,0.983128494633402,1.219,98.3128494633402
0.00122,0.98311235536206,1.22,98.311235536206
0.001221,0.98309624300103,1.221,98.309624300103
0.001222,0.983080156805171,1.222,98.3080156805171
0.001223,0.983064096608314,1.223,98.3064096608314
0.001224,0.983048062766347,1.224,98.3048062766347
0.001225,0.983032056344911,1.225,98.3032056344911
0.001226,0.983016079210709,1.226,98.3016079210709
0.001227,0.983000132915586,1.227,98.3000132915586
0.001228,0.982984218984652,1.228,98.2984218984652
0.001229,0.98296833889627,1.229,98.296833889627
0.00123,0.982952493788029,1.23,98.2952493788029
0.001231,0.98293668386479,1.231,98.293668386479
0.001232,0.982920909028374,1.232,98.2920909028374
0.001233,0.982905168639249,1.233,98.2905168639249
0.001234,0.982889461630592,1.234,98.2889461630592
0.001235,0.982873787265673,1.235,98.2873787265673
0.001236,0.982858145564854,1.236,98.2858145564854
0.001237,0.982842536967293,1.237,98.2842536967293
0.001238,0.982826962203416,1.238,98.2826962203416
0.001239,0.982811422699569,1.239,98.2811422699569
0.00124,0.982795919925023,1.24,98.2795919925023
0.001241,0.982780455353796,1.241,98.2780455353796
0.001242,0.982765030407066,1.242,98.2765030407066
0.001243,0.98274964637536,1.243,98.274964637536
0.001244,0.982734303553316,1.244,98.2734303553316
0.001245,0.982719001609556,1.245,98.2719001609556
0.001246,0.982703739823516,1.246,98.2703739823516
0.001247,0.982688517207343,1.247,98.2688517207343
0.001248,0.982673332763985,1.248,98.2673332763985
0.001249,0.9826581860193,1.249,98.26581860193
0.00125,0.982643076984856,1.25,98.2643076984856
0.001251,0.982628005748401,1.251,98.2628005748401
0.001252,0.982612972833952,1.252,98.2612972833952
0.001253,0.982597979158535,1.253,98.2597979158535
0.001254,0.982583025860054,1.254,98.2583025860054
0.001255,0.98256811397887,1.255,98.256811397887
0.001256,0.982553244536074,1.256,98.2553244536074
0.001257,0.982538417964135,1.257,98.2538417964135
0.001258,0.982523633874486,1.258,98.2523633874486
0.001259,0.982508891374468,1.259,98.2508891374468
0.00126,0.982494189471221,1.26,98.2494189471221
0.001261,0.98247952719297,1.261,98.247952719297
0.001262,0.982464903730672,1.262,98.2464903730672
0.001263,0.982450318669003,1.263,98.2450318669003
0.001264,0.982435771728577,1.264,98.2435771728577
0.001265,0.982421262775037,1.265,98.2421262775037
0.001266,0.982406792066633,1.266,98.2406792066633
0.001267,0.982392360493274,1.267,98.2392360493274
0.001268,0.982377969217608,1.268,98.2377969217608
0.001269,0.982363619367323,1.269,98.2363619367323
0.00127,0.982349311707733,1.27,98.2349311707733
0.001271,0.982335046357935,1.271,98.2335046357935
0.001272,0.982320822875742,1.272,98.2320822875742
0.001273,0.982306640693625,1.273,98.2306640693625
0.001274,0.982292499525407,1.274,98.2292499525407
0.001275,0.982278399188927,1.275,98.2278399188927
0.001276,0.982264339507537,1.276,98.2264339507537
0.001277,0.982250320213748,1.277,98.2250320213748
0.001278,0.982236341090845,1.278,98.2236341090845
0.001279,0.982222402277407,1.279,98.2222402277407
0.00128,0.982208504603396,1.28,98.2208504603396
0.001281,0.982194649607255,1.281,98.2194649607255
0.001282,0.982180838911151,1.282,98.2180838911151
0.001283,0.982167073751927,1.283,98.2167073751927
0.001284,0.982153354746577,1.284,98.2153354746577
0.001285,0.982139682090106,1.285,98.2139682090106
0.001286,0.982126055955627,1.286,98.2126055955627
0.001287,0.982112476753158,1.287,98.2112476753158
0.001288,0.982098945113782,1.288,98.2098945113782
0.001289,0.982085461372148,1.289,98.2085461372148
0.00129,0.982072025385959,1.29,98.2072025385959
0.001291,0.982058636761527,1.291,98.2058636761527
0.001292,0.98204529533246,1.292,98.204529533246
0.001293,0.982032001662721,1.293,98.2032001662721
0.001294,0.982018756991831,1.294,98.2018756991831
0.001295,0.982005562900832,1.295,98.2005562900832
0.001296,0.981992420570805,1.296,98.1992420570805
0.001297,0.981979330468156,1.297,98.1979330468156
0.001298,0.981966292678473,1.298,98.1966292678473
0.001299,0.981953307287841,1.299,98.1953307287841
0.0013,0.981940374806158,1.3,98.1940374806158
0.001301,0.981927495882152,1.301,98.1927495882152
0.001302,0.981914670937187,1.302,98.1914670937187
0.001303,0.981901899748197,1.303,98.1901899748197
0.001304,0.981889181362533,1.304,98.1889181362533
0.001305,0.981876514863458,1.305,98.1876514863458
0.001306,0.981863899830188,1.306,98.1863899830188
0.001307,0.981851336701345,1.307,98.1851336701345
0.001308,0.981838826308795,1.308,98.1838826308795
0.001309,0.981826369223319,1.309,98.1826369223319
0.00131,0.981813965529485,1.31,98.1813965529485
0.001311,0.98180161462948,1.311,98.180161462948
0.001312,0.981789315992239,1.312,98.1789315992239
0.001313,0.981777069480241,1.313,98.1777069480241
0.001314,0.981764875452949,1.314,98.1764875452949
0.001315,0.98175273436057,1.315,98.175273436057
0.001316,0.981740645913253,1.316,98.1740645913253
0.001317,0.98172860921476,1.317,98.172860921476
0.001318,0.981716622882653,1.318,98.1716622882653
0.001319,0.981704685818096,1.319,98.1704685818096
0.00132,0.98169279767752,1.32,98.169279767752
0.001321,0.98168095872631,1.321,98.168095872631
0.001322,0.981669169580824,1.322,98.1669169580824
0.001323,0.981657430346626,1.323,98.1657430346626
0.001324,0.981645740532025,1.324,98.1645740532025
0.001325,0.981634099456538,1.325,98.1634099456538
0.001326,0.981622506703345,1.326,98.1622506703345
0.001327,0.981610962573163,1.327,98.1610962573163
0.001328,0.981599467715826,1.328,98.1599467715826
0.001329,0.98158802267219,1.329,98.158802267219
0.00133,0.981576627566742,1.33,98.1576627566742
0.001331,0.981565281666096,1.331,98.1565281666096
0.001332,0.981553984102306,1.332,98.1553984102306
0.001333,0.981542734365913,1.333,98.1542734365913
0.001334,0.98153153268908,1.334,98.153153268908
0.001335,0.981520380059181,1.335,98.1520380059181
0.001336,0.981509277149414,1.336,98.1509277149414
0.001337,0.981498224561887,1.337,98.1498224561887
0.001338,0.981487222293797,1.338,98.1487222293797
0.001339,0.981476270220562,1.339,98.1476270220562
0.00134,0.981465368625703,1.34,98.1465368625703
0.001341,0.981454518164364,1.341,98.1454518164364
0.001342,0.981443720329595,1.342,98.1443720329595
0.001343,0.981432976122552,1.343,98.1432976122552
0.001344,0.981422286117931,1.344,98.1422286117931
0.001345,0.981411650209804,1.345,98.1411650209804
0.001346,0.98140106818152,1.346,98.140106818152
0.001347,0.981390540073158,1.347,98.1390540073158
0.001348,0.981380066286857,1.348,98.1380066286857
0.001349,0.981369647802754,1.349,98.1369647802754
0.00135,0.98135928563747,1.35,98.135928563747
0.001351,0.981348980578797,1.351,98.1348980578797
0.001352,0.981338732546422,1.352,98.1338732546422
0.001353,0.981328541690108,1.353,98.1328541690108
0.001354,0.981318408118223,1.354,98.1318408118223
0.001355,0.981308332720577,1.355,98.1308332720577
0.001356,0.981298316334367,1.356,98.1298316334367
0.001357,0.981288359828156,1.357,98.1288359828156
0.001358,0.981278463963673,1.358,98.1278463963673
0.001359,0.981268628569093,1.359,98.1268628569093
0.00136,0.981258853404141,1.36,98.1258853404141
0.001361,0.981249137786114,1.361,98.1249137786114
0.001362,0.981239481973628,1.362,98.1239481973628
0.001363,0.981229886141755,1.363,98.1229886141755
0.001364,0.981220350692964,1.364,98.1220350692964
0.001365,0.981210875484493,1.365,98.1210875484493
0.001366,0.981201460409181,1.366,98.1201460409181
0.001367,0.981192104989645,1.367,98.1192104989645
0.001368,0.981182808663279,1.368,98.1182808663279
0.001369,0.981173571225741,1.369,98.1173571225741
0.00137,0.981164392716046,1.37,98.1164392716046
0.001371,0.981155273774764,1.371,98.1155273774764
0.001372,0.981146214194026,1.372,98.1146214194026
0.001373,0.981137213854355,1.373,98.1137213854355
0.001374,0.981128271944594,1.374,98.1128271944594
0.001375,0.981119388137137,1.375,98.1119388137137
0.001376,0.981110561671715,1.376,98.1110561671715
0.001377,0.981101792244307,1.377,98.1101792244307
0.001378,0.981093079523117,1.378,98.1093079523117
0.001379,0.981084423489338,1.379,98.1084423489338
0.00138,0.981075823659777,1.38,98.1075823659777
0.001381,0.981067279205685,1.381,98.1067279205685
0.001382,0.981058789409202,1.382,98.1058789409202
0.001383,0.98105035369129,1.383,98.105035369129
0.001384,0.981041971997086,1.384,98.1041971997086
0.001385,0.981033643975046,1.385,98.1033643975046
0.001386,0.981025369773342,1.386,98.1025369773342
0.001387,0.98101714923437,1.387,98.101714923437
0.001388,0.981008982470916,1.388,98.1008982470916
0.001389,0.981000868933235,1.389,98.1000868933235
0.00139,0.980992808481221,1.39,98.0992808481221
0.001391,0.980984800924264,1.391,98.0984800924264
0.001392,0.980976846687141,1.392,98.0976846687141
0.001393,0.980968945785361,1.393,98.0968945785361
0.001394,0.98096109833519,1.394,98.096109833519
0.001395,0.980953304217067,1.395,98.0953304217067
0.001396,0.980945563475405,1.396,98.0945563475405
0.001397,0.980937875964572,1.397,98.0937875964572
0.001398,0.980930241586252,1.398,98.0930241586252
0.001399,0.980922660444435,1.399,98.0922660444435
0.0014,0.980915132927871,1.4,98.0915132927871
0.001401,0.980907659478352,1.401,98.0907659478352
0.001402,0.980900240261163,1.402,98.0900240261163
0.001403,0.980892875506151,1.403,98.0892875506151
0.001404,0.980885565451818,1.404,98.0885565451818
0.001405,0.980878310649783,1.405,98.0878310649783
0.001406,0.980871111530214,1.406,98.0871111530214
0.001407,0.980863968733688,1.407,98.0863968733688
0.001408,0.98085688287105,1.408,98.085688287105
0.001409,0.980849854746346,1.409,98.0849854746346
0.00141,0.980842884778379,1.41,98.0842884778379
0.001411,0.980835973345153,1.411,98.0835973345153
0.001412,0.980829120658814,1.412,98.0829120658814
0.001413,0.980822327202869,1.413,98.0822327202869
0.001414,0.980815593358028,1.414,98.0815593358028
0.001415,0.980808919522783,1.415,98.0808919522783
0.001416,0.980802305870829,1.416,98.0802305870829
0.001417,0.98079575267429,1.417,98.079575267429
0.001418,0.980789260034736,1.418,98.0789260034736
0.001419,0.980782828016963,1.419,98.0782828016963
0.00142,0.980776456622762,1.42,98.0776456622762
0.001421,0.980770146081041,1.421,98.0770146081041
0.001422,0.980763896739111,1.422,98.0763896739111
0.001423,0.980757709045573,1.423,98.0757709045573
0.001424,0.980751583290503,1.424,98.0751583290503
0.001425,0.980745519722845,1.425,98.0745519722845
0.001426,0.980739518556583,1.426,98.0739518556583
0.001427,0.980733579963877,1.427,98.0733579963877
0.001428,0.980727704006826,1.428,98.0727704006826
0.001429,0.980721890769054,1.429,98.0721890769054
0.00143,0.980716140302846,1.43,98.0716140302846
0.001431,0.980710452622876,1.431,98.0710452622876
0.001432,0.980704827574234,1.432,98.0704827574234
0.001433,0.980699264746295,1.433,98.0699264746295
0.001434,0.980693763601514,1.434,98.0693763601514
0.001435,0.980688323606225,1.435,98.0688323606225
0.001436,0.980682944186836,1.436,98.0682944186836
0.001437,0.980677624836381,1.437,98.0677624836381
0.001438,0.980672365168969,1.438,98.0672365168969
0.001439,0.980667164884285,1.439,98.0667164884285
0.00144,0.980662023768287,1.44,98.0662023768287
0.001441,0.980656941627008,1.441,98.0656941627008
0.001442,0.98065191817842,1.442,98.065191817842
0.001443,0.980646953238652,1.443,98.0646953238652
0.001444,0.98064204671191,1.444,98.064204671191
0.001445,0.98063719850525,1.445,98.063719850525
0.001446,0.98063240856724,1.446,98.063240856724
0.001447,0.980627676874163,1.447,98.0627676874163
0.001448,0.980623003277863,1.448,98.0623003277863
0.001449,0.980618387582,1.449,98.0618387582
0.00145,0.98061382939226,1.45,98.061382939226
0.001451,0.980609328106054,1.451,98.0609328106054
0.001452,0.980604883105662,1.452,98.0604883105662
0.001453,0.980600493832097,1.453,98.0600493832097
0.001454,0.980596159700896,1.454,98.0596159700896
0.001455,0.980591880290782,1.455,98.0591880290782
0.001456,0.980587655310809,1.456,98.0587655310809
0.001457,0.980583484529597,1.457,98.0583484529597
0.001458,0.98057936789233,1.458,98.057936789233
0.001459,0.980575305378296,1.459,98.0575305378296
0.00146,0.980571296951457,1.46,98.0571296951457
0.001461,0.980567342738786,1.461,98.0567342738786
0.001462,0.98056344308279,1.462,98.056344308279
0.001463,0.980559598343748,1.463,98.0559598343748
0.001464,0.980555809067995,1.464,98.0555809067995
0.001465,0.980552075772873,1.465,98.0552075772873
0.001466,0.980548398858628,1.466,98.0548398858628
0.001467,0.980544778605487,1.467,98.0544778605487
0.001468,0.980541215159355,1.468,98.0541215159355
0.001469,0.9805377083128,1.469,98.05377083128
0.00147,0.980534257866789,1.47,98.0534257866789
0.001471,0.980530863668156,1.471,98.0530863668156
0.001472,0.980527525601854,1.472,98.0527525601854
0.001473,0.980524243706058,1.473,98.0524243706058
0.001474,0.98052101812439,1.474,98.052101812439
0.001475,0.980517848910782,1.475,98.0517848910782
0.001476,0.980514736147292,1.476,98.0514736147292
0.001477,0.980511680048038,1.477,98.0511680048038
0.001478,0.980508680723338,1.478,98.0508680723338
0.001479,0.98050573848954,1.479,98.050573848954
0.00148,0.980502853897161,1.48,98.0502853897161
0.001481,0.980500027693728,1.481,98.0500027693728
0.001482,0.980497260729988,1.482,98.0497260729988
0.001483,0.980494553983742,1.483,98.0494553983742
0.001484,0.980491908062863,1.484,98.0491908062863
0.001485,0.980489323294508,1.485,98.0489323294508
0.001486,0.980486799839255,1.486,98.0486799839255
0.001487,0.980484337640003,1.487,98.0484337640003
0.001488,0.980481936517501,1.488,98.0481936517501
0.001489,0.980479596400296,1.489,98.0479596400296
0.00149,0.980477317237494,1.49,98.0477317237494
0.001491,0.980475098930023,1.491,98.0475098930023
0.001492,0.980472941522913,1.492,98.0472941522913
0.001493,0.980470844839552,1.493,98.0470844839552
0.001494,0.980468808435312,1.494,98.0468808435312
0.001495,0.980466831820217,1.495,98.0466831820217
0.001496,0.980464914691617,1.496,98.0464914691617
0.001497,0.980463056893707,1.497,98.0463056893707
0.001498,0.980461258689434,1.498,98.0461258689434
0.001499,0.98045952060232,1.499,98.045952060232
0.0015,0.980457843128646,1.5,98.0457843128646
0.001501,0.980456226804047,1.501,98.0456226804047
0.001502,0.980454672085808,1.502,98.0454672085808
0.001503,0.980453179045577,1.503,98.0453179045577
0.001504,0.98045174739006,1.504,98.045174739006
0.001505,0.980450376804477,1.505,98.0450376804477
0.001506,0.980449066942129,1.506,98.0449066942129
0.001507,0.9804478176168,1.507,98.04478176168
0.001508,0.980446628826401,1.508,98.0446628826401
0.001509,0.980445500410491,1.509,98.0445500410491
0.00151,0.98044443186268,1.51,98.044443186268
0.001511,0.980443422570519,1.511,98.0443422570519
0.001512,0.980442471795801,1.512,98.0442471795801
0.001513,0.98044157858315,1.513,98.044157858315
0.001514,0.980440742064862,1.514,98.0440742064862
0.001515,0.980439961646246,1.515,98.0439961646246
0.001516,0.980439237073217,1.516,98.0439237073217
0.001517,0.980438568555577,1.517,98.0438568555577
0.001518,0.98043795663607,1.518,98.043795663607
0.001519,0.980437401633611,1.519,98.0437401633611
0.00152,0.980436903566521,1.52,98.0436903566521
0.001521,0.980436462376146,1.521,98.0436462376146
0.001522,0.980436077933666,1.522,98.0436077933666
0.001523,0.980435750057113,1.523,98.0435750057113
0.001524,0.98043547867738,1.524,98.043547867738
0.001525,0.980435263833647,1.525,98.0435263833647
0.001526,0.980435105585974,1.526,98.0435105585974
0.001527,0.980435004171282,1.527,98.0435004171282
0.001528,0.980434959752241,1.528,98.0434959752241
0.001529,0.980434971988303,1.529,98.0434971988303
0.00153,0.980435040076125,1.53,98.0435040076125
0.001531,0.980435163116415,1.531,98.0435163116415
0.001532,0.980435340321739,1.532,98.0435340321739
0.001533,0.980435571152689,1.533,98.0435571152689
0.001534,0.980435855480171,1.534,98.0435855480171
0.001535,0.980436193383808,1.535,98.0436193383808
0.001536,0.980436585044771,1.536,98.0436585044771
0.001537,0.98043703087255,1.537,98.043703087255
0.001538,0.980437531337609,1.538,98.0437531337609
0.001539,0.980438086630202,1.539,98.0438086630202
0.00154,0.980438696642993,1.54,98.0438696642993
0.001541,0.980439361307971,1.541,98.0439361307971
0.001542,0.980440080751197,1.542,98.0440080751197
0.001543,0.980440855402635,1.543,98.0440855402635
0.001544,0.980441686017583,1.544,98.0441686017583
0.001545,0.98044257327125,1.545,98.044257327125
0.001546,0.980443517559077,1.546,98.0443517559077
0.001547,0.980444519047352,1.547,98.0444519047352
0.001548,0.980445577766058,1.548,98.0445577766058
0.001549,0.980446693422098,1.549,98.0446693422098
0.00155,0.98044786540913,1.55,98.044786540913
0.001551,0.98044909316152,1.551,98.044909316152
0.001552,0.980450376242205,1.552,98.0450376242205
0.001553,0.980451714622209,1.553,98.0451714622209
0.001554,0.98045310861247,1.554,98.045310861247
0.001555,0.980454558627678,1.555,98.0454558627678
0.001556,0.980456064833058,1.556,98.0456064833058
0.001557,0.98045762715257,1.557,98.045762715257
0.001558,0.98045924559815,1.558,98.045924559815
0.001559,0.980460920108109,1.559,98.0460920108109
0.00156,0.980462650731184,1.56,98.0462650731184
0.001561,0.980464437576275,1.561,98.0464437576275
0.001562,0.980466280960453,1.562,98.0466280960453
0.001563,0.980468181399127,1.563,98.0468181399127
0.001564,0.980470139574794,1.564,98.0470139574794
0.001565,0.980472156246852,1.565,98.0472156246852
0.001566,0.980474231685773,1.566,98.0474231685773
0.001567,0.980476365789265,1.567,98.0476365789265
0.001568,0.980478558125255,1.568,98.0478558125255
0.001569,0.98048080827529,1.569,98.048080827529
0.00157,0.980483115822687,1.57,98.0483115822687
0.001571,0.980485480465122,1.571,98.0485480465122
0.001572,0.980487902021185,1.572,98.0487902021185
0.001573,0.980490380310075,1.573,98.0490380310075
0.001574,0.980492915297524,1.574,98.0492915297524
0.001575,0.980495506952107,1.575,98.0495506952107
0.001576,0.980498155219528,1.576,98.0498155219528
0.001577,0.980500859653734,1.577,98.0500859653734
0.001578,0.980503619791248,1.578,98.0503619791248
0.001579,0.980506435127896,1.579,98.0506435127896
0.00158,0.980509305502439,1.58,98.0509305502439
0.001581,0.980512230973817,1.581,98.0512230973817
0.001582,0.980515211817575,1.582,98.0515211817575
0.001583,0.98051824842782,1.583,98.051824842782
0.001584,0.980521340954973,1.584,98.0521340954973
0.001585,0.980524489708301,1.585,98.0524489708301
0.001586,0.980527694633654,1.586,98.0527694633654
0.001587,0.980530955702303,1.587,98.0530955702303
0.001588,0.980534272446473,1.588,98.0534272446473
0.001589,0.980537644429227,1.589,98.0537644429227
0.00159,0.980541071235506,1.59,98.0541071235506
0.001591,0.980544552561742,1.591,98.0544552561742
0.001592,0.980548088365982,1.592,98.0548088365982
0.001593,0.980551678508685,1.593,98.0551678508685
0.001594,0.980555322875063,1.594,98.0555322875063
0.001595,0.980559021050816,1.595,98.0559021050816
0.001596,0.980562772689215,1.596,98.0562772689215
0.001597,0.980566577258613,1.597,98.0566577258613
0.001598,0.980570434381859,1.598,98.0570434381859
0.001599,0.980574343526553,1.599,98.0574343526553
0.0016,0.980578304490418,1.6,98.0578304490418
0.001601,0.980582317073754,1.601,98.0582317073754
0.001602,0.980586381422988,1.602,98.0586381422988
0.001603,0.980590497771749,1.603,98.0590497771749
0.001604,0.980594666317807,1.604,98.0594666317807
0.001605,0.980598887245625,1.605,98.0598887245625
0.001606,0.980603160406276,1.606,98.0603160406276
0.001607,0.980607485789946,1.607,98.0607485789946
0.001608,0.980611863139829,1.608,98.0611863139829
0.001609,0.980616292396274,1.609,98.0616292396274
0.00161,0.980620773361108,1.61,98.0620773361108
0.001611,0.980625306029315,1.611,98.0625306029315
0.001612,0.980629890286922,1.612,98.0629890286922
0.001613,0.980634526217866,1.613,98.0634526217866
0.001614,0.980639213718027,1.614,98.0639213718027
0.001615,0.980643952751,1.615,98.0643952751
0.001616,0.980648742996857,1.616,98.0648742996857
0.001617,0.980653584125833,1.617,98.0653584125833
0.001618,0.980658475792443,1.618,98.0658475792443
0.001619,0.980663417669652,1.619,98.0663417669652
0.00162,0.980668409634531,1.62,98.0668409634531
0.001621,0.980673451563734,1.621,98.0673451563734
0.001622,0.980678543536245,1.622,98.0678543536245
0.001623,0.980683685589794,1.623,98.0683685589794
0.001624,0.98068887789712,1.624,98.068887789712
0.001625,0.980694120532577,1.625,98.0694120532577
0.001626,0.980699413641386,1.626,98.0699413641386
0.001627,0.980704757124675,1.627,98.0704757124675
0.001628,0.980710151019002,1.628,98.0710151019002
0.001629,0.98071559519363,1.629,98.071559519363
0.00163,0.98072108973639,1.63,98.072108973639
0.001631,0.980726634655715,1.631,98.0726634655715
0.001632,0.980732230078883,1.632,98.0732230078883
0.001633,0.98073787604131,1.633,98.073787604131
0.001634,0.980743572574007,1.634,98.0743572574007
0.001635,0.980749319581299,1.635,98.0749319581299
0.001636,0.980755116988191,1.636,98.0755116988191
0.001637,0.980760964590407,1.637,98.0760964590407
0.001638,0.980766862179044,1.638,98.0766862179044
0.001639,0.980772809481116,1.639,98.0772809481116
0.00164,0.980778806258886,1.64,98.0778806258886
0.001641,0.980784852372585,1.641,98.0784852372585
0.001642,0.980790947722081,1.642,98.0790947722081
0.001643,0.980797092289079,1.643,98.0797092289079
0.001644,0.980803286037958,1.644,98.0803286037958
0.001645,0.980809528917363,1.645,98.0809528917363
0.001646,0.980815820815997,1.646,98.0815820815997
0.001647,0.980822161637604,1.647,98.0822161637604
0.001648,0.980828551267601,1.648,98.0828551267601
0.001649,0.980834989660991,1.649,98.0834989660991
0.00165,0.980841476712832,1.65,98.0841476712832
0.001651,0.980848012372816,1.651,98.0848012372816
0.001652,0.98085459657447,1.652,98.085459657447
0.001653,0.980861229302094,1.653,98.0861229302094
0.001654,0.980867910504555,1.654,98.0867910504555
0.001655,0.980874640127413,1.655,98.0874640127413
0.001656,0.980881418025101,1.656,98.0881418025101
0.001657,0.980888244012914,1.657,98.0888244012914
0.001658,0.980895117784604,1.658,98.0895117784604
0.001659,0.980902039060077,1.659,98.0902039060077
0.00166,0.980909007569927,1.66,98.0909007569927
0.001661,0.98091602310623,1.661,98.091602310623
0.001662,0.980923085447422,1.662,98.0923085447422
0.001663,0.980930194389736,1.663,98.0930194389736
0.001664,0.980937349718692,1.664,98.0937349718692
0.001665,0.980944551238044,1.665,98.0944551238044
0.001666,0.980951798711907,1.666,98.0951798711907
0.001667,0.980959091941609,1.667,98.0959091941609
0.001668,0.980966430729191,1.668,98.0966430729191
0.001669,0.980973814869032,1.669,98.0973814869032
0.00167,0.98098124410732,1.67,98.098124410732
0.001671,0.980988718221524,1.671,98.0988718221524
0.001672,0.980996237053657,1.672,98.0996237053657
0.001673,0.981003800516534,1.673,98.1003800516534
0.001674,0.981011408509041,1.674,98.1011408509041
0.001675,0.981019060930135,1.675,98.1019060930135
0.001676,0.981026757637722,1.676,98.1026757637722
0.001677,0.981034498423521,1.677,98.1034498423521
0.001678,0.981042283012945,1.678,98.1042283012945
0.001679,0.981050111153976,1.679,98.1050111153976
0.00168,0.981057982636614,1.68,98.1057982636614
0.001681,0.981065897257565,1.681,98.1065897257565
0.001682,0.98107385473514,1.682,98.107385473514
0.001683,0.981081854782066,1.683,98.1081854782066
0.001684,0.981089897149617,1.684,98.1089897149617
0.001685,0.981097981635144,1.685,98.1097981635144
0.001686,0.981106108044217,1.686,98.1106108044217
0.001687,0.981114276209211,1.687,98.1114276209211
0.001688,0.981122485946594,1.688,98.1122485946594
0.001689,0.981130737005528,1.689,98.1130737005528
0.00169,0.981139029053952,1.69,98.1139029053952
0.001691,0.981147361799496,1.691,98.1147361799496
0.001692,0.981155735078465,1.692,98.1155735078465
0.001693,0.981164148796079,1.693,98.1164148796079
0.001694,0.981172602821155,1.694,98.1172602821155
0.001695,0.981181096985833,1.695,98.1181096985833
0.001696,0.981189631128539,1.696,98.1189631128539
0.001697,0.98119820508827,1.697,98.119820508827
0.001698,0.981206818723462,1.698,98.1206818723462
0.001699,0.981215471923514,1.699,98.1215471923514
0.0017,0.981224164623136,1.7,98.1224164623136
0.001701,0.981232896671472,1.701,98.1232896671472
0.001702,0.981241667782174,1.702,98.1241667782174
0.001703,0.981250477602654,1.703,98.1250477602654
0.001704,0.981259325904089,1.704,98.1259325904089
0.001705,0.98126821254956,1.705,98.126821254956
0.001706,0.981277137426522,1.706,98.1277137426522
0.001707,0.981286100369149,1.707,98.1286100369149
0.001708,0.981295101174571,1.708,98.1295101174571
0.001709,0.981304139592323,1.709,98.1304139592323
0.00171,0.981313215349939,1.71,98.1313215349939
0.001711,0.981322328213201,1.711,98.1322328213201
0.001712,0.981331478067185,1.712,98.1331478067185
0.001713,0.98134066483774,1.713,98.134066483774
0.001714,0.98134988830566,1.714,98.134988830566
0.001715,0.981359148136521,1.715,98.1359148136521
0.001716,0.981368444001003,1.716,98.1368444001003
0.001717,0.981377775710538,1.717,98.1377775710538
0.001718,0.981387143165768,1.718,98.1387143165768
0.001719,0.981396546322681,1.719,98.1396546322681
0.00172,0.981405985084913,1.72,98.1405985084913
0.001721,0.981415459335791,1.721,98.1415459335791
0.001722,0.981424968827045,1.722,98.1424968827045
0.001723,0.981434513265863,1.723,98.1434513265863
0.001724,0.981444092447699,1.724,98.1444092447699
0.001725,0.981453706308167,1.725,98.1453706308167
0.001726,0.981463354752184,1.726,98.1463354752184
0.001727,0.981473037542012,1.727,98.1473037542012
0.001728,0.981482754302787,1.728,98.1482754302787
0.001729,0.981492504649701,1.729,98.1492504649701
0.00173,0.981502288330933,1.73,98.1502288330933
0.001731,0.981512105162868,1.731,98.1512105162868
0.001732,0.981521955038621,1.732,98.1521955038621
0.001733,0.981531837863383,1.733,98.1531837863383
0.001734,0.981541753457795,1.734,98.1541753457795
0.001735,0.981551701446201,1.735,98.1551701446201
0.001736,0.981561681431393,1.736,98.1561681431393
0.001737,0.98157169309022,1.737,98.157169309022
0.001738,0.981581736256048,1.738,98.1581736256048
0.001739,0.981591810792442,1.739,98.1591810792442
0.00174,0.981601916430272,1.74,98.1601916430272
0.001741,0.981612052791878,1.741,98.1612052791878
0.001742,0.981622219512539,1.742,98.1622219512539
0.001743,0.981632416295989,1.743,98.1632416295989
0.001744,0.981642642930591,1.744,98.1642642930591
0.001745,0.981652899372316,1.745,98.1652899372316
0.001746,0.981663185583895,1.746,98.1663185583895
0.001747,0.981673501427446,1.747,98.1673501427446
0.001748,0.981683846571439,1.748,98.1683846571439
0.001749,0.981694220551375,1.749,98.1694220551375
0.00175,0.981704622957116,1.75,98.1704622957116
0.001751,0.981715053557853,1.751,98.1715053557853
0.001752,0.981725512170852,1.752,98.1725512170852
0.001753,0.981735998551002,1.753,98.1735998551002
0.001754,0.981746512410268,1.754,98.1746512410268
0.001755,0.981757053381681,1.755,98.1757053381681
0.001756,0.981767621099181,1.756,98.1767621099181
0.001757,0.981778215296026,1.757,98.1778215296026
0.001758,0.981788835820707,1.758,98.1788835820707
0.001759,0.981799482582134,1.759,98.1799482582134
0.00176,0.98181015545358,1.76,98.181015545358
0.001761,0.981820854068509,1.761,98.1820854068509
0.001762,0.981831577875345,1.762,98.1831577875345
0.001763,0.981842326350997,1.763,98.1842326350997
0.001764,0.981853099091104,1.764,98.1853099091104
0.001765,0.981863895815607,1.765,98.1863895815607
0.001766,0.981874716341356,1.766,98.1874716341356
0.001767,0.981885560476126,1.767,98.1885560476126
0.001768,0.98189642793042,1.768,98.189642793042
0.001769,0.981907318406168,1.769,98.1907318406168
0.00177,0.981918231576236,1.77,98.1918231576236
0.001771,0.981929167182985,1.771,98.1929167182985
0.001772,0.981940125106233,1.772,98.1940125106233
0.001773,0.98195110522415,1.773,98.195110522415
0.001774,0.981962107248808,1.774,98.1962107248808
0.001775,0.98197313072052,1.775,98.197313072052
0.001776,0.981984175124187,1.776,98.1984175124187
0.001777,0.981995239943612,1.777,98.1995239943612
0.001778,0.982006324867296,1.778,98.2006324867296
0.001779,0.982017429733115,1.779,98.2017429733115
0.00178,0.982028554429581,1.78,98.2028554429581
0.001781,0.982039698856613,1.781,98.2039698856613
0.001782,0.982050862812496,1.782,98.2050862812496
0.001783,0.982062045973878,1.783,98.2062045973878
0.001784,0.982073247963166,1.784,98.2073247963166
0.001785,0.982084468528997,1.785,98.2084468528997
0.001786,0.982095707410657,1.786,98.2095707410657
0.001787,0.982106964341458,1.787,98.2106964341458
0.001788,0.982118238975405,1.788,98.2118238975405
0.001789,0.982129530805979,1.789,98.2129530805979
0.00179,0.982140839321539,1.79,98.2140839321539
0.001791,0.982152164084672,1.791,98.2152164084672
0.001792,0.98216350483814,1.792,98.216350483814
0.001793,0.982174861404119,1.793,98.2174861404119
0.001794,0.982186233763548,1.794,98.2186233763548
0.001795,0.982197621806496,1.795,98.2197621806496
0.001796,0.982209025252529,1.796,98.2209025252529
0.001797,0.982220443740496,1.797,98.2220443740496
0.001798,0.982231876820048,1.798,98.2231876820048
0.001799,0.982243324101115,1.799,98.2243324101115
0.0018,0.982254785215677,1.8,98.2254785215677
0.001801,0.982266259903805,1.801,98.2266259903805
0.001802,0.982277747775795,1.802,98.2277747775795
0.001803,0.982289248467281,1.803,98.2289248467281
0.001804,0.982300761618505,1.804,98.2300761618505
0.001805,0.982312286890848,1.805,98.2312286890848
0.001806,0.982323824094128,1.806,98.2323824094128
0.001807,0.982335373146588,1.807,98.2335373146588
0.001808,0.982346934045205,1.808,98.2346934045205
0.001809,0.982358506621604,1.809,98.2358506621604
0.00181,0.982370090668386,1.81,98.2370090668386
0.001811,0.982381685742256,1.811,98.2381685742256
0.001812,0.982393291360976,1.812,98.2393291360976
0.001813,0.982404907055058,1.813,98.2404907055058
0.001814,0.982416532454728,1.814,98.2416532454728
0.001815,0.982428167215081,1.815,98.2428167215081
0.001816,0.982439811039563,1.816,98.2439811039563
0.001817,0.982451463687989,1.817,98.2451463687989
0.001818,0.98246312480881,1.818,98.246312480881
0.001819,0.982474794140863,1.819,98.2474794140863
0.00182,0.982486471411376,1.82,98.2486471411376
0.001821,0.982498156470967,1.821,98.2498156470967
0.001822,0.982509849072894,1.822,98.2509849072894
0.001823,0.98252154903207,1.823,98.252154903207
0.001824,0.982533255947718,1.824,98.2533255947718
0.001825,0.982544969314007,1.825,98.2544969314007
0.001826,0.982556688587184,1.826,98.2556688587184
0.001827,0.982568413231842,1.827,98.2568413231842
0.001828,0.982580142816781,1.828,98.2580142816781
0.001829,0.982591876968345,1.829,98.2591876968345
0.00183,0.982603615521138,1.83,98.2603615521138
0.001831,0.982615358220108,1.831,98.2615358220108
0.001832,0.982627104902828,1.832,98.2627104902828
0.001833,0.982638855326608,1.833,98.2638855326608
0.001834,0.982650609285054,1.834,98.2650609285054
0.001835,0.982662366492125,1.835,98.2662366492125
0.001836,0.982674126750682,1.836,98.2674126750682
0.001837,0.982685889773963,1.837,98.2685889773963
0.001838,0.982697655208914,1.838,98.2697655208914
0.001839,0.982709422613011,1.839,98.2709422613011
0.00184,0.982721191533864,1.84,98.2721191533864
0.001841,0.982732961503809,1.841,98.2732961503809
0.001842,0.982744732103632,1.842,98.2744732103632
0.001843,0.982756503091947,1.843,98.2756503091947
0.001844,0.982768274208247,1.844,98.2768274208247
0.001845,0.982780045317398,1.845,98.2780045317398
0.001846,0.982791816199497,1.846,98.2791816199497
0.001847,0.982803586674279,1.847,98.2803586674279
0.001848,0.982815356366326,1.848,98.2815356366326
0.001849,0.982827124932836,1.849,98.2827124932836
0.00185,0.982838891957304,1.85,98.2838891957304
0.001851,0.982850657016128,1.851,98.2850657016128
0.001852,0.982862419622309,1.852,98.2862419622309
0.001853,0.982874179321924,1.853,98.2874179321924
0.001854,0.982885935586184,1.854,98.2885935586184
0.001855,0.982897687939877,1.855,98.2897687939877
0.001856,0.98290943596638,1.856,98.290943596638
0.001857,0.982921179358704,1.857,98.2921179358704
0.001858,0.982932917855417,1.858,98.2932917855417
0.001859,0.98294465123224,1.859,98.294465123224
0.00186,0.982956379343848,1.86,98.2956379343848
0.001861,0.982968101934224,1.861,98.2968101934224
0.001862,0.982979818742111,1.862,98.2979818742111
0.001863,0.982991529401797,1.863,98.2991529401797
0.001864,0.983003233537317,1.864,98.3003233537317
0.001865,0.983014930712912,1.865,98.3014930712912
0.001866,0.98302662055821,1.866,98.302662055821
0.001867,0.983038302694494,1.867,98.3038302694494
0.001868,0.983049976768188,1.868,98.3049976768188
0.001869,0.983061642389663,1.869,98.3061642389663
0.00187,0.983073299308285,1.87,98.3073299308285
0.001871,0.983084947252194,1.871,98.3084947252194
0.001872,0.983096586037508,1.872,98.3096586037508
0.001873,0.983108215461045,1.873,98.3108215461045
0.001874,0.983119835327832,1.874,98.3119835327832
0.001875,0.983131445379748,1.875,98.3131445379748
0.001876,0.983143045311593,1.876,98.3143045311593
0.001877,0.983154634750045,1.877,98.3154634750045
0.001878,0.983166213240856,1.878,98.3166213240856
0.001879,0.983177780250661,1.879,98.3177780250661
0.00188,0.983189335311623,1.88,98.3189335311623
0.001881,0.983200877969678,1.881,98.3200877969678
0.001882,0.983212407802956,1.882,98.3212407802956
0.001883,0.983223924409055,1.883,98.3223924409055
0.001884,0.983235427407443,1.884,98.3235427407443
0.001885,0.98324691647574,1.885,98.324691647574
0.001886,0.983258391320626,1.886,98.3258391320626
0.001887,0.983269851695799,1.887,98.3269851695799
0.001888,0.983281297338398,1.888,98.3281297338398
0.001889,0.983292727930141,1.889,98.3292727930141
0.00189,0.983304143151005,1.89,98.3304143151005
0.001891,0.983315542670388,1.891,98.3315542670388
0.001892,0.983326926098182,1.892,98.3326926098182
0.001893,0.983338293014417,1.893,98.3338293014417
0.001894,0.98334964297745,1.894,98.334964297745
0.001895,0.983360975617983,1.895,98.3360975617983
0.001896,0.98337229062286,1.896,98.337229062286
0.001897,0.983383587740585,1.897,98.3383587740585
0.001898,0.983394866745601,1.898,98.3394866745601
0.001899,0.983406127400284,1.899,98.3406127400284
0.0019,0.983417369478113,1.9,98.3417369478113
0.001901,0.983428592802702,1.901,98.3428592802702
0.001902,0.983439797169586,1.902,98.3439797169586
0.001903,0.983450982334459,1.903,98.3450982334459
0.001904,0.983462147977196,1.904,98.3462147977196
0.001905,0.983473293756402,1.905,98.3473293756402
0.001906,0.983484419313532,1.906,98.3484419313532
0.001907,0.983495524253651,1.907,98.3495524253651
0.001908,0.983506608143672,1.908,98.3506608143672
0.001909,0.983517670525648,1.909,98.3517670525648
0.00191,0.983528710946912,1.91,98.3528710946912
0.001911,0.9835397290439,1.911,98.35397290439
0.001912,0.983550724503741,1.912,98.3550724503741
0.001913,0.983561697028688,1.913,98.3561697028688
0.001914,0.983572646292755,1.914,98.3572646292755
0.001915,0.983583571963337,1.915,98.3583571963337
0.001916,0.983594473727377,1.916,98.3594473727377
0.001917,0.983605351272387,1.917,98.3605351272387
0.001918,0.98361620424499,1.918,98.361620424499
0.001919,0.983627032256128,1.919,98.3627032256128
0.00192,0.983637834885461,1.92,98.3637834885461
0.001921,0.9836486117432,1.921,98.36486117432
0.001922,0.983659362480284,1.922,98.3659362480284
0.001923,0.983670086757073,1.923,98.3670086757073
0.001924,0.983680784218195,1.924,98.3680784218195
0.001925,0.983691454516765,1.925,98.3691454516765
0.001926,0.983702097362243,1.926,98.3702097362243
0.001927,0.983712712544314,1.927,98.3712712544314
0.001928,0.983723299880731,1.928,98.3723299880731
0.001929,0.983733859179503,1.929,98.3733859179503
0.00193,0.983744390221928,1.93,98.3744390221928
0.001931,0.983754892772711,1.931,98.3754892772711
0.001932,0.983765366604467,1.932,98.3765366604467
0.001933,0.983775811465861,1.933,98.3775811465861
0.001934,0.983786227048852,1.934,98.3786227048852
0.001935,0.983796612985155,1.935,98.3796612985155
0.001936,0.983806968897265,1.936,98.3806968897265
0.001937,0.983817294446164,1.937,98.3817294446164
0.001938,0.983827589332531,1.938,98.3827589332531
0.001939,0.983837853247021,1.939,98.3837853247021
0.00194,0.983848085859149,1.94,98.3848085859149
0.001941,0.983858286819803,1.941,98.3858286819803
0.001942,0.983868455804385,1.942,98.3868455804385
0.001943,0.983878592515518,1.943,98.3878592515518
0.001944,0.98388869665919,1.944,98.388869665919
0.001945,0.983898767905534,1.945,98.3898767905534
0.001946,0.983908805897303,1.946,98.3908805897303
0.001947,0.983918810279268,1.947,98.3918810279268
0.001948,0.983928780717954,1.948,98.3928780717954
0.001949,0.983938716872418,1.949,98.3938716872418
0.00195,0.983948618356884,1.95,98.3948618356884
0.001951,0.983958484758117,1.951,98.3958484758117
0.001952,0.983968315670417,1.952,98.3968315670417
0.001953,0.983978110756023,1.953,98.3978110756023
0.001954,0.983987869739074,1.954,98.3987869739074
0.001955,0.983997592384782,1.955,98.3997592384782
0.001956,0.984007278450807,1.956,98.4007278450807
0.001957,0.984016927698552,1.957,98.4016927698552
0.001958,0.984026539894355,1.958,98.4026539894355
0.001959,0.984036114834356,1.959,98.4036114834356
0.00196,0.984045652294943,1.96,98.4045652294943
0.001961,0.984055152029696,1.961,98.4055152029696
0.001962,0.98406461376696,1.962,98.406461376696
0.001963,0.984074037257385,1.963,98.4074037257385
0.001964,0.984083422280171,1.964,98.4083422280171
0.001965,0.984092768625487,1.965,98.4092768625487
0.001966,0.984102076052101,1.966,98.4102076052101
0.001967,0.984111344267186,1.967,98.4111344267186
0.001968,0.984120572958129,1.968,98.4120572958129
0.001969,0.984129761819952,1.969,98.4129761819952
0.00197,0.984138910599465,1.97,98.4138910599465
0.001971,0.984148019059703,1.971,98.4148019059703
0.001972,0.984157086968266,1.972,98.4157086968266
0.001973,0.984166114067535,1.973,98.4166114067535
0.001974,0.984175100098505,1.974,98.4175100098505
0.001975,0.98418404478201,1.975,98.418404478201
0.001976,0.984192947815305,1.976,98.4192947815305
0.001977,0.984201808841405,1.977,98.4201808841405
0.001978,0.984210627477968,1.978,98.4210627477968
0.001979,0.984219403351068,1.979,98.4219403351068
0.00198,0.984228136132257,1.98,98.4228136132257
0.001981,0.984236825540962,1.981,98.4236825540962
0.001982,0.984245471315094,1.982,98.4245471315094
0.001983,0.984254073178719,1.983,98.4254073178719
0.001984,0.984262630815444,1.984,98.4262630815444
0.001985,0.984271143912433,1.985,98.4271143912433
0.001986,0.984279612166912,1.986,98.4279612166912
0.001987,0.984288035323766,1.987,98.4288035323766
0.001988,0.984296413142249,1.988,98.4296413142249
0.001989,0.984304745408195,1.989,98.4304745408195
0.00199,0.984313031928606,1.99,98.4313031928606
0.001991,0.984321272527702,1.991,98.4321272527702
0.001992,0.984329467018025,1.992,98.4329467018025
0.001993,0.984337615171056,1.993,98.4337615171056
0.001994,0.984345716732004,1.994,98.4345716732004
0.001995,0.984353771414434,1.995,98.4353771414434
0.001996,0.984361778961609,1.996,98.4361778961609
0.001997,0.984369739162121,1.997,98.4369739162121
0.001998,0.984377651861427,1.998,98.4377651861427
0.001999,0.984385516929005,1.999,98.4385516929005
0.002,0.984393334204061,2,98.4393334204061
0.002001,0.984401103492153,2.001,98.4401103492153
0.002002,0.984408824566825,2.002,98.4408824566825
0.002003,0.984416497182008,2.003,98.4416497182008
0.002004,0.984424121064601,2.004,98.4424121064601
0.002005,0.984431695946905,2.005,98.4431695946905
0.002006,0.984439221587598,2.006,98.4439221587598
0.002007,0.984446697759688,2.007,98.4446697759688
0.002008,0.984454124260589,2.008,98.4454124260589
0.002009,0.984461500860333,2.009,98.4461500860333
0.00201,0.984468827306684,2.01,98.4468827306684
0.002011,0.98447610329568,2.011,98.447610329568
0.002012,0.984483328477305,2.012,98.4483328477305
0.002013,0.984490502515322,2.013,98.4490502515322
0.002014,0.984497625117916,2.014,98.4497625117916
0.002015,0.984504696058196,2.015,98.4504696058196
0.002016,0.984511715119664,2.016,98.4511715119664
0.002017,0.984518682127356,2.017,98.4518682127356
0.002018,0.984525596884353,2.018,98.4525596884353
0.002019,0.984532459179034,2.019,98.4532459179034
0.00202,0.984539268759215,2.02,98.4539268759215
0.002021,0.984546025332559,2.021,98.4546025332559
0.002022,0.984552728635869,2.022,98.4552728635869
0.002023,0.98455937841553,2.023,98.455937841553
0.002024,0.984565974477002,2.024,98.4565974477002
0.002025,0.98457251665194,2.025,98.457251665194
0.002026,0.984579004843256,2.026,98.4579004843256
0.002027,0.984585438917752,2.027,98.4585438917752
0.002028,0.984591818709947,2.028,98.4591818709947
0.002029,0.984598144019112,2.029,98.4598144019112
0.00203,0.984604414618398,2.03,98.4604414618398
0.002031,0.98461063031737,2.031,98.461063031737
0.002032,0.984616790918604,2.032,98.4616790918604
0.002033,0.984622896285632,2.033,98.4622896285632
0.002034,0.984628946298826,2.034,98.4628946298826
0.002035,0.984634940891408,2.035,98.4634940891408
0.002036,0.984640879930051,2.036,98.4640879930051
0.002037,0.984646763261425,2.037,98.4646763261425
0.002038,0.984652590686736,2.038,98.4652590686736
0.002039,0.984658361955142,2.039,98.4658361955142
0.00204,0.984664076806541,2.04,98.4664076806541
0.002041,0.984669734978264,2.041,98.4669734978264
0.002042,0.984675336285914,2.042,98.4675336285914
0.002043,0.984680880566781,2.043,98.4680880566781
0.002044,0.984686367708664,2.044,98.4686367708664
0.002045,0.984691797530074,2.045,98.4691797530074
0.002046,0.984697169869236,2.046,98.4697169869236
0.002047,0.984702484510243,2.047,98.4702484510243
0.002048,0.984707741206112,2.048,98.4707741206112
0.002049,0.984712939688807,2.049,98.4712939688807
0.00205,0.984718079726177,2.05,98.4718079726177
0.002051,0.984723161134742,2.051,98.4723161134742
0.002052,0.98472818374842,2.052,98.472818374842
0.002053,0.98473314745937,2.053,98.473314745937
0.002054,0.984738052124887,2.054,98.4738052124887
0.002055,0.984742897642487,2.055,98.4742897642487
0.002056,0.984747683825357,2.056,98.4747683825357
0.002057,0.984752410466639,2.057,98.4752410466639
0.002058,0.984757077317999,2.058,98.4757077317999
0.002059,0.984761684211162,2.059,98.4761684211162
0.00206,0.984766230988379,2.06,98.4766230988379
0.002061,0.984770717544486,2.061,98.4770717544486
0.002062,0.984775143824907,2.062,98.4775143824907
0.002063,0.984779509780401,2.063,98.4779509780401
0.002064,0.984783815366447,2.064,98.4783815366447
0.002065,0.984788060474765,2.065,98.4788060474765
0.002066,0.984792244983062,2.066,98.4792244983062
0.002067,0.98479636872426,2.067,98.479636872426
0.002068,0.984800431586701,2.068,98.4800431586701
0.002069,0.984804433416002,2.069,98.4804433416002
0.00207,0.984808374118008,2.07,98.4808374118008
0.002071,0.984812253625341,2.071,98.4812253625341
0.002072,0.984816071923112,2.072,98.4816071923112
0.002073,0.984819828939203,2.073,98.4819828939203
0.002074,0.984823524594167,2.074,98.4823524594167
0.002075,0.984827158746939,2.075,98.4827158746939
0.002076,0.984830731235069,2.076,98.4830731235069
0.002077,0.984834241885242,2.077,98.4834241885242
0.002078,0.984837690523897,2.078,98.4837690523897
0.002079,0.984841077023164,2.079,98.4841077023164
0.00208,0.984844401301945,2.08,98.4844401301945
0.002081,0.984847663329865,2.081,98.4847663329865
0.002082,0.984850863014495,2.082,98.4850863014495
0.002083,0.984854000288267,2.083,98.4854000288267
0.002084,0.98485707503721,2.084,98.485707503721
0.002085,0.984860087141523,2.085,98.4860087141523
0.002086,0.984863036428476,2.086,98.4863036428476
0.002087,0.98486592275636,2.087,98.486592275636
0.002088,0.984868745977615,2.088,98.4868745977615
0.002089,0.984871506012175,2.089,98.4871506012175
0.00209,0.984874202795603,2.09,98.4874202795603
0.002091,0.984876836289713,2.091,98.4876836289713
0.002092,0.984879406444227,2.092,98.4879406444227
0.002093,0.984881913234481,2.093,98.4881913234481
0.002094,0.984884356566133,2.094,98.4884356566133
0.002095,0.98488673631121,2.095,98.488673631121
0.002096,0.984889052350096,2.096,98.4889052350096
0.002097,0.984891304593414,2.097,98.4891304593414
0.002098,0.984893492996029,2.098,98.4893492996029
0.002099,0.984895617540054,2.099,98.4895617540054
0.0021,0.984897678246404,2.1,98.4897678246404
0.002101,0.984899675119151,2.101,98.4899675119151
0.002102,0.984901608180706,2.102,98.4901608180706
0.002103,0.984903477416901,2.103,98.4903477416901
0.002104,0.98490528278022,2.104,98.490528278022
0.002105,0.984907024213673,2.105,98.4907024213673
0.002106,0.984908701676968,2.106,98.4908701676968
0.002107,0.984910315097554,2.107,98.4910315097554
0.002108,0.984911864429257,2.108,98.4911864429257
0.002109,0.984913349646221,2.109,98.4913349646221
0.00211,0.984914770776346,2.11,98.4914770776346
0.002111,0.984916127826468,2.111,98.4916127826468
0.002112,0.984917420809484,2.112,98.4917420809484
0.002113,0.984918649675739,2.113,98.4918649675739
0.002114,0.984919814346517,2.114,98.4919814346517
0.002115,0.984920914744634,2.115,98.4920914744634
0.002116,0.984921950803204,2.116,98.4921950803204
0.002117,0.984922922466507,2.117,98.4922922466507
0.002118,0.984923829733008,2.118,98.4923829733008
0.002119,0.984924672618428,2.119,98.4924672618428
0.00212,0.984925451137534,2.12,98.4925451137534
0.002121,0.984926165275926,2.121,98.4926165275926
0.002122,0.984926815036855,2.122,98.4926815036855
0.002123,0.984927400404565,2.123,98.4927400404565
0.002124,0.984927921349327,2.124,98.4927921349327
0.002125,0.984928377832252,2.125,98.4928377832252
0.002126,0.984928769781513,2.126,98.4928769781513
0.002127,0.984929097130731,2.127,98.4929097130731
0.002128,0.984929359857709,2.128,98.4929359857709
0.002129,0.984929557972464,2.129,98.4929557972464
0.00213,0.984929691505881,2.13,98.4929691505881
0.002131,0.984929760492598,2.131,98.4929760492598
0.002132,0.984929764963279,2.132,98.4929764963279
0.002133,0.984929704904235,2.133,98.4929704904235
0.002134,0.984929580279371,2.134,98.4929580279371
0.002135,0.984929391086132,2.135,98.4929391086132
0.002136,0.984929137339822,2.136,98.4929137339822
0.002137,0.984928819091359,2.137,98.4928819091359
0.002138,0.984928436410577,2.138,98.4928436410577
0.002139,0.984927989352987,2.139,98.4927989352987
0.00214,0.984927477966866,2.14,98.4927477966866
0.002141,0.984926902308834,2.141,98.4926902308834
0.002142,0.984926262446201,2.142,98.4926262446201
0.002143,0.984925558428287,2.143,98.4925558428287
0.002144,0.98492479027709,2.144,98.492479027709
0.002145,0.984923958007122,2.145,98.4923958007122
0.002146,0.984923061593437,2.146,98.4923061593437
0.002147,0.984922101016435,2.147,98.4922101016435
0.002148,0.984921076300323,2.148,98.4921076300323
0.002149,0.984919987502908,2.149,98.4919987502908
0.00215,0.98491883470539,2.15,98.491883470539
0.002151,0.984917617983136,2.151,98.4917617983136
0.002152,0.984916337381944,2.152,98.4916337381944
0.002153,0.984914992918024,2.153,98.4914992918024
0.002154,0.984913584604517,2.154,98.4913584604517
0.002155,0.984912112495767,2.155,98.4912112495767
0.002156,0.984910576654856,2.156,98.4910576654856
0.002157,0.984908977149405,2.157,98.4908977149405
0.002158,0.984907314052719,2.158,98.4907314052719
0.002159,0.984905587413695,2.159,98.4905587413695
0.00216,0.984903797270679,2.16,98.4903797270679
0.002161,0.984901943676823,2.161,98.4901943676823
0.002162,0.984900026700428,2.162,98.4900026700428
0.002163,0.984898046408079,2.163,98.4898046408079
0.002164,0.984896002839549,2.164,98.4896002839549
0.002165,0.984893896012414,2.165,98.4893896012414
0.002166,0.984891725921496,2.166,98.4891725921496
0.002167,0.984889492569238,2.167,98.4889492569238
0.002168,0.984887196018298,2.168,98.4887196018298
0.002169,0.984884836372191,2.169,98.4884836372191
0.00217,0.984882413747745,2.17,98.4882413747745
0.002171,0.984879928261421,2.171,98.4879928261421
0.002172,0.984877380009079,2.172,98.4877380009079
0.002173,0.984874769067077,2.173,98.4874769067077
0.002174,0.984872095517884,2.174,98.4872095517884
0.002175,0.984869359473002,2.175,98.4869359473002
0.002176,0.984866561069416,2.176,98.4866561069416
0.002177,0.984863700431771,2.177,98.4863700431771
0.002178,0.98486077767103,2.178,98.486077767103
0.002179,0.984857792875223,2.179,98.4857792875223
0.00218,0.984854746113983,2.18,98.4854746113983
0.002181,0.984851637478338,2.181,98.4851637478338
0.002182,0.984848467086895,2.182,98.4848467086895
0.002183,0.984845235058909,2.183,98.4845235058909
0.002184,0.984841941494101,2.184,98.4841941494101
0.002185,0.984838586465591,2.185,98.4838586465591
0.002186,0.984835170033446,2.186,98.4835170033446
0.002187,0.984831692263137,2.187,98.4831692263137
0.002188,0.984828153256784,2.188,98.4828153256784
0.002189,0.984824553170994,2.189,98.4824553170994
0.00219,0.984820892176766,2.19,98.4820892176766
0.002191,0.984817170439103,2.191,98.4817170439103
0.002192,0.984813388099695,2.192,98.4813388099695
0.002193,0.984809545279172,2.193,98.4809545279172
0.002194,0.984805642091546,2.194,98.4805642091546
0.002195,0.984801678678312,2.195,98.4801678678312
0.002196,0.984797655200136,2.196,98.4797655200136
0.002197,0.984793571815234,2.197,98.4793571815234
0.002198,0.984789428649937,2.198,98.4789428649937
0.002199,0.984785225807635,2.199,98.4785225807635
0.0022,0.984780963377715,2.2,98.4780963377715
0.002201,0.984776641455728,2.201,98.4776641455728
0.002202,0.984772260167199,2.202,98.4772260167199
0.002203,0.984767819663428,2.203,98.4767819663428
0.002204,0.984763320091637,2.204,98.4763320091637
0.002205,0.984758761582139,2.205,98.4758761582139
0.002206,0.984754144250761,2.206,98.4754144250761
0.002207,0.984749468212325,2.207,98.4749468212325
0.002208,0.984744733610547,2.208,98.4744733610547
0.002209,0.984739940629682,2.209,98.4739940629682
0.00221,0.984735089498399,2.21,98.4735089498399
0.002211,0.984730180439948,2.211,98.4730180439948
0.002212,0.984725213659351,2.212,98.4725213659351
0.002213,0.984720189331804,2.213,98.4720189331804
0.002214,0.984715107623773,2.214,98.4715107623773
0.002215,0.984709968706075,2.215,98.4709968706075
0.002216,0.984704772771851,2.216,98.4704772771851
0.002217,0.984699520025263,2.217,98.4699520025263
0.002218,0.984694210653658,2.218,98.4694210653658
0.002219,0.984688844819615,2.219,98.4688844819615
0.00222,0.98468342266295,2.22,98.468342266295
0.002221,0.98467794432425,2.221,98.467794432425
0.002222,0.984672409957891,2.222,98.4672409957891
0.002223,0.98466681974951,2.223,98.466681974951
0.002224,0.984661173910515,2.224,98.4661173910515
0.002225,0.984655472650564,2.225,98.4655472650564
0.002226,0.984649716163054,2.226,98.4649716163054
0.002227,0.984643904627358,2.227,98.4643904627358
0.002228,0.984638038225385,2.228,98.4638038225385
0.002229,0.98463211716973,2.229,98.463211716973
0.00223,0.984626141703538,2.23,98.4626141703538
0.002231,0.984620112099188,2.231,98.4620112099188
0.002232,0.984614028611637,2.232,98.4614028611637
0.002233,0.984607891472943,2.233,98.4607891472943
0.002234,0.984601700884372,2.234,98.4601700884372
0.002235,0.984595457039581,2.235,98.4595457039581
0.002236,0.984589160136328,2.236,98.4589160136328
0.002237,0.984582810378496,2.237,98.4582810378496
0.002238,0.984576407986513,2.238,98.4576407986513
0.002239,0.984569953162157,2.239,98.4569953162157
0.00224,0.984563446103421,2.24,98.4563446103421
0.002241,0.984556886978369,2.241,98.4556886978369
0.002242,0.984550275964857,2.242,98.4550275964857
0.002243,0.984543613253116,2.243,98.4543613253116
0.002244,0.984536899070645,2.244,98.4536899070645
0.002245,0.984530133677499,2.245,98.4530133677499
0.002246,0.98452331733078,2.246,98.452331733078
0.002247,0.984516450282619,2.247,98.4516450282619
0.002248,0.9845095327559,2.248,98.45095327559
0.002249,0.984502564993577,2.249,98.4502564993577
0.00225,0.984495547243424,2.25,98.4495547243424
0.002251,0.984488479788354,2.251,98.4488479788354
0.002252,0.984481362914603,2.252,98.4481362914603
0.002253,0.984474196905511,2.253,98.4474196905511
0.002254,0.9844669820301,2.254,98.44669820301
0.002255,0.984459718527747,2.255,98.4459718527747
0.002256,0.984452406632921,2.256,98.4452406632921
0.002257,0.984445046558174,2.257,98.4445046558174
0.002258,0.984437638540718,2.258,98.4437638540718
0.002259,0.984430182817377,2.259,98.4430182817377
0.00226,0.984422679646352,2.26,98.4422679646352
0.002261,0.984415129262707,2.261,98.4415129262707
0.002262,0.984407531888695,2.262,98.4407531888695
0.002263,0.984399887742641,2.263,98.4399887742641
0.002264,0.984392197057358,2.264,98.4392197057358
0.002265,0.984384460108444,2.265,98.4384460108444
0.002266,0.984376677183286,2.266,98.4376677183286
0.002267,0.984368848592006,2.267,98.4368848592006
0.002268,0.984360974618568,2.268,98.4360974618568
0.002269,0.984353055556522,2.269,98.4353055556522
0.00227,0.984345091678351,2.27,98.4345091678351
0.002271,0.984337083269552,2.271,98.4337083269552
0.002272,0.984329030608088,2.272,98.4329030608088
0.002273,0.984320933980146,2.273,98.4320933980146
0.002274,0.984312793681537,2.274,98.4312793681537
0.002275,0.984304609996428,2.275,98.4304609996428
0.002276,0.984296383200962,2.276,98.4296383200962
0.002277,0.984288113530532,2.277,98.4288113530532
0.002278,0.984279801227758,2.278,98.4279801227758
0.002279,0.984271446523476,2.279,98.4271446523476
0.00228,0.984263049690142,2.28,98.4263049690142
0.002281,0.984254610993198,2.281,98.4254610993198
0.002282,0.98424613070671,2.282,98.424613070671
0.002283,0.984237609082914,2.283,98.4237609082914
0.002284,0.984229046376787,2.284,98.4229046376787
0.002285,0.984220442855935,2.285,98.4220442855935
0.002286,0.984211798803478,2.286,98.4211798803478
0.002287,0.984203114524869,2.287,98.4203114524869
0.002288,0.984194390323457,2.288,98.4194390323457
0.002289,0.984185626531111,2.289,98.4185626531111
0.00229,0.984176823464976,2.29,98.4176823464976
0.002291,0.984167981454956,2.291,98.4167981454956
0.002292,0.984159100796481,2.292,98.4159100796481
0.002293,0.984150181788723,2.293,98.4150181788723
0.002294,0.984141224716412,2.294,98.4141224716412
0.002295,0.984132229888812,2.295,98.4132229888812
0.002296,0.984123197605747,2.296,98.4123197605747
0.002297,0.984114128161202,2.297,98.4114128161202
0.002298,0.984105021825306,2.298,98.4105021825306
0.002299,0.98409587885313,2.299,98.409587885313
0.0023,0.984086699514391,2.3,98.4086699514391
0.002301,0.984077484088583,2.301,98.4077484088583
0.002302,0.984068232875189,2.302,98.4068232875189
0.002303,0.984058946163249,2.303,98.4058946163249
0.002304,0.984049624258626,2.304,98.4049624258626
0.002305,0.984040267454388,2.305,98.4040267454388
0.002306,0.984030876068928,2.306,98.4030876068928
0.002307,0.984021450403204,2.307,98.4021450403204
0.002308,0.984011990770654,2.308,98.4011990770654
0.002309,0.984002497478066,2.309,98.4002497478066
0.00231,0.983992970860543,2.31,98.3992970860543
0.002311,0.983983411253891,2.311,98.3983411253891
0.002312,0.983973819007242,2.312,98.3973819007242
0.002313,0.983964194448832,2.313,98.3964194448832
0.002314,0.983954537891152,2.314,98.3954537891152
0.002315,0.983944849643676,2.315,98.3944849643676
0.002316,0.983935130019313,2.316,98.3935130019313
0.002317,0.983925379336373,2.317,98.3925379336373
0.002318,0.983915597897793,2.318,98.3915597897793
0.002319,0.983905785995358,2.319,98.3905785995358
0.00232,0.983895943900026,2.32,98.3895943900026
0.002321,0.983886071901281,2.321,98.3886071901281
0.002322,0.98387617028336,2.322,98.387617028336
0.002323,0.983866239346261,2.323,98.3866239346261
0.002324,0.983856279387125,2.324,98.3856279387125
0.002325,0.983846290725362,2.325,98.3846290725362
0.002326,0.983836273680643,2.326,98.3836273680643
0.002327,0.983826228601379,2.327,98.3826228601379
0.002328,0.983816155823993,2.328,98.3816155823993
0.002329,0.983806055685032,2.329,98.3806055685032
0.00233,0.983795928505325,2.33,98.3795928505325
0.002331,0.983785774616002,2.331,98.3785774616002
0.002332,0.983775594352656,2.332,98.3775594352656
0.002333,0.983765388065881,2.333,98.3765388065881
0.002334,0.983755156092291,2.334,98.3755156092291
0.002335,0.983744898756122,2.335,98.3744898756122
0.002336,0.983734616383992,2.336,98.3734616383992
0.002337,0.983724309307763,2.337,98.3724309307763
0.002338,0.983713977860861,2.338,98.3713977860861
0.002339,0.983703622376179,2.339,98.3703622376179
0.00234,0.983693243176534,2.34,98.3693243176534
0.002341,0.983682840572404,2.341,98.3682840572404
0.002342,0.983672414876017,2.342,98.3672414876017
0.002343,0.983661966396674,2.343,98.3661966396674
0.002344,0.983651495447127,2.344,98.3651495447127
0.002345,0.983641002336455,2.345,98.3641002336455
0.002346,0.983630487380409,2.346,98.3630487380409
0.002347,0.983619950899281,2.347,98.3619950899281
0.002348,0.983609393249698,2.348,98.3609393249698
0.002349,0.983598814796458,2.349,98.3598814796458
0.00235,0.983588215904286,2.35,98.3588215904286
0.002351,0.983577596931276,2.351,98.3577596931276
0.002352,0.983566958237929,2.352,98.3566958237929
0.002353,0.983556300181374,2.353,98.3556300181374
0.002354,0.98354562312399,2.354,98.354562312399
0.002355,0.983534927417085,2.355,98.3534927417085
0.002356,0.983524213402736,2.356,98.3524213402736
0.002357,0.983513481410083,2.357,98.3513481410083
0.002358,0.9835027317719,2.358,98.35027317719
0.002359,0.983491964815306,2.359,98.3491964815306
0.00236,0.983481180885481,2.36,98.3481180885481
0.002361,0.983470380326381,2.361,98.3470380326381
0.002362,0.983459563473236,2.362,98.3459563473236
0.002363,0.983448730664569,2.363,98.3448730664569
0.002364,0.983437882248632,2.364,98.3437882248632
0.002365,0.983427018571093,2.365,98.3427018571093
0.002366,0.983416139969101,2.366,98.3416139969101
0.002367,0.983405246769154,2.367,98.3405246769154
0.002368,0.983394339297149,2.368,98.3394339297149
0.002369,0.983383417884047,2.369,98.3383417884047
0.00237,0.983372482880437,2.37,98.3372482880437
0.002371,0.98336153463953,2.371,98.336153463953
0.002372,0.98335057352535,2.372,98.335057352535
0.002373,0.983339599911598,2.373,98.3339599911598
0.002374,0.983328614165781,2.374,98.3328614165781
0.002375,0.983317616662179,2.375,98.3317616662179
0.002376,0.983306607783369,2.376,98.3306607783369
0.002377,0.983295587905734,2.377,98.3295587905734
0.002378,0.983284557387234,2.378,98.3284557387234
0.002379,0.983273516571676,2.379,98.3273516571676
0.00238,0.983262465801067,2.38,98.3262465801067
0.002381,0.983251405409791,2.381,98.3251405409791
0.002382,0.983240335733623,2.382,98.3240335733623
0.002383,0.983229257103002,2.383,98.3229257103002
0.002384,0.983218169846243,2.384,98.3218169846243
0.002385,0.983207074312316,2.385,98.3207074312316
0.002386,0.983195970857137,2.386,98.3195970857137
0.002387,0.983184859841414,2.387,98.3184859841414
0.002388,0.983173741633939,2.388,98.3173741633939
0.002389,0.983162616602084,2.389,98.3162616602084
0.00239,0.983151485102446,2.39,98.3151485102446
0.002391,0.983140347481736,2.391,98.3140347481736
0.002392,0.983129204095353,2.392,98.3129204095353
0.002393,0.983118055299198,2.393,98.3118055299198
0.002394,0.983106901445769,2.394,98.3106901445769
0.002395,0.983095742892509,2.395,98.3095742892509
0.002396,0.983084579995471,2.396,98.3084579995471
0.002397,0.983073413125679,2.397,98.3073413125679
0.002398,0.983062242666927,2.398,98.3062242666927
0.002399,0.983051068996567,2.399,98.3051068996567
0.0024,0.98303989249,2.4,98.303989249
0.002401,0.983028713522755,2.401,98.3028713522755
0.002402,0.983017532466557,2.402,98.3017532466557
0.002403,0.983006349677404,2.403,98.3006349677404
0.002404,0.982995165503968,2.404,98.2995165503968
0.002405,0.98298398029313,2.405,98.298398029313
0.002406,0.982972794376494,2.406,98.2972794376494
0.002407,0.982961608081865,2.407,98.2961608081865
0.002408,0.982950421743687,2.408,98.2950421743687
0.002409,0.982939235703443,2.409,98.2939235703443
0.00241,0.982928050321833,2.41,98.2928050321833
0.002411,0.982916865966637,2.411,98.2916865966637
0.002412,0.982905683005751,2.412,98.2905683005751
0.002413,0.982894501813824,2.413,98.2894501813824
0.002414,0.982883322772461,2.414,98.2883322772461
0.002415,0.9828721462571,2.415,98.28721462571
0.002416,0.982860972626253,2.416,98.2860972626253
0.002417,0.982849802234673,2.417,98.2849802234673
0.002418,0.982838635437031,2.418,98.2838635437031
0.002419,0.982827472577249,2.419,98.2827472577249
0.00242,0.982816314003568,2.42,98.2816314003568
0.002421,0.982805160069881,2.421,98.2805160069881
0.002422,0.982794011131686,2.422,98.2794011131686
0.002423,0.982782867552458,2.423,98.2782867552458
0.002424,0.982771729692555,2.424,98.2771729692555
0.002425,0.982760597912067,2.425,98.2760597912067
0.002426,0.982749472573543,2.426,98.2749472573543
0.002427,0.98273835404163,2.427,98.273835404163
0.002428,0.982727242669943,2.428,98.2727242669943
0.002429,0.982716138795531,2.429,98.2716138795531
0.00243,0.982705042756047,2.43,98.2705042756047
0.002431,0.982693954887217,2.431,98.2693954887217
0.002432,0.982682875511025,2.432,98.2682875511025
0.002433,0.982671804952908,2.433,98.2671804952908
0.002434,0.98266074354269,2.434,98.266074354269
0.002435,0.982649691621335,2.435,98.2649691621335
0.002436,0.982638649541831,2.436,98.2638649541831
0.002437,0.982627617668027,2.437,98.2627617668027
0.002438,0.982616596368661,2.438,98.2616596368661
0.002439,0.982605586014566,2.439,98.2605586014566
0.00244,0.982594586975105,2.44,98.2594586975105
0.002441,0.982583599604654,2.441,98.2583599604654
0.002442,0.982572624243181,2.442,98.2572624243181
0.002443,0.982561661228747,2.443,98.2561661228747
0.002444,0.982550710899879,2.444,98.2550710899879
0.002445,0.982539773581946,2.445,98.2539773581946
0.002446,0.982528849603081,2.446,98.2528849603081
0.002447,0.982517939297762,2.447,98.2517939297762
0.002448,0.98250704300344,2.448,98.250704300344
0.002449,0.982496161060958,2.449,98.2496161060958
0.00245,0.9824852938109,2.45,98.24852938109
0.002451,0.982474441595743,2.451,98.2474441595743
0.002452,0.982463604760067,2.452,98.2463604760067
0.002453,0.982452783651062,2.453,98.2452783651062
0.002454,0.982441978616,2.454,98.2441978616
0.002455,0.982431189987514,2.455,98.2431189987514
0.002456,0.982420418099773,2.456,98.2420418099773
0.002457,0.982409663277731,2.457,98.2409663277731
0.002458,0.982398925835061,2.458,98.2398925835061
0.002459,0.982388206080565,2.459,98.2388206080565
0.00246,0.982377504333513,2.46,98.2377504333513
0.002461,0.982366820925595,2.461,98.2366820925595
0.002462,0.982356156193223,2.462,98.2356156193223
0.002463,0.982345510486725,2.463,98.2345510486725
0.002464,0.982334884155482,2.464,98.2334884155482
0.002465,0.982324277554124,2.465,98.2324277554124
0.002466,0.982313691024932,2.466,98.2313691024932
0.002467,0.982303124905463,2.467,98.2303124905463
0.002468,0.982292579513872,2.468,98.2292579513872
0.002469,0.982282055161564,2.469,98.2282055161564
0.00247,0.982271552162964,2.47,98.2271552162964
0.002471,0.982261070823757,2.471,98.2261070823757
0.002472,0.982250611452025,2.472,98.2250611452025
0.002473,0.982240174353695,2.473,98.2240174353695
0.002474,0.982229759843262,2.474,98.2229759843262
0.002475,0.982219368225418,2.475,98.2219368225418
0.002476,0.982208999808222,2.476,98.2208999808222
0.002477,0.98219865490373,2.477,98.219865490373
0.002478,0.982188333831198,2.478,98.2188333831198
0.002479,0.9821780369157,2.479,98.21780369157
0.00248,0.982167764481641,2.48,98.2167764481641
0.002481,0.982157516852051,2.481,98.2157516852051
0.002482,0.982147294332785,2.482,98.2147294332785
0.002483,0.982137097227882,2.483,98.2137097227882
0.002484,0.982126925826531,2.484,98.2126925826531
0.002485,0.98211678041205,2.485,98.211678041205
0.002486,0.982106661265941,2.486,98.2106661265941
0.002487,0.982096568681174,2.487,98.2096568681174
0.002488,0.982086502961275,2.488,98.2086502961275
0.002489,0.982076464412884,2.489,98.2076464412884
0.00249,0.982066453354413,2.49,98.2066453354413
0.002491,0.982056470100989,2.491,98.2056470100989
0.002492,0.982046514966278,2.492,98.2046514966278
0.002493,0.982036588246867,2.493,98.2036588246867
0.002494,0.982026690236893,2.494,98.2026690236893
0.002495,0.982016821218158,2.495,98.2016821218158
0.002496,0.982006981474435,2.496,98.2006981474435
0.002497,0.981997171292025,2.497,98.1997171292025
0.002498,0.981987390955648,2.498,98.1987390955648
0.002499,0.981977640748743,2.499,98.1977640748743
0.0025,0.981967920947129,2.5,98.1967920947129
0.002501,0.981958231832296,2.501,98.1958231832296
0.002502,0.981948573675657,2.502,98.1948573675657
0.002503,0.981938946759355,2.503,98.1938946759355
0.002504,0.981929351368926,2.504,98.1929351368926
0.002505,0.98191978780642,2.505,98.191978780642
0.002506,0.981910256371842,2.506,98.1910256371842
0.002507,0.981900757368871,2.507,98.1900757368871
0.002508,0.981891291095394,2.508,98.1891291095394
0.002509,0.981881857837441,2.509,98.1881857837441
0.00251,0.981872457872083,2.51,98.1872457872083
0.002511,0.981863091461571,2.511,98.1863091461571
0.002512,0.98185375886712,2.512,98.185375886712
0.002513,0.981844460341397,2.513,98.1844460341397
0.002514,0.981835196153911,2.514,98.1835196153911
0.002515,0.981825966577728,2.515,98.1825966577728
0.002516,0.981816771900603,2.516,98.1816771900603
0.002517,0.98180761240476,2.517,98.180761240476
0.002518,0.98179848837606,2.518,98.179848837606
0.002519,0.981789400086278,2.519,98.1789400086278
0.00252,0.981780347799252,2.52,98.1780347799252
0.002521,0.981771331774311,2.521,98.1771331774311
0.002522,0.981762352271447,2.522,98.1762352271447
0.002523,0.98175340955543,2.523,98.175340955543
0.002524,0.98174450388576,2.524,98.174450388576
0.002525,0.981735635525298,2.525,98.1735635525298
0.002526,0.981726804722334,2.526,98.1726804722334
0.002527,0.9817180117264,2.527,98.17180117264
0.002528,0.981709256774962,2.528,98.1709256774962
0.002529,0.981700540114159,2.529,98.1700540114159
0.00253,0.981691861982894,2.53,98.1691861982894
0.002531,0.981683222631656,2.531,98.1683222631656
0.002532,0.981674622313377,2.532,98.1674622313377
0.002533,0.981666061292105,2.533,98.1666061292105
0.002534,0.981657539831331,2.534,98.1657539831331
0.002535,0.98164905819398,2.535,98.164905819398
0.002536,0.981640616633952,2.536,98.1640616633952
0.002537,0.981632215387004,2.537,98.1632215387004
0.002538,0.981623854676184,2.538,98.1623854676184
0.002539,0.981615534712953,2.539,98.1615534712953
0.00254,0.981607255716585,2.54,98.1607255716585
0.002541,0.981599017909093,2.541,98.1599017909093
0.002542,0.981590821529132,2.542,98.1590821529132
0.002543,0.981582666812977,2.543,98.1582666812977
0.002544,0.981574554001491,2.544,98.1574554001491
0.002545,0.981566483321735,2.545,98.1566483321735
0.002546,0.981558455003516,2.546,98.1558455003516
0.002547,0.981550469268187,2.547,98.1550469268187
0.002548,0.981542526342064,2.548,98.1542526342064
0.002549,0.981534626447915,2.549,98.1534626447915
0.00255,0.981526769813518,2.55,98.1526769813518
0.002551,0.981518956662673,2.551,98.1518956662673
0.002552,0.98151118721971,2.552,98.151118721971
0.002553,0.981503461707131,2.553,98.1503461707131
0.002554,0.981495780344528,2.554,98.1495780344528
0.002555,0.981488143345714,2.555,98.1488143345714
0.002556,0.981480550914499,2.556,98.1480550914499
0.002557,0.98147300325129,2.557,98.147300325129
0.002558,0.981465500555893,2.558,98.1465500555893
0.002559,0.981458043041264,2.559,98.1458043041264
0.00256,0.981450630930253,2.56,98.1450630930253
0.002561,0.981443264459691,2.561,98.1443264459691
0.002562,0.981435943859259,2.562,98.1435943859259
0.002563,0.981428669352205,2.563,98.1428669352205
0.002564,0.981421441142318,2.564,98.1421441142318
0.002565,0.981414259426461,2.565,98.1414259426461
0.002566,0.981407124391471,2.566,98.1407124391471
0.002567,0.981400036230816,2.567,98.1400036230816
0.002568,0.981392995137437,2.568,98.1392995137437
0.002569,0.981386001310577,2.569,98.1386001310577
0.00257,0.981379054946369,2.57,98.1379054946369
0.002571,0.981372156242778,2.571,98.1372156242778
0.002572,0.981365305395329,2.572,98.1365305395329
0.002573,0.981358502601999,2.573,98.1358502601999
0.002574,0.981351748055662,2.574,98.1351748055662
0.002575,0.981345041946576,2.575,98.1345041946576
0.002576,0.981338384456652,2.576,98.1338384456652
0.002577,0.981331775765557,2.577,98.1331775765557
0.002578,0.981325216055971,2.578,98.1325216055971
0.002579,0.981318705518535,2.579,98.1318705518535
0.00258,0.981312244347433,2.58,98.1312244347433
0.002581,0.981305832732839,2.581,98.1305832732839
0.002582,0.981299470852958,2.582,98.1299470852958
0.002583,0.981293158868809,2.583,98.1293158868809
0.002584,0.981286896932825,2.584,98.1286896932825
0.002585,0.981280685195423,2.585,98.1280685195423
0.002586,0.981274523815296,2.586,98.1274523815296
0.002587,0.98126841296107,2.587,98.126841296107
0.002588,0.981262352807776,2.588,98.1262352807776
0.002589,0.981256343528774,2.589,98.1256343528774
0.00259,0.981250385293395,2.59,98.1250385293395
0.002591,0.981244478261469,2.591,98.1244478261469
0.002592,0.981238622588767,2.592,98.1238622588767
0.002593,0.981232818426541,2.593,98.1232818426541
0.002594,0.981227065923435,2.594,98.1227065923435
0.002595,0.981221365219345,2.595,98.1221365219345
0.002596,0.981215716451675,2.596,98.1215716451675
0.002597,0.98121011975444,2.597,98.121011975444
0.002598,0.981204575268218,2.598,98.1204575268218
0.002599,0.981199083141424,2.599,98.1199083141424
0.0026,0.98119364352566,2.6,98.119364352566
0.002601,0.981188256567128,2.601,98.1188256567128
0.002602,0.981182922402217,2.602,98.1182922402217
0.002603,0.98117764115508,2.603,98.117764115508
0.002604,0.981172412948354,2.604,98.1172412948354
0.002605,0.981167237909015,2.605,98.1167237909015
0.002606,0.98116211617401,2.606,98.116211617401
0.002607,0.981157047886048,2.607,98.1157047886048
0.002608,0.9811520331908,2.608,98.11520331908
0.002609,0.981147072224099,2.609,98.1147072224099
0.00261,0.981142165110466,2.61,98.1142165110466
0.002611,0.981137311965749,2.611,98.1137311965749
0.002612,0.98113251290096,2.612,98.113251290096
0.002613,0.981127768030125,2.613,98.1127768030125
0.002614,0.981123077470742,2.614,98.1123077470742
0.002615,0.981118441338353,2.615,98.1118441338353
0.002616,0.981113859747615,2.616,98.1113859747615
0.002617,0.981109332812549,2.617,98.1109332812549
0.002618,0.98110486065158,2.618,98.110486065158
0.002619,0.981100443387533,2.619,98.1100443387533
0.00262,0.981096081144916,2.62,98.1096081144916
0.002621,0.981091774038587,2.621,98.1091774038587
0.002622,0.981087522170967,2.622,98.1087522170967
0.002623,0.981083325636315,2.623,98.1083325636315
0.002624,0.981079184523366,2.624,98.1079184523366
0.002625,0.981075098925653,2.625,98.1075098925653
0.002626,0.98107106894512,2.626,98.107106894512
0.002627,0.98106709468782,2.627,98.106709468782
0.002628,0.98106317626155,2.628,98.106317626155
0.002629,0.9810593137658,2.629,98.10593137658
0.00263,0.981055507287804,2.63,98.1055507287804
0.002631,0.981051756905486,2.631,98.1051756905486
0.002632,0.981048062696784,2.632,98.1048062696784
0.002633,0.981044424744302,2.633,98.1044424744302
0.002634,0.981040843135697,2.634,98.1040843135697
0.002635,0.981037317960762,2.635,98.1037317960762
0.002636,0.981033849301532,2.636,98.1033849301532
0.002637,0.981030437233735,2.637,98.1030437233735
0.002638,0.981027081833392,2.638,98.1027081833392
0.002639,0.981023783174541,2.639,98.1023783174541
0.00264,0.981020541331155,2.64,98.1020541331155
0.002641,0.981017356370855,2.641,98.1017356370855
0.002642,0.981014228351044,2.642,98.1014228351044
0.002643,0.981011157322707,2.643,98.1011157322707
0.002644,0.981008143334695,2.644,98.1008143334695
0.002645,0.981005186437828,2.645,98.1005186437828
0.002646,0.981002286687878,2.646,98.1002286687878
0.002647,0.980999444148268,2.647,98.0999444148268
0.002648,0.980996658883575,2.648,98.0996658883575
0.002649,0.980993930949656,2.649,98.0993930949656
0.00265,0.980991260393434,2.65,98.0991260393434
0.002651,0.980988647247559,2.651,98.0988647247559
0.002652,0.980986091539548,2.652,98.0986091539548
0.002653,0.980983593303593,2.653,98.0983593303593
0.002654,0.980981152579137,2.654,98.0981152579137
0.002655,0.980978769409625,2.655,98.0978769409625
0.002656,0.980976443833503,2.656,98.0976443833503
0.002657,0.980974175881134,2.657,98.0974175881134
0.002658,0.980971965578274,2.658,98.0971965578274
0.002659,0.980969812951236,2.659,98.0969812951236
0.00266,0.980967718028857,2.66,98.0967718028857
0.002661,0.980965680835339,2.661,98.0965680835339
0.002662,0.980963701394253,2.662,98.0963701394253
0.002663,0.980961779726542,2.663,98.0961779726542
0.002664,0.980959915846739,2.664,98.0959915846739
0.002665,0.980958109772304,2.665,98.0958109772304
0.002666,0.980956361520089,2.666,98.0956361520089
0.002667,0.980954671110688,2.667,98.0954671110688
0.002668,0.980953038567487,2.668,98.0953038567487
0.002669,0.980951463912458,2.669,98.0951463912458
0.00267,0.980949947159382,2.67,98.0949947159382
0.002671,0.980948488309806,2.671,98.0948488309806
0.002672,0.980947087358611,2.672,98.0947087358611
0.002673,0.980945744299109,2.673,98.0945744299109
0.002674,0.980944459134188,2.674,98.0944459134188
0.002675,0.980943231876478,2.675,98.0943231876478
0.002676,0.980942062536341,2.676,98.0942062536341
0.002677,0.980940951117324,2.677,98.0940951117324
0.002678,0.980939897618354,2.678,98.0939897618354
0.002679,0.980938902032961,2.679,98.0938902032961
0.00268,0.980937964352459,2.68,98.0937964352459
0.002681,0.980937084570086,2.681,98.0937084570086
0.002682,0.980936262676054,2.682,98.0936262676054
0.002683,0.980935498659859,2.683,98.0935498659859
0.002684,0.980934792508398,2.684,98.0934792508398
0.002685,0.98093414420535,2.685,98.093414420535
0.002686,0.980933553732065,2.686,98.0933553732065
0.002687,0.980933021067142,2.687,98.0933021067142
0.002688,0.980932546193549,2.688,98.0932546193549
0.002689,0.980932129090461,2.689,98.0932129090461
0.00269,0.980931769742675,2.69,98.0931769742675
0.002691,0.980931468127044,2.691,98.0931468127044
0.002692,0.980931224208226,2.692,98.0931224208226
0.002693,0.980931037945977,2.693,98.0931037945977
0.002694,0.980930909301794,2.694,98.0930909301794
0.002695,0.980930838245014,2.695,98.0930838245014
0.002696,0.980930824746767,2.696,98.0930824746767
0.002697,0.980930868779279,2.697,98.0930868779279
0.002698,0.980930970304876,2.698,98.0930970304876
0.002699,0.98093112927987,2.699,98.093112927987
0.0027,0.980931345654109,2.7,98.0931345654109
0.002701,0.98093161937548,2.701,98.093161937548
0.002702,0.980931950389386,2.702,98.0931950389386
0.002703,0.980932338643203,2.703,98.0932338643203
0.002704,0.980932784083536,2.704,98.0932784083536
0.002705,0.980933286652349,2.705,98.0933286652349
0.002706,0.980933846294941,2.706,98.0933846294941
0.002707,0.980934462949619,2.707,98.0934462949619
0.002708,0.980935136550058,2.708,98.0935136550058
0.002709,0.980935867027874,2.709,98.0935867027874
0.00271,0.980936654319006,2.71,98.0936654319006
0.002711,0.980937498360264,2.711,98.0937498360264
0.002712,0.980938399082287,2.712,98.0938399082287
0.002713,0.980939356409893,2.713,98.0939356409893
0.002714,0.980940370259184,2.714,98.0940370259184
0.002715,0.980941440547928,2.715,98.0941440547928
0.002716,0.980942567197166,2.716,98.0942567197166
0.002717,0.980943750132454,2.717,98.0943750132454
0.002718,0.980944989276556,2.718,98.0944989276556
0.002719,0.980946284552354,2.719,98.0946284552354
0.00272,0.980947635874736,2.72,98.0947635874736
0.002721,0.980949043152387,2.721,98.0949043152387
0.002722,0.980950506296192,2.722,98.0950506296192
0.002723,0.980952025215447,2.723,98.0952025215447
0.002724,0.980953599821001,2.724,98.0953599821001
0.002725,0.980955230020424,2.725,98.0955230020424
0.002726,0.980956915728386,2.726,98.0956915728386
0.002727,0.980958656855688,2.727,98.0958656855688
0.002728,0.980960453310773,2.728,98.0960453310773
0.002729,0.980962304994842,2.729,98.0962304994842
0.00273,0.98096421180619,2.73,98.096421180619
0.002731,0.980966173643745,2.731,98.0966173643745
0.002732,0.980968190409776,2.732,98.0968190409776
0.002733,0.98097026200607,2.733,98.097026200607
0.002734,0.980972388326107,2.734,98.0972388326107
0.002735,0.980974569263659,2.735,98.0974569263659
0.002736,0.980976804705748,2.736,98.0976804705748
0.002737,0.980979094541774,2.737,98.0979094541774
0.002738,0.980981438660775,2.738,98.0981438660775
0.002739,0.980983836958695,2.739,98.0983836958695
0.00274,0.980986289325707,2.74,98.0986289325707
0.002741,0.980988795647889,2.741,98.0988795647889
0.002742,0.980991355807889,2.742,98.0991355807889
0.002743,0.9809939696876,2.743,98.09939696876
0.002744,0.980996637167128,2.744,98.0996637167128
0.002745,0.980999358124579,2.745,98.0999358124579
0.002746,0.981002132439054,2.746,98.1002132439054
0.002747,0.981004959987666,2.747,98.1004959987666
0.002748,0.981007840653728,2.748,98.1007840653728
0.002749,0.981010774314705,2.749,98.1010774314705
0.00275,0.981013760844717,2.75,98.1013760844717
0.002751,0.981016800110073,2.751,98.1016800110073
0.002752,0.98101989198044,2.752,98.101989198044
0.002753,0.981023036322077,2.753,98.1023036322077
0.002754,0.981026233003419,2.754,98.1026233003419
0.002755,0.981029481892589,2.755,98.1029481892589
0.002756,0.981032782856465,2.756,98.1032782856465
0.002757,0.981036135755095,2.757,98.1036135755095
0.002758,0.981039540444953,2.758,98.1039540444953
0.002759,0.981042996784305,2.759,98.1042996784305
0.00276,0.981046504629889,2.76,98.1046504629889
0.002761,0.981050063839613,2.761,98.1050063839613
0.002762,0.981053674265207,2.762,98.1053674265207
0.002763,0.981057335756306,2.763,98.1057335756306
0.002764,0.981061048157397,2.764,98.1061048157397
0.002765,0.981064811315649,2.765,98.1064811315649
0.002766,0.981068625071079,2.766,98.1068625071079
0.002767,0.981072489262833,2.767,98.1072489262833
0.002768,0.98107640372753,2.768,98.107640372753
0.002769,0.981080368306403,2.769,98.1080368306403
0.00277,0.981084382835945,2.77,98.1084382835945
0.002771,0.98108844715186,2.771,98.108844715186
0.002772,0.981092561086748,2.772,98.1092561086748
0.002773,0.981096724470124,2.773,98.1096724470124
0.002774,0.981100937128311,2.774,98.1100937128311
0.002775,0.981105198887672,2.775,98.1105198887672
0.002776,0.981109509577877,2.776,98.1109509577877
0.002777,0.981113869027322,2.777,98.1113869027322
0.002778,0.981118277065325,2.778,98.1118277065325
0.002779,0.981122733515007,2.779,98.1122733515007
0.00278,0.981127238199167,2.78,98.1127238199167
0.002781,0.981131790938224,2.781,98.1131790938224
0.002782,0.981136391557071,2.782,98.1136391557071
0.002783,0.981141039874973,2.783,98.1141039874973
0.002784,0.981145735710602,2.784,98.1145735710602
0.002785,0.981150478879965,2.785,98.1150478879965
0.002786,0.981155269201376,2.786,98.1155269201376
0.002787,0.981160106487705,2.787,98.1160106487705
0.002788,0.981164990551877,2.788,98.1164990551877
0.002789,0.981169921204763,2.789,98.1169921204763
0.00279,0.981174898257651,2.79,98.1174898257651
0.002791,0.981179921519752,2.791,98.1179921519752
0.002792,0.981184990800597,2.792,98.1184990800597
0.002793,0.981190105908579,2.793,98.1190105908579
0.002794,0.981195266649746,2.794,98.1195266649746
0.002795,0.98120047282834,2.795,98.120047282834
0.002796,0.981205724245122,2.796,98.1205724245122
0.002797,0.981211020700036,2.797,98.1211020700036
0.002798,0.981216361993445,2.798,98.1216361993445
0.002799,0.981221747928745,2.799,98.1221747928745
0.0028,0.981227178305494,2.8,98.1227178305494
0.002801,0.981232652920877,2.801,98.1232652920877
0.002802,0.981238171570064,2.802,98.1238171570064
0.002803,0.981243734049864,2.803,98.1243734049864
0.002804,0.981249340153687,2.804,98.1249340153687
0.002805,0.981254989675319,2.805,98.1254989675319
0.002806,0.981260682406591,2.806,98.1260682406591
0.002807,0.981266418140819,2.807,98.1266418140819
0.002808,0.981272196668564,2.808,98.1272196668564
0.002809,0.981278017781787,2.809,98.1278017781787
0.00281,0.981283881270122,2.81,98.1283881270122
0.002811,0.981289786923974,2.811,98.1289786923974
0.002812,0.981295734532338,2.812,98.1295734532338
0.002813,0.981301723884644,2.813,98.1301723884644
0.002814,0.981307754767521,2.814,98.1307754767521
0.002815,0.981313826967685,2.815,98.1313826967685
0.002816,0.981319940270908,2.816,98.1319940270908
0.002817,0.981326094460562,2.817,98.1326094460562
0.002818,0.981332289314974,2.818,98.1332289314974
0.002819,0.981338524611492,2.819,98.1338524611492
0.00282,0.981344800126953,2.82,98.1344800126953
0.002821,0.981351115637467,2.821,98.1351115637467
0.002822,0.98135747091628,2.822,98.135747091628
0.002823,0.981363865734995,2.823,98.1363865734995
0.002824,0.981370299863239,2.824,98.1370299863239
0.002825,0.981376773068719,2.825,98.1376773068719
0.002826,0.981383285117867,2.826,98.1383285117867
0.002827,0.981389835775474,2.827,98.1389835775474
0.002828,0.98139642480529,2.828,98.139642480529
0.002829,0.981403051970016,2.829,98.1403051970016
0.00283,0.981409717032299,2.83,98.1409717032299
0.002831,0.981416419752813,2.831,98.1416419752813
0.002832,0.981423159890756,2.832,98.1423159890756
0.002833,0.981429937205152,2.833,98.1429937205152
0.002834,0.98143675145457,2.834,98.143675145457
0.002835,0.981443602395256,2.835,98.1443602395256
0.002836,0.981450489782361,2.836,98.1450489782361
0.002837,0.981457413370712,2.837,98.1457413370712
0.002838,0.981464372915057,2.838,98.1464372915057
0.002839,0.981471368167556,2.839,98.1471368167556
0.00284,0.981478398878987,2.84,98.1478398878987
0.002841,0.981485464798359,2.841,98.1485464798359
0.002842,0.98149256567492,2.842,98.149256567492
0.002843,0.981499701257481,2.843,98.1499701257481
0.002844,0.981506871295287,2.844,98.1506871295287
0.002845,0.981514075537062,2.845,98.1514075537062
0.002846,0.981521313730752,2.846,98.1521313730752
0.002847,0.981528585624273,2.847,98.1528585624273
0.002848,0.981535890964972,2.848,98.1535890964972
0.002849,0.981543229498176,2.849,98.1543229498176
0.00285,0.981550600968457,2.85,98.1550600968457
0.002851,0.981558005119357,2.851,98.1558005119357
0.002852,0.981565441693464,2.852,98.1565441693464
0.002853,0.981572910430595,2.853,98.1572910430595
0.002854,0.981580411069592,2.854,98.1580411069592
0.002855,0.98158794334775,2.855,98.158794334775
0.002856,0.981595507001192,2.856,98.1595507001192
0.002857,0.981603101764324,2.857,98.1603101764324
0.002858,0.981610727370121,2.858,98.1610727370121
0.002859,0.981618383551838,2.859,98.1618383551838
0.00286,0.981626070042443,2.86,98.1626070042443
0.002861,0.981633786574953,2.861,98.1633786574953
0.002862,0.98164153288246,2.862,98.164153288246
0.002863,0.981649308696596,2.863,98.1649308696596
0.002864,0.98165711374921,2.864,98.165711374921
0.002865,0.981664947772088,2.865,98.1664947772088
0.002866,0.981672810497843,2.866,98.1672810497843
0.002867,0.981680701658576,2.867,98.1680701658576
0.002868,0.981688620987155,2.868,98.1688620987155
0.002869,0.981696568216858,2.869,98.1696568216858
0.00287,0.981704543080156,2.87,98.1704543080156
0.002871,0.981712545309399,2.871,98.1712545309399
0.002872,0.981720574635412,2.872,98.1720574635412
0.002873,0.981728630788548,2.873,98.1728630788548
0.002874,0.981736713498205,2.874,98.1736713498205
0.002875,0.981744822491526,2.875,98.1744822491526
0.002876,0.981752957495527,2.876,98.1752957495527
0.002877,0.981761118235916,2.877,98.1761118235916
0.002878,0.981769304438529,2.878,98.1769304438529
0.002879,0.981777515828593,2.879,98.1777515828593
0.00288,0.981785752131208,2.88,98.1785752131208
0.002881,0.981794013070872,2.881,98.1794013070872
0.002882,0.981802298371522,2.882,98.1802298371522
0.002883,0.981810607758198,2.883,98.1810607758198
0.002884,0.981818940954638,2.884,98.1818940954638
0.002885,0.981827297684321,2.885,98.1827297684321
0.002886,0.981835677669606,2.886,98.1835677669606
0.002887,0.981844080630421,2.887,98.1844080630421
0.002888,0.981852506285667,2.888,98.1852506285667
0.002889,0.981860954351298,2.889,98.1860954351298
0.00289,0.981869424542178,2.89,98.1869424542178
0.002891,0.981877916572029,2.891,98.1877916572029
0.002892,0.981886430153883,2.892,98.1886430153883
0.002893,0.981894965000023,2.893,98.1894965000023
0.002894,0.981903520822128,2.894,98.1903520822128
0.002895,0.98191209733241,2.895,98.191209733241
0.002896,0.981920694241852,2.896,98.1920694241852
0.002897,0.981929311262117,2.897,98.1929311262117
0.002898,0.981937948103982,2.898,98.1937948103982
0.002899,0.98194660447747,2.899,98.194660447747
0.0029,0.981955280092923,2.9,98.1955280092923
0.002901,0.981963974661209,2.901,98.1963974661209
0.002902,0.981972687893571,2.902,98.1972687893571
0.002903,0.98198141950238,2.903,98.198141950238
0.002904,0.981990169200543,2.904,98.1990169200543
0.002905,0.981998936700399,2.905,98.1998936700399
0.002906,0.982007721714668,2.906,98.2007721714668
0.002907,0.982016523954306,2.907,98.2016523954306
0.002908,0.982025343129693,2.908,98.2025343129693
0.002909,0.98203417895026,2.909,98.203417895026
0.00291,0.982043031124319,2.91,98.2043031124319
0.002911,0.982051899358658,2.911,98.2051899358658
0.002912,0.982060783357845,2.912,98.2060783357845
0.002913,0.982069682826335,2.913,98.2069682826335
0.002914,0.982078597465776,2.914,98.2078597465776
0.002915,0.982087526979686,2.915,98.2087526979686
0.002916,0.982096471071164,2.916,98.2096471071164
0.002917,0.982105429443546,2.917,98.2105429443546
0.002918,0.98211440180246,2.918,98.211440180246
0.002919,0.982123387852725,2.919,98.2123387852725
0.00292,0.982132387301284,2.92,98.2132387301284
0.002921,0.982141399853472,2.921,98.2141399853472
0.002922,0.982150425215374,2.922,98.2150425215374
0.002923,0.982159463090351,2.923,98.2159463090351
0.002924,0.98216851318118,2.924,98.216851318118
0.002925,0.982177575189447,2.925,98.2177575189447
0.002926,0.982186648815533,2.926,98.2186648815533
0.002927,0.982195733761463,2.927,98.2195733761463
0.002928,0.982204829729839,2.928,98.2204829729839
0.002929,0.98221393642389,2.929,98.221393642389
0.00293,0.982223053546761,2.93,98.2223053546761
0.002931,0.982232180801771,2.931,98.2232180801771
0.002932,0.982241317890227,2.932,98.2241317890227
0.002933,0.982250464515314,2.933,98.2250464515314
0.002934,0.982259620380018,2.934,98.2259620380018
0.002935,0.982268785188523,2.935,98.2268785188523
0.002936,0.982277958645876,2.936,98.2277958645876
0.002937,0.98228714045725,2.937,98.228714045725
0.002938,0.982296330329111,2.938,98.2296330329111
0.002939,0.982305527967585,2.939,98.2305527967585
0.00294,0.982314733081819,2.94,98.2314733081819
0.002941,0.982323945379877,2.941,98.2323945379877
0.002942,0.982333164571861,2.942,98.2333164571861
0.002943,0.982342390368153,2.943,98.2342390368153
0.002944,0.982351622477945,2.944,98.2351622477945
0.002945,0.982360860610915,2.945,98.2360860610915
0.002946,0.982370104475145,2.946,98.2370104475145
0.002947,0.98237935377746,2.947,98.237935377746
0.002948,0.982388608221473,2.948,98.2388608221473
0.002949,0.982397867509902,2.949,98.2397867509902
0.00295,0.982407131341779,2.95,98.2407131341779
0.002951,0.982416399417695,2.951,98.2416399417695
0.002952,0.982425671438883,2.952,98.2425671438883
0.002953,0.982434947110141,2.953,98.2434947110141
0.002954,0.982444226137504,2.954,98.2444226137504
0.002955,0.982453508228317,2.955,98.2453508228317
0.002956,0.98246279308949,2.956,98.246279308949
0.002957,0.982472080425482,2.957,98.2472080425482
0.002958,0.982481369943318,2.958,98.2481369943318
0.002959,0.982490661347547,2.959,98.2490661347547
0.00296,0.98249995434505,2.96,98.249995434505
0.002961,0.98250924864168,2.961,98.250924864168
0.002962,0.982518543944316,2.962,98.2518543944316
0.002963,0.982527839958194,2.963,98.2527839958194
0.002964,0.982537136390185,2.964,98.2537136390185
0.002965,0.982546432946531,2.965,98.2546432946531
0.002966,0.982555729334007,2.966,98.2555729334007
0.002967,0.982565025259844,2.967,98.2565025259844
0.002968,0.982574320430847,2.968,98.2574320430847
0.002969,0.982583614554224,2.969,98.2583614554224
0.00297,0.982592907336345,2.97,98.2592907336345
0.002971,0.982602198486571,2.971,98.2602198486571
0.002972,0.982611487711877,2.972,98.2611487711877
0.002973,0.982620774722183,2.973,98.2620774722183
0.002974,0.982630059224527,2.974,98.2630059224527
0.002975,0.982639340925672,2.975,98.2639340925672
0.002976,0.982648619531818,2.976,98.2648619531818
0.002977,0.982657894753105,2.977,98.2657894753105
0.002978,0.982667166302201,2.978,98.2667166302201
0.002979,0.982676433895133,2.979,98.2676433895133
0.00298,0.982685697249278,2.98,98.2685697249278
0.002981,0.98269495607982,2.981,98.269495607982
0.002982,0.982704210100547,2.982,98.2704210100547
0.002983,0.982713459021877,2.983,98.2713459021877
0.002984,0.98272270255415,2.984,98.272270255415
0.002985,0.98273194040449,2.985,98.273194040449
0.002986,0.98274117228236,2.986,98.274117228236
0.002987,0.982750397895074,2.987,98.2750397895074
0.002988,0.982759616951361,2.988,98.2759616951361
0.002989,0.982768829160265,2.989,98.2768829160265
0.00299,0.982778034232842,2.99,98.2778034232842
0.002991,0.982787231880216,2.991,98.2787231880216
0.002992,0.982796421816649,2.992,98.2796421816649
0.002993,0.982805603756903,2.993,98.2805603756903
0.002994,0.98281477741547,2.994,98.281477741547
0.002995,0.982823942507555,2.995,98.2823942507555
0.002996,0.98283309874982,2.996,98.283309874982
0.002997,0.98284224586209,2.997,98.284224586209
0.002998,0.982851383564854,2.998,98.2851383564854
0.002999,0.982860511580293,2.999,98.2860511580293
0.003,0.982869629627149,3,98.2869629627149
0.003001,0.982878737424193,3.001,98.2878737424193
0.003002,0.982887834689983,3.002,98.2887834689983
0.003003,0.982896921146405,3.003,98.2896921146405
0.003004,0.982905996517156,3.004,98.2905996517156
0.003005,0.982915060530592,3.005,98.2915060530592
0.003006,0.98292411291414,3.006,98.292411291414
0.003007,0.982933153394859,3.007,98.2933153394859
0.003008,0.982942181697977,3.008,98.2942181697977
0.003009,0.982951197547646,3.009,98.2951197547646
0.00301,0.982960200666101,3.01,98.2960200666101
0.003011,0.982969190776804,3.011,98.2969190776804
0.003012,0.982978167605374,3.012,98.2978167605374
0.003013,0.982987130878984,3.013,98.2987130878984
0.003014,0.982996080326381,3.014,98.2996080326381
0.003015,0.983005015678129,3.015,98.3005015678129
0.003016,0.983013936667649,3.016,98.3013936667649
0.003017,0.983022843030179,3.017,98.3022843030179
0.003018,0.983031734503784,3.018,98.3031734503784
0.003019,0.983040610823676,3.019,98.3040610823676
0.00302,0.983049471724036,3.02,98.3049471724036
0.003021,0.98305831693712,3.021,98.305831693712
0.003022,0.983067146196531,3.022,98.3067146196531
0.003023,0.983075959235851,3.023,98.3075959235851
0.003024,0.983084755791797,3.024,98.3084755791797
0.003025,0.983093535599804,3.025,98.3093535599804
0.003026,0.983102298393863,3.026,98.3102298393863
0.003027,0.983111043905797,3.027,98.3111043905797
0.003028,0.983119771869009,3.028,98.3119771869009
0.003029,0.983128482017763,3.029,98.3128482017763
0.00303,0.98313717408972,3.03,98.313717408972
0.003031,0.983145847826321,3.031,98.3145847826321
0.003032,0.983154502972261,3.032,98.3154502972261
0.003033,0.983163139272987,3.033,98.3163139272987
0.003034,0.983171756473518,3.034,98.3171756473518
0.003035,0.983180354317072,3.035,98.3180354317072
0.003036,0.983188932546257,3.036,98.3188932546257
0.003037,0.983197490906128,3.037,98.3197490906128
0.003038,0.983206029143122,3.038,98.3206029143122
0.003039,0.983214547004699,3.039,98.3214547004699
0.00304,0.983223044239097,3.04,98.3223044239097
0.003041,0.983231520596982,3.041,98.3231520596982
0.003042,0.983239975830355,3.042,98.3239975830355
0.003043,0.983248409694158,3.043,98.3248409694158
0.003044,0.983256821944789,3.044,98.3256821944789
0.003045,0.983265212337667,3.045,98.3265212337667
0.003046,0.983273580624098,3.046,98.3273580624098
0.003047,0.983281926554072,3.047,98.3281926554072
0.003048,0.983290249877054,3.048,98.3290249877054
0.003049,0.983298550344587,3.049,98.3298550344587
0.00305,0.983306827710003,3.05,98.3306827710003
0.003051,0.983315081729404,3.051,98.3315081729404
0.003052,0.983323312159317,3.052,98.3323312159317
0.003053,0.983331518757781,3.053,98.3331518757781
0.003054,0.983339701282215,3.054,98.3339701282215
0.003055,0.983347859490013,3.055,98.3347859490013
0.003056,0.983355993140051,3.056,98.3355993140051
0.003057,0.983364101996026,3.057,98.3364101996026
0.003058,0.983372185824787,3.058,98.3372185824787
0.003059,0.983380244394435,3.059,98.3380244394435
0.00306,0.983388277472581,3.06,98.3388277472581
0.003061,0.983396284825623,3.061,98.3396284825623
0.003062,0.983404266217698,3.062,98.3404266217698
0.003063,0.983412221413324,3.063,98.3412221413324
0.003064,0.983420150178353,3.064,98.3420150178353
0.003065,0.983428052279457,3.065,98.3428052279457
0.003066,0.983435927483044,3.066,98.3435927483044
0.003067,0.983443775556696,3.067,98.3443775556696
0.003068,0.98345159627056,3.068,98.345159627056
0.003069,0.983459389398738,3.069,98.3459389398738
0.00307,0.983467154718978,3.07,98.3467154718978
0.003071,0.983474892010191,3.071,98.3474892010191
0.003072,0.983482601050703,3.072,98.3482601050703
0.003073,0.983490281618508,3.073,98.3490281618508
0.003074,0.983497933491385,3.074,98.3497933491385
0.003075,0.983505556446603,3.075,98.3505556446603
0.003076,0.983513150262969,3.076,98.3513150262969
0.003077,0.983520714723683,3.077,98.3520714723683
0.003078,0.983528249616017,3.078,98.3528249616017
0.003079,0.983535754729377,3.079,98.3535754729377
0.00308,0.983543229854075,3.08,98.3543229854075
0.003081,0.983550674779753,3.081,98.3550674779753
0.003082,0.983558089295142,3.082,98.3558089295142
0.003083,0.983565473189586,3.083,98.3565473189586
0.003084,0.983572826255366,3.084,98.3572826255366
0.003085,0.983580148287179,3.085,98.3580148287179
0.003086,0.983587439080626,3.086,98.3587439080626
0.003087,0.983594698430385,3.087,98.3594698430385
0.003088,0.983601926129685,3.088,98.3601926129685
0.003089,0.983609121971775,3.089,98.3609121971775
0.00309,0.9836162857516,3.09,98.36162857516
0.003091,0.983623417265265,3.091,98.3623417265265
0.003092,0.983630516308851,3.092,98.3630516308851
0.003093,0.983637582679468,3.093,98.3637582679468
0.003094,0.9836446161771,3.094,98.36446161771
0.003095,0.983651616604143,3.095,98.3651616604143
0.003096,0.983658583765836,3.096,98.3658583765836
0.003097,0.983665517470756,3.097,98.3665517470756
0.003098,0.98367241753053,3.098,98.367241753053
0.003099,0.98367928375761,3.099,98.367928375761
0.0031,0.983686115963882,3.1,98.3686115963882
0.003101,0.983692913959815,3.101,98.3692913959815
0.003102,0.983699677554138,3.102,98.3699677554138
0.003103,0.9837064065556,3.103,98.37064065556
0.003104,0.98371310077525,3.104,98.371310077525
0.003105,0.983719760028001,3.105,98.3719760028001
0.003106,0.983726384132495,3.106,98.3726384132495
0.003107,0.98373297290909,3.107,98.373297290909
0.003108,0.983739526177746,3.108,98.3739526177746
0.003109,0.98374604375693,3.109,98.374604375693
0.00311,0.983752525466431,3.11,98.3752525466431
0.003111,0.98375897112868,3.111,98.375897112868
0.003112,0.983765380568071,3.112,98.3765380568071
0.003113,0.983771753609845,3.113,98.3771753609845
0.003114,0.983778090080342,3.114,98.3778090080342
0.003115,0.983784389807535,3.115,98.3784389807535
0.003116,0.983790652619994,3.116,98.3790652619994
0.003117,0.983796878347769,3.117,98.3796878347769
0.003118,0.983803066822394,3.118,98.3803066822394
0.003119,0.983809217876919,3.119,98.3809217876919
0.00312,0.983815331345911,3.12,98.3815331345911
0.003121,0.983821407064827,3.121,98.3821407064827
0.003122,0.983827444870788,3.122,98.3827444870788
0.003123,0.98383344460183,3.123,98.383344460183
0.003124,0.983839406098383,3.124,98.3839406098383
0.003125,0.98384532920281,3.125,98.384532920281
0.003126,0.983851213759297,3.126,98.3851213759297
0.003127,0.983857059613442,3.127,98.3857059613442
0.003128,0.983862866609921,3.128,98.3862866609921
0.003129,0.98386863459146,3.129,98.386863459146
0.00313,0.983874363397696,3.13,98.3874363397696
0.003131,0.983880052869788,3.131,98.3880052869788
0.003132,0.983885702852191,3.132,98.3885702852191
0.003133,0.983891313193168,3.133,98.3891313193168
0.003134,0.983896883744181,3.134,98.3896883744181
0.003135,0.983902414358328,3.135,98.3902414358328
0.003136,0.983907904890778,3.136,98.3907904890778
0.003137,0.983913355197109,3.137,98.3913355197109
0.003138,0.983918765134651,3.138,98.3918765134651
0.003139,0.983924134561825,3.139,98.3924134561825
0.00314,0.983929463338706,3.14,98.3929463338706
0.003141,0.983934751327107,3.141,98.3934751327107
0.003142,0.983939998389762,3.142,98.3939998389762
0.003143,0.983945204391069,3.143,98.3945204391069
0.003144,0.983950369195961,3.144,98.3950369195961
0.003145,0.983955492671458,3.145,98.3955492671458
0.003146,0.983960574685655,3.146,98.3960574685655
0.003147,0.983965615108055,3.147,98.3965615108055
0.003148,0.983970613809892,3.148,98.3970613809892
0.003149,0.98397557066424,3.149,98.397557066424
0.00315,0.983980485544678,3.15,98.3980485544678
0.003151,0.98398535832469,3.151,98.398535832469
0.003152,0.983990188879515,3.152,98.3990188879515
0.003153,0.983994977087108,3.153,98.3994977087108
0.003154,0.98399972282912,3.154,98.399972282912
0.003155,0.984004425988526,3.155,98.4004425988526
0.003156,0.984009086449132,3.156,98.4009086449132
0.003157,0.984013704093508,3.157,98.4013704093508
0.003158,0.984018278804504,3.158,98.4018278804504
0.003159,0.984022810465367,3.159,98.4022810465367
0.00316,0.984027298961672,3.16,98.4027298961672
0.003161,0.984031744182228,3.161,98.4031744182228
0.003162,0.984036146018539,3.162,98.4036146018539
0.003163,0.984040504365851,3.163,98.4040504365851
0.003164,0.984044819120229,3.164,98.4044819120229
0.003165,0.984049090179523,3.165,98.4049090179523
0.003166,0.984053317442106,3.166,98.4053317442106
0.003167,0.98405750080733,3.167,98.405750080733
0.003168,0.984061640174676,3.168,98.4061640174676
0.003169,0.984065735444122,3.169,98.4065735444122
0.00317,0.9840697865174,3.17,98.40697865174
0.003171,0.984073793296897,3.171,98.4073793296897
0.003172,0.984077755686363,3.172,98.4077755686363
0.003173,0.98408167358971,3.173,98.408167358971
0.003174,0.984085546912997,3.174,98.4085546912997
0.003175,0.984089375564571,3.175,98.4089375564571
0.003176,0.984093159455749,3.176,98.4093159455749
0.003177,0.984096898499229,3.177,98.4096898499229
0.003178,0.984100592609025,3.178,98.4100592609025
0.003179,0.984104241699649,3.179,98.4104241699649
0.00318,0.984107845686853,3.18,98.4107845686853
0.003181,0.984111404489217,3.181,98.4111404489217
0.003182,0.984114918027022,3.182,98.4114918027022
0.003183,0.984118386224162,3.183,98.4118386224162
0.003184,0.984121809005568,3.184,98.4121809005568
0.003185,0.984125186298046,3.185,98.4125186298046
0.003186,0.984128518027487,3.186,98.4128518027487
0.003187,0.984131804120849,3.187,98.4131804120849
0.003188,0.984135044505711,3.188,98.4135044505711
0.003189,0.984138239111181,3.189,98.4138239111181
0.00319,0.984141387868624,3.19,98.4141387868624
0.003191,0.984144490711211,3.191,98.4144490711211
0.003192,0.984147547575052,3.192,98.4147547575052
0.003193,0.984150558397899,3.193,98.4150558397899
0.003194,0.984153523118995,3.194,98.4153523118995
0.003195,0.98415644167737,3.195,98.415644167737
0.003196,0.984159314013655,3.196,98.4159314013655
0.003197,0.984162140068326,3.197,98.4162140068326
0.003198,0.98416491978439,3.198,98.416491978439
0.003199,0.984167653105073,3.199,98.4167653105073
0.0032,0.984170339975215,3.2,98.4170339975215
0.003201,0.984172980340214,3.201,98.4172980340214
0.003202,0.98417557414748,3.202,98.417557414748
0.003203,0.984178121346737,3.203,98.4178121346737
0.003204,0.984180621889564,3.204,98.4180621889564
0.003205,0.984183075730937,3.205,98.4183075730937
0.003206,0.984185482826714,3.206,98.4185482826714
0.003207,0.984187843134716,3.207,98.4187843134716
0.003208,0.984190156612767,3.208,98.4190156612767
0.003209,0.984192423220113,3.209,98.4192423220113
0.00321,0.984194642916656,3.21,98.4194642916656
0.003211,0.984196815665026,3.211,98.4196815665026
0.003212,0.98419894142855,3.212,98.419894142855
0.003213,0.984201020172963,3.213,98.4201020172963
0.003214,0.984203051864819,3.214,98.4203051864819
0.003215,0.984205036471995,3.215,98.4205036471995
0.003216,0.984206973962979,3.216,98.4206973962979
0.003217,0.984208864306909,3.217,98.4208864306909
0.003218,0.984210707474297,3.218,98.4210707474297
0.003219,0.98421250343681,3.219,98.421250343681
0.00322,0.984214252169471,3.22,98.4214252169471
0.003221,0.984215953648808,3.221,98.4215953648808
0.003222,0.984217607854047,3.222,98.4217607854047
0.003223,0.984219214765555,3.223,98.4219214765555
0.003224,0.98422077436579,3.224,98.422077436579
0.003225,0.984222286637649,3.225,98.4222286637649
0.003226,0.984223751566529,3.226,98.4223751566529
0.003227,0.984225169138186,3.227,98.4225169138186
0.003228,0.984226539340424,3.228,98.4226539340424
0.003229,0.984227862161925,3.229,98.4227862161925
0.00323,0.984229137592557,3.23,98.4229137592557
0.003231,0.984230365623547,3.231,98.4230365623547
0.003232,0.984231546247829,3.232,98.4231546247829
0.003233,0.984232679460707,3.233,98.4232679460707
0.003234,0.984233765259007,3.234,98.4233765259007
0.003235,0.984234803641888,3.235,98.4234803641888
0.003236,0.984235794609419,3.236,98.4235794609419
0.003237,0.984236738162987,3.237,98.4236738162987
0.003238,0.984237634304608,3.238,98.4237634304608
0.003239,0.984238483037713,3.239,98.4238483037713
0.00324,0.984239284365782,3.24,98.4239284365782
0.003241,0.984240038294738,3.241,98.4240038294738
0.003242,0.984240744831452,3.242,98.4240744831452
0.003243,0.984241403985056,3.243,98.4241403985056
0.003244,0.984242015765986,3.244,98.4242015765986
0.003245,0.984242580186321,3.245,98.4242580186321
0.003246,0.984243097258937,3.246,98.4243097258937
0.003247,0.984243566998379,3.247,98.4243566998379
0.003248,0.984243989420551,3.248,98.4243989420551
0.003249,0.984244364543158,3.249,98.4244364543158
0.00325,0.984244692385852,3.25,98.4244692385852
0.003251,0.984244972970347,3.251,98.4244972970347
0.003252,0.984245206319859,3.252,98.4245206319859
0.003253,0.984245392459033,3.253,98.4245392459033
0.003254,0.984245531414309,3.254,98.4245531414309
0.003255,0.984245623212947,3.255,98.4245623212947
0.003256,0.984245667883869,3.256,98.4245667883869
0.003257,0.984245665457117,3.257,98.4245665457117
0.003258,0.984245615963774,3.258,98.4245615963774
0.003259,0.984245519435767,3.259,98.4245519435767
0.00326,0.984245375906834,3.26,98.4245375906834
0.003261,0.984245185411357,3.261,98.4245185411357
0.003262,0.984244947985856,3.262,98.4244947985856
0.003263,0.984244663668089,3.263,98.4244663668089
0.003264,0.984244332498095,3.264,98.4244332498095
0.003265,0.984243954517166,3.265,98.4243954517166
0.003266,0.984243529768817,3.266,98.4243529768817
0.003267,0.984243058297459,3.267,98.4243058297459
0.003268,0.984242540148758,3.268,98.4242540148758
0.003269,0.984241975369446,3.269,98.4241975369446
0.00327,0.984241364007641,3.27,98.4241364007641
0.003271,0.984240706112379,3.271,98.4240706112379
0.003272,0.984240001734762,3.272,98.4240001734762
0.003273,0.984239250927352,3.273,98.4239250927352
0.003274,0.984238453744114,3.274,98.4238453744114
0.003275,0.984237610240599,3.275,98.4237610240599
0.003276,0.984236720473637,3.276,98.4236720473637
0.003277,0.984235784501148,3.277,98.4235784501148
0.003278,0.984234802382536,3.278,98.4234802382536
0.003279,0.984233774178742,3.279,98.4233774178742
0.00328,0.98423269995179,3.28,98.423269995179
0.003281,0.984231579765211,3.281,98.4231579765211
0.003282,0.984230413683778,3.282,98.4230413683778
0.003283,0.984229201773577,3.283,98.4229201773577
0.003284,0.984227944101769,3.284,98.4227944101769
0.003285,0.984226640737153,3.285,98.4226640737153
0.003286,0.98422529174937,3.286,98.422529174937
0.003287,0.984223897209293,3.287,98.4223897209293
0.003288,0.984222457189186,3.288,98.4222457189186
0.003289,0.984220971762537,3.289,98.4220971762537
0.00329,0.98421944100372,3.29,98.421944100372
0.003291,0.984217864988947,3.291,98.4217864988947
0.003292,0.984216243795504,3.292,98.4216243795504
0.003293,0.98421457750235,3.293,98.421457750235
0.003294,0.984212866189992,3.294,98.4212866189992
0.003295,0.984211109940846,3.295,98.4211109940846
0.003296,0.984209308838511,3.296,98.4209308838511
0.003297,0.984207462968313,3.297,98.4207462968313
0.003298,0.984205572416712,3.298,98.4205572416712
0.003299,0.984203637271181,3.299,98.4203637271181
0.0033,0.984201657620218,3.3,98.4201657620218
0.003301,0.984199633553753,3.301,98.4199633553753
0.003302,0.984197565162705,3.302,98.4197565162705
0.003303,0.984195452539469,3.303,98.4195452539469
0.003304,0.984193295777897,3.304,98.4193295777897
0.003305,0.984191094973017,3.305,98.4191094973017
0.003306,0.984188850220816,3.306,98.4188850220816
0.003307,0.984186561618999,3.307,98.4186561618999
0.003308,0.984184229266328,3.308,98.4184229266328
0.003309,0.98418185326278,3.309,98.418185326278
0.00331,0.984179433709732,3.31,98.4179433709732
0.003311,0.984176970709849,3.311,98.4176970709849
0.003312,0.984174464366871,3.312,98.4174464366871
0.003313,0.984171914785868,3.313,98.4171914785868
0.003314,0.984169322073244,3.314,98.4169322073244
0.003315,0.9841666863365,3.315,98.41666863365
0.003316,0.984164007684441,3.316,98.4164007684441
0.003317,0.984161286227337,3.317,98.4161286227337
0.003318,0.984158522076405,3.318,98.4158522076405
0.003319,0.984155715344183,3.319,98.4155715344183
0.00332,0.984152866144543,3.32,98.4152866144543
0.003321,0.984149974592434,3.321,98.4149974592434
0.003322,0.984147040803925,3.322,98.4147040803925
0.003323,0.9841440648966,3.323,98.41440648966
0.003324,0.98414104698923,3.324,98.414104698923
0.003325,0.984137987201529,3.325,98.4137987201529
0.003326,0.984134885654854,3.326,98.4134885654854
0.003327,0.984131742471907,3.327,98.4131742471907
0.003328,0.984128557776409,3.328,98.4128557776409
0.003329,0.98412533169313,3.329,98.412533169313
0.00333,0.984122064347845,3.33,98.4122064347845
0.003331,0.984118755867254,3.331,98.4118755867254
0.003332,0.984115406379036,3.332,98.4115406379036
0.003333,0.98411201601232,3.333,98.411201601232
0.003334,0.984108584897275,3.334,98.4108584897275
0.003335,0.984105113165273,3.335,98.4105113165273
0.003336,0.984101600949112,3.336,98.4101600949112
0.003337,0.984098048382563,3.337,98.4098048382563
0.003338,0.984094455600603,3.338,98.4094455600603
0.003339,0.984090822739509,3.339,98.4090822739509
0.00334,0.98408714993691,3.34,98.408714993691
0.003341,0.984083437331295,3.341,98.4083437331295
0.003342,0.984079685062539,3.342,98.4079685062539
0.003343,0.984075893271809,3.343,98.4075893271809
0.003344,0.98407206210095,3.344,98.407206210095
0.003345,0.984068191693004,3.345,98.4068191693004
0.003346,0.984064282192286,3.346,98.4064282192286
0.003347,0.984060333744411,3.347,98.4060333744411
0.003348,0.984056346495721,3.348,98.4056346495721
0.003349,0.984052320593649,3.349,98.4052320593649
0.00335,0.98404825618668,3.35,98.404825618668
0.003351,0.984044153424212,3.351,98.4044153424212
0.003352,0.984040012457102,3.352,98.4040012457102
0.003353,0.984035833437058,3.353,98.4035833437058
0.003354,0.984031616516773,3.354,98.4031616516773
0.003355,0.984027361849752,3.355,98.4027361849752
0.003356,0.984023069590735,3.356,98.4023069590735
0.003357,0.984018739895342,3.357,98.4018739895342
0.003358,0.984014372920341,3.358,98.4014372920341
0.003359,0.984009968823978,3.359,98.4009968823978
0.00336,0.984005527765102,3.36,98.4005527765102
0.003361,0.984001049903538,3.361,98.4001049903538
0.003362,0.983996535399956,3.362,98.3996535399956
0.003363,0.983991984416222,3.363,98.3991984416222
0.003364,0.983987397114723,3.364,98.3987397114723
0.003365,0.983982773659008,3.365,98.3982773659008
0.003366,0.983978114214052,3.366,98.3978114214052
0.003367,0.983973418945658,3.367,98.3973418945658
0.003368,0.983968688020624,3.368,98.3968688020624
0.003369,0.98396392160646,3.369,98.396392160646
0.00337,0.983959119872003,3.37,98.3959119872003
0.003371,0.983954282986994,3.371,98.3954282986994
0.003372,0.983949411122501,3.372,98.3949411122501
0.003373,0.983944504450203,3.373,98.3944504450203
0.003374,0.983939563142284,3.374,98.3939563142284
0.003375,0.983934587372029,3.375,98.3934587372029
0.003376,0.983929577313581,3.376,98.3929577313581
0.003377,0.983924533142267,3.377,98.3924533142267
0.003378,0.983919455034142,3.378,98.3919455034142
0.003379,0.983914343166527,3.379,98.3914343166527
0.00338,0.983909197717021,3.38,98.3909197717021
0.003381,0.983904018864018,3.381,98.3904018864018
0.003382,0.983898806787058,3.382,98.3898806787058
0.003383,0.983893561666815,3.383,98.3893561666815
0.003384,0.983888283684831,3.384,98.3888283684831
0.003385,0.983882973023364,3.385,98.3882973023364
0.003386,0.983877629865975,3.386,98.3877629865975
0.003387,0.983872254396672,3.387,98.3872254396672
0.003388,0.983866846800335,3.388,98.3866846800335
0.003389,0.983861407262419,3.389,98.3861407262419
0.00339,0.983855935969663,3.39,98.3855935969663
0.003391,0.983850433109702,3.391,98.3850433109702
0.003392,0.983844898871321,3.392,98.3844898871321
0.003393,0.983839333443727,3.393,98.3839333443727
0.003394,0.983833737016569,3.394,98.3833737016569
0.003395,0.983828109780593,3.395,98.3828109780593
0.003396,0.983822451927436,3.396,98.3822451927436
0.003397,0.983816763649764,3.397,98.3816763649764
0.003398,0.983811045140504,3.398,98.3811045140504
0.003399,0.983805296593675,3.399,98.3805296593675
0.0034,0.983799518203481,3.4,98.3799518203481
0.003401,0.983793710165119,3.401,98.3793710165119
0.003402,0.983787872674908,3.402,98.3787872674908
0.003403,0.983782005930313,3.403,98.3782005930313
0.003404,0.983776110129457,3.404,98.3776110129457
0.003405,0.98377018547046,3.405,98.377018547046
0.003406,0.983764232152513,3.406,98.3764232152513
0.003407,0.983758250375147,3.407,98.3758250375147
0.003408,0.98375224033903,3.408,98.375224033903
0.003409,0.98374620224535,3.409,98.374620224535
0.00341,0.983740136296378,3.41,98.3740136296378
0.003411,0.983734042695046,3.411,98.3734042695046
0.003412,0.983727921645011,3.412,98.3727921645011
0.003413,0.983721773350333,3.413,98.3721773350333
0.003414,0.983715598015288,3.414,98.3715598015288
0.003415,0.983709395845255,3.415,98.3709395845255
0.003416,0.983703167046707,3.416,98.3703167046707
0.003417,0.983696911827171,3.417,98.3696911827171
0.003418,0.983690630394303,3.418,98.3690630394303
0.003419,0.983684322956618,3.419,98.3684322956618
0.00342,0.983677989722782,3.42,98.3677989722782
0.003421,0.98367163090253,3.421,98.367163090253
0.003422,0.983665246705932,3.422,98.3665246705932
0.003423,0.983658837344355,3.423,98.3658837344355
0.003424,0.983652403029256,3.424,98.3652403029256
0.003425,0.983645943972308,3.425,98.3645943972308
0.003426,0.983639460385848,3.426,98.3639460385848
0.003427,0.983632952483037,3.427,98.3632952483037
0.003428,0.983626420478369,3.428,98.3626420478369
0.003429,0.983619864586481,3.429,98.3619864586481
0.00343,0.983613285022797,3.43,98.3613285022797
0.003431,0.983606682002472,3.431,98.3606682002472
0.003432,0.983600055741576,3.432,98.3600055741576
0.003433,0.983593406456472,3.433,98.3593406456472
0.003434,0.983586734364335,3.434,98.3586734364335
0.003435,0.983580039682841,3.435,98.3580039682841
0.003436,0.983573322630937,3.436,98.3573322630937
0.003437,0.983566583428013,3.437,98.3566583428013
0.003438,0.983559822293721,3.438,98.3559822293721
0.003439,0.983553039447601,3.439,98.3553039447601
0.00344,0.983546235109698,3.44,98.3546235109698
0.003441,0.983539409501018,3.441,98.3539409501018
0.003442,0.983532562843063,3.442,98.3532562843063
0.003443,0.983525695358452,3.443,98.3525695358452
0.003444,0.983518807269773,3.444,98.3518807269773
0.003445,0.983511898800086,3.445,98.3511898800086
0.003446,0.983504970172013,3.446,98.3504970172013
0.003447,0.98349802160925,3.447,98.349802160925
0.003448,0.983491053335948,3.448,98.3491053335948
0.003449,0.983484065577105,3.449,98.3484065577105
0.00345,0.983477058557725,3.45,98.3477058557725
0.003451,0.983470032503106,3.451,98.3470032503106
0.003452,0.983462987638857,3.452,98.3462987638857
0.003453,0.983455924191634,3.453,98.3455924191634
0.003454,0.983448842388704,3.454,98.3448842388704
0.003455,0.983441742457482,3.455,98.3441742457482
0.003456,0.983434624625643,3.456,98.3434624625643
0.003457,0.983427489120755,3.457,98.3427489120755
0.003458,0.983420336171005,3.458,98.3420336171005
0.003459,0.983413166004291,3.459,98.3413166004291
0.00346,0.983405978849412,3.46,98.3405978849412
0.003461,0.983398774935698,3.461,98.3398774935698
0.003462,0.983391554493668,3.462,98.3391554493668
0.003463,0.983384317753806,3.463,98.3384317753806
0.003464,0.983377064946865,3.464,98.3377064946865
0.003465,0.98336979630326,3.465,98.336979630326
0.003466,0.983362512053604,3.466,98.3362512053604
0.003467,0.983355212428696,3.467,98.3355212428696
0.003468,0.983347897660451,3.468,98.3347897660451
0.003469,0.983340567981309,3.469,98.3340567981309
0.00347,0.98333322362408,3.47,98.333322362408
0.003471,0.983325864821461,3.471,98.3325864821461
0.003472,0.983318491805713,3.472,98.3318491805713
0.003473,0.983311104809757,3.473,98.3311104809757
0.003474,0.983303704066914,3.474,98.3303704066914
0.003475,0.98329628981137,3.475,98.329628981137
0.003476,0.983288862277082,3.476,98.3288862277082
0.003477,0.983281421698221,3.477,98.3281421698221
0.003478,0.983273968308987,3.478,98.3273968308987
0.003479,0.983266502344224,3.479,98.3266502344224
0.00348,0.983259024038777,3.48,98.3259024038777
0.003481,0.98325153362775,3.481,98.325153362775
0.003482,0.98324403134616,3.482,98.324403134616
0.003483,0.983236517429394,3.483,98.3236517429394
0.003484,0.983228992112462,3.484,98.3228992112462
0.003485,0.983221455630718,3.485,98.3221455630718
0.003486,0.983213908219819,3.486,98.3213908219819
0.003487,0.983206350116014,3.487,98.3206350116014
0.003488,0.983198781556222,3.488,98.3198781556222
0.003489,0.983191202777692,3.489,98.3191202777692
0.00349,0.983183614017536,3.49,98.3183614017536
0.003491,0.983176015512488,3.491,98.3176015512488
0.003492,0.983168407498774,3.492,98.3168407498774
0.003493,0.983160790212479,3.493,98.3160790212479
0.003494,0.983153163890305,3.494,98.3153163890305
0.003495,0.983145528769731,3.495,98.3145528769731
0.003496,0.983137885088842,3.496,98.3137885088842
0.003497,0.983130233085406,3.497,98.3130233085406
0.003498,0.983122572996836,3.498,98.3122572996836
0.003499,0.983114905060216,3.499,98.3114905060216
0.0035,0.983107229513101,3.5,98.3107229513101
0.003501,0.98309954659329,3.501,98.309954659329
0.003502,0.983091856538689,3.502,98.3091856538689
0.003503,0.983084159587103,3.503,98.3084159587103
0.003504,0.983076455976579,3.504,98.3076455976579
0.003505,0.983068745944795,3.505,98.3068745944795
0.003506,0.983061029729784,3.506,98.3061029729784
0.003507,0.983053307569378,3.507,98.3053307569378
0.003508,0.983045579701644,3.508,98.3045579701644
0.003509,0.983037846364627,3.509,98.3037846364627
0.00351,0.983030107796402,3.51,98.3030107796402
0.003511,0.983022364234847,3.511,98.3022364234847
0.003512,0.983014615917912,3.512,98.3014615917912
0.003513,0.9830068630836,3.513,98.30068630836
0.003514,0.982999105970114,3.514,98.2999105970114
0.003515,0.982991344815732,3.515,98.2991344815732
0.003516,0.982983579858845,3.516,98.2983579858845
0.003517,0.982975811337382,3.517,98.2975811337382
0.003518,0.982968039488647,3.518,98.2968039488647
0.003519,0.982960264549382,3.519,98.2960264549382
0.00352,0.982952486756176,3.52,98.2952486756176
0.003521,0.98294470634642,3.521,98.294470634642
0.003522,0.982936923558353,3.522,98.2936923558353
0.003523,0.982929138630386,3.523,98.2929138630386
0.003524,0.982921351800576,3.524,98.2921351800576
0.003525,0.982913563306426,3.525,98.2913563306426
0.003526,0.98290577338481,3.526,98.290577338481
0.003527,0.982897982272466,3.527,98.2897982272466
0.003528,0.982890190206043,3.528,98.2890190206043
0.003529,0.982882397422165,3.529,98.2882397422165
0.00353,0.982874604157409,3.53,98.2874604157409
0.003531,0.982866810648271,3.531,98.2866810648271
0.003532,0.982859017130959,3.532,98.2859017130959
0.003533,0.982851223841484,3.533,98.2851223841484
0.003534,0.982843431015718,3.534,98.2843431015718
0.003535,0.982835638889489,3.535,98.2835638889489
0.003536,0.982827847698307,3.536,98.2827847698307
0.003537,0.982820057677716,3.537,98.2820057677716
0.003538,0.982812269062824,3.538,98.2812269062824
0.003539,0.982804482088555,3.539,98.2804482088555
0.00354,0.982796696989606,3.54,98.2796696989606
0.003541,0.982788914000399,3.541,98.2788914000399
0.003542,0.982781133355313,3.542,98.2781133355313
0.003543,0.982773355288822,3.543,98.2773355288822
0.003544,0.982765580035031,3.544,98.2765580035031
0.003545,0.982757807827362,3.545,98.2757807827362
0.003546,0.982750038898569,3.546,98.2750038898569
0.003547,0.982742273481169,3.547,98.2742273481169
0.003548,0.982734511807814,3.548,98.2734511807814
0.003549,0.982726754111675,3.549,98.2726754111675
0.00355,0.98271900062586,3.55,98.271900062586
0.003551,0.98271125158297,3.551,98.271125158297
0.003552,0.982703507214707,3.552,98.2703507214707
0.003553,0.982695767751933,3.553,98.2695767751933
0.003554,0.98268803342475,3.554,98.268803342475
0.003555,0.98268030446307,3.555,98.268030446307
0.003556,0.982672581096949,3.556,98.2672581096949
0.003557,0.98266486355644,3.557,98.266486355644
0.003558,0.982657152071715,3.558,98.2657152071715
0.003559,0.982649446872744,3.559,98.2649446872744
0.00356,0.982641748188984,3.56,98.2641748188984
0.003561,0.982634056249554,3.561,98.2634056249554
0.003562,0.98262637128298,3.562,98.262637128298
0.003563,0.982618693517272,3.563,98.2618693517272
0.003564,0.982611023179906,3.564,98.2611023179906
0.003565,0.982603360498057,3.565,98.2603360498057
0.003566,0.982595705698338,3.566,98.2595705698338
0.003567,0.982588059006771,3.567,98.2588059006771
0.003568,0.982580420649016,3.568,98.2580420649016
0.003569,0.982572790850346,3.569,98.2572790850346
0.00357,0.982565169835975,3.57,98.2565169835975
0.003571,0.982557557830917,3.571,98.2557557830917
0.003572,0.982549955059687,3.572,98.2549955059687
0.003573,0.982542361745966,3.573,98.2542361745966
0.003574,0.982534778112855,3.574,98.2534778112855
0.003575,0.982527204383142,3.575,98.2527204383142
0.003576,0.982519640779365,3.576,98.2519640779365
0.003577,0.982512087524219,3.577,98.2512087524219
0.003578,0.982504544839936,3.578,98.2504544839936
0.003579,0.982497012948079,3.579,98.2497012948079
0.00358,0.982489492069268,3.58,98.2489492069268
0.003581,0.982481982423216,3.581,98.2481982423216
0.003582,0.982474484228964,3.582,98.2474484228964
0.003583,0.982466997705261,3.583,98.2466997705261
0.003584,0.982459523070948,3.584,98.2459523070948
0.003585,0.982452060544569,3.585,98.2452060544569
0.003586,0.982444610344457,3.586,98.2444610344457
0.003587,0.982437172688331,3.587,98.2437172688331
0.003588,0.98242974779305,3.588,98.242974779305
0.003589,0.982422335874482,3.589,98.2422335874482
0.00359,0.98241493714766,3.59,98.241493714766
0.003591,0.982407551826967,3.591,98.2407551826967
0.003592,0.982400180126235,3.592,98.2400180126235
0.003593,0.982392822259202,3.593,98.2392822259202
0.003594,0.982385478439082,3.594,98.2385478439082
0.003595,0.982378148878678,3.595,98.2378148878678
0.003596,0.982370833790316,3.596,98.2370833790316
0.003597,0.982363533385934,3.597,98.2363533385934
0.003598,0.982356247876963,3.598,98.2356247876963
0.003599,0.982348977474294,3.599,98.2348977474294
0.0036,0.982341722388067,3.6,98.2341722388067
0.003601,0.982334482827253,3.601,98.2334482827253
0.003602,0.982327258999985,3.602,98.2327258999985
0.003603,0.982320051113577,3.603,98.2320051113577
0.003604,0.982312859374882,3.604,98.2312859374882
0.003605,0.982305683990327,3.605,98.2305683990327
0.003606,0.982298525166095,3.606,98.2298525166095
0.003607,0.982291383107652,3.607,98.2291383107652
0.003608,0.982284258019585,3.608,98.2284258019585
0.003609,0.982277150105764,3.609,98.2277150105764
0.00361,0.9822700595692,3.61,98.22700595692
0.003611,0.982262986612513,3.611,98.2262986612513
0.003612,0.982255931437898,3.612,98.2255931437898
0.003613,0.982248894247359,3.613,98.2248894247359
0.003614,0.982241875242193,3.614,98.2241875242193
0.003615,0.982234874623108,3.615,98.2234874623108
0.003616,0.982227892589759,3.616,98.2227892589759
0.003617,0.982220929340563,3.617,98.2220929340563
0.003618,0.982213985072997,3.618,98.2213985072997
0.003619,0.98220705998366,3.619,98.220705998366
0.00362,0.982200154268706,3.62,98.2200154268706
0.003621,0.982193268123687,3.621,98.2193268123687
0.003622,0.98218640174395,3.622,98.218640174395
0.003623,0.982179555323991,3.623,98.2179555323991
0.003624,0.982172729057611,3.624,98.2172729057611
0.003625,0.982165923137768,3.625,98.2165923137768
0.003626,0.982159137756582,3.626,98.2159137756582
0.003627,0.98215237310527,3.627,98.215237310527
0.003628,0.982145629374168,3.628,98.2145629374168
0.003629,0.982138906752803,3.629,98.2138906752803
0.00363,0.982132205429626,3.63,98.2132205429626
0.003631,0.982125525592521,3.631,98.2125525592521
0.003632,0.982118867428696,3.632,98.2118867428696
0.003633,0.982112231125031,3.633,98.2112231125031
0.003634,0.982105616867863,3.634,98.2105616867863
0.003635,0.982099024843073,3.635,98.2099024843073
0.003636,0.982092455235523,3.636,98.2092455235523
0.003637,0.982085908229019,3.637,98.2085908229019
0.003638,0.982079384006321,3.638,98.2079384006321
0.003639,0.982072882749033,3.639,98.2072882749033
0.00364,0.982066404637894,3.64,98.2066404637894
0.003641,0.982059949852829,3.641,98.2059949852829
0.003642,0.98205351857329,3.642,98.205351857329
0.003643,0.982047110977709,3.643,98.2047110977709
0.003644,0.982040727243867,3.644,98.2040727243867
0.003645,0.982034367548424,3.645,98.2034367548424
0.003646,0.982028032067076,3.646,98.2028032067076
0.003647,0.982021720974552,3.647,98.2021720974552
0.003648,0.982015434444962,3.648,98.2015434444962
0.003649,0.982009172651858,3.649,98.2009172651858
0.00365,0.98200293576811,3.65,98.200293576811
0.003651,0.981996723966063,3.651,98.1996723966063
0.003652,0.981990537416963,3.652,98.1990537416963
0.003653,0.981984376291098,3.653,98.1984376291098
0.003654,0.981978240757457,3.654,98.1978240757457
0.003655,0.981972130984074,3.655,98.1972130984074
0.003656,0.981966047137652,3.656,98.1966047137652
0.003657,0.981959989384128,3.657,98.1959989384128
0.003658,0.981953957888403,3.658,98.1953957888403
0.003659,0.98194795281456,3.659,98.194795281456
0.00366,0.9819419743258,3.66,98.19419743258
0.003661,0.981936022584742,3.661,98.1936022584742
0.003662,0.981930097753294,3.662,98.1930097753294
0.003663,0.981924199992448,3.663,98.1924199992448
0.003664,0.981918329462486,3.664,98.1918329462486
0.003665,0.98191248632249,3.665,98.191248632249
0.003666,0.98190667073051,3.666,98.190667073051
0.003667,0.981900882843245,3.667,98.1900882843245
0.003668,0.981895122816578,3.668,98.1895122816578
0.003669,0.981889390805256,3.669,98.1889390805256
0.00367,0.981883686963459,3.67,98.1883686963459
0.003671,0.981878011444592,3.671,98.1878011444592
0.003672,0.981872364401441,3.672,98.1872364401441
0.003673,0.981866745985788,3.673,98.1866745985788
0.003674,0.98186115634847,3.674,98.186115634847
0.003675,0.981855595639034,3.675,98.1855595639034
0.003676,0.981850064005818,3.676,98.1850064005818
0.003677,0.981844561596142,3.677,98.1844561596142
0.003678,0.981839088556265,3.678,98.1839088556265
0.003679,0.981833645031543,3.679,98.1833645031543
0.00368,0.98182823116619,3.68,98.182823116619
0.003681,0.981822847103674,3.681,98.1822847103674
0.003682,0.981817492986077,3.682,98.1817492986077
0.003683,0.981812168954531,3.683,98.1812168954531
0.003684,0.981806875148996,3.684,98.1806875148996
0.003685,0.981801611708659,3.685,98.1801611708659
0.003686,0.981796378771637,3.686,98.1796378771637
0.003687,0.981791176475331,3.687,98.1791176475331
0.003688,0.981786004956278,3.688,98.1786004956278
0.003689,0.981780864350162,3.689,98.1780864350162
0.00369,0.981775754791661,3.69,98.1775754791661
0.003691,0.981770676414518,3.691,98.1770676414518
0.003692,0.981765629351311,3.692,98.1765629351311
0.003693,0.981760613733418,3.693,98.1760613733418
0.003694,0.981755629691022,3.694,98.1755629691022
0.003695,0.981750677352894,3.695,98.1750677352894
0.003696,0.98174575684671,3.696,98.174575684671
0.003697,0.981740868298866,3.697,98.1740868298866
0.003698,0.981736011834979,3.698,98.1736011834979
0.003699,0.981731187579476,3.699,98.1731187579476
0.0037,0.981726395656209,3.7,98.1726395656209
0.003701,0.981721636188139,3.701,98.1721636188139
0.003702,0.981716909297379,3.702,98.1716909297379
0.003703,0.981712215104786,3.703,98.1712215104786
0.003704,0.981707553730116,3.704,98.1707553730116
0.003705,0.981702925291827,3.705,98.1702925291827
0.003706,0.981698329907128,3.706,98.1698329907128
0.003707,0.981693767692014,3.707,98.1693767692014
0.003708,0.981689238761566,3.708,98.1689238761566
0.003709,0.981684743229795,3.709,98.1684743229795
0.00371,0.981680281209711,3.71,98.1680281209711
0.003711,0.981675852813335,3.711,98.1675852813335
0.003712,0.981671458151468,3.712,98.1671458151468
0.003713,0.981667097333876,3.713,98.1667097333876
0.003714,0.98166277046899,3.714,98.166277046899
0.003715,0.98165847766425,3.715,98.165847766425
0.003716,0.981654219025804,3.716,98.1654219025804
0.003717,0.981649994658845,3.717,98.1649994658845
0.003718,0.981645804667335,3.718,98.1645804667335
0.003719,0.981641649154126,3.719,98.1641649154126
0.00372,0.981637528220871,3.72,98.1637528220871
0.003721,0.981633441968272,3.721,98.1633441968272
0.003722,0.981629390495808,3.722,98.1629390495808
0.003723,0.981625373901835,3.723,98.1625373901835
0.003724,0.98162139228355,3.724,98.162139228355
0.003725,0.981617445737269,3.725,98.1617445737269
0.003726,0.981613534358188,3.726,98.1613534358188
0.003727,0.981609658240476,3.727,98.1609658240476
0.003728,0.981605817477369,3.728,98.1605817477369
0.003729,0.981602012161101,3.729,98.1602012161101
0.00373,0.981598242382835,3.73,98.1598242382835
0.003731,0.981594508232616,3.731,98.1594508232616
0.003732,0.981590809799216,3.732,98.1590809799216
0.003733,0.981587147170066,3.733,98.1587147170066
0.003734,0.981583520431177,3.734,98.1583520431177
0.003735,0.981579929667147,3.735,98.1579929667147
0.003736,0.981576374961312,3.736,98.1576374961312
0.003737,0.981572856395772,3.737,98.1572856395772
0.003738,0.981569374051639,3.738,98.1569374051639
0.003739,0.981565928008944,3.739,98.1565928008944
0.00374,0.981562518346805,3.74,98.1562518346805
0.003741,0.981559145143344,3.741,98.1559145143344
0.003742,0.981555808475626,3.742,98.1555808475626
0.003743,0.981552508419432,3.743,98.1552508419432
0.003744,0.981549245049314,3.744,98.1549245049314
0.003745,0.981546018438675,3.745,98.1546018438675
0.003746,0.98154282865984,3.746,98.154282865984
0.003747,0.981539675783691,3.747,98.1539675783691
0.003748,0.981536559880042,3.748,98.1536559880042
0.003749,0.981533481017451,3.749,98.1533481017451
0.00375,0.981530439263405,3.75,98.1530439263405
0.003751,0.981527434684172,3.751,98.1527434684172
0.003752,0.981524467344864,3.752,98.1524467344864
0.003753,0.981521537309411,3.753,98.1521537309411
0.003754,0.981518644640557,3.754,98.1518644640557
0.003755,0.981515789399842,3.755,98.1515789399842
0.003756,0.981512971647633,3.756,98.1512971647633
0.003757,0.981510191443091,3.757,98.1510191443091
0.003758,0.981507448844259,3.758,98.1507448844259
0.003759,0.981504743907973,3.759,98.1504743907973
0.00376,0.981502076689923,3.76,98.1502076689923
0.003761,0.981499447244613,3.761,98.1499447244613
0.003762,0.981496855625351,3.762,98.1496855625351
0.003763,0.981494301884219,3.763,98.1494301884219
0.003764,0.981491786072005,3.764,98.1491786072005
0.003765,0.981489308238352,3.765,98.1489308238352
0.003766,0.981486868431859,3.766,98.1486868431859
0.003767,0.981484466699918,3.767,98.1484466699918
0.003768,0.981482103088699,3.768,98.1482103088699
0.003769,0.981479777643365,3.769,98.1479777643365
0.00377,0.98147749040802,3.77,98.147749040802
0.003771,0.981475241425608,3.771,98.1475241425608
0.003772,0.981473030737725,3.772,98.1473030737725
0.003773,0.981470858384554,3.773,98.1470858384554
0.003774,0.981468724404934,3.774,98.1468724404934
0.003775,0.981466628836361,3.775,98.1466628836361
0.003776,0.981464571715055,3.776,98.1464571715055
0.003777,0.98146255307601,3.777,98.146255307601
0.003778,0.981460572953024,3.778,98.1460572953024
0.003779,0.981458631378848,3.779,98.1458631378848
0.00378,0.981456728385063,3.78,98.1456728385063
0.003781,0.981454864002305,3.781,98.1454864002305
0.003782,0.981453038260101,3.782,98.1453038260101
0.003783,0.981451251186946,3.783,98.1451251186946
0.003784,0.981449502810229,3.784,98.1449502810229
0.003785,0.981447793156086,3.785,98.1447793156086
0.003786,0.981446122249517,3.786,98.1446122249517
0.003787,0.981444490114313,3.787,98.1444490114313
0.003788,0.981442896772957,3.788,98.1442896772957
0.003789,0.981441342246657,3.789,98.1441342246657
0.00379,0.981439826555494,3.79,98.1439826555494
0.003791,0.981438349718404,3.791,98.1438349718404
0.003792,0.981436911752986,3.792,98.1436911752986
0.003793,0.981435512675554,3.793,98.1435512675554
0.003794,0.981434152501129,3.794,98.1434152501129
0.003795,0.981432831243672,3.795,98.1432831243672
0.003796,0.981431548915948,3.796,98.1431548915948
0.003797,0.981430305529525,3.797,98.1430305529525
0.003798,0.981429101094668,3.798,98.1429101094668
0.003799,0.981427935620474,3.799,98.1427935620474
0.0038,0.981426809114938,3.8,98.1426809114938
0.003801,0.981425721584852,3.801,98.1425721584852
0.003802,0.981424673035914,3.802,98.1424673035914
0.003803,0.981423663472503,3.803,98.1423663472503
0.003804,0.981422692897745,3.804,98.1422692897745
0.003805,0.98142176131354,3.805,98.142176131354
0.003806,0.981420868720506,3.806,98.1420868720506
0.003807,0.981420015118189,3.807,98.1420015118189
0.003808,0.981419200505017,3.808,98.1419200505017
0.003809,0.981418424878312,3.809,98.1418424878312
0.00381,0.981417688234167,3.81,98.1417688234167
0.003811,0.981416990567615,3.811,98.1416990567615
0.003812,0.981416331872507,3.812,98.1416331872507
0.003813,0.981415712141435,3.813,98.1415712141435
0.003814,0.981415131365728,3.814,98.1415131365728
0.003815,0.981414589535491,3.815,98.1414589535491
0.003816,0.981414086639666,3.816,98.1414086639666
0.003817,0.981413622665914,3.817,98.1413622665914
0.003818,0.981413197600607,3.818,98.1413197600607
0.003819,0.981412811428802,3.819,98.1412811428802
0.00382,0.981412464134559,3.82,98.1412464134559
0.003821,0.981412155700938,3.821,98.1412155700938
0.003822,0.981411886109913,3.822,98.1411886109913
0.003823,0.981411655342356,3.823,98.1411655342356
0.003824,0.98141146337793,3.824,98.141146337793
0.003825,0.981411310195206,3.825,98.1411310195206
0.003826,0.98141119577167,3.826,98.141119577167
0.003827,0.981411120083745,3.827,98.1411120083745
0.003828,0.981411083106596,3.828,98.1411083106596
0.003829,0.981411084814221,3.829,98.1411084814221
0.00383,0.981411125179292,3.83,98.1411125179292
0.003831,0.981411204173217,3.831,98.1411204173217
0.003832,0.981411321766225,3.832,98.1411321766225
0.003833,0.98141147792741,3.833,98.141147792741
0.003834,0.981411672624687,3.834,98.1411672624687
0.003835,0.981411905824655,3.835,98.1411905824655
0.003836,0.981412177492795,3.836,98.1412177492795
0.003837,0.981412487593348,3.837,98.1412487593348
0.003838,0.98141283608952,3.838,98.141283608952
0.003839,0.981413222943365,3.839,98.1413222943365
0.00384,0.981413648115846,3.84,98.1413648115846
0.003841,0.981414111566929,3.841,98.1414111566929
0.003842,0.981414613255559,3.842,98.1414613255559
0.003843,0.981415153139555,3.843,98.1415153139555
0.003844,0.981415731175434,3.844,98.1415731175434
0.003845,0.981416347318661,3.845,98.1416347318661
0.003846,0.981417001523531,3.846,98.1417001523531
0.003847,0.981417693743399,3.847,98.1417693743399
0.003848,0.981418423930462,3.848,98.1418423930462
0.003849,0.981419192035719,3.849,98.1419192035719
0.00385,0.981419998008968,3.85,98.1419998008968
0.003851,0.981420841798932,3.851,98.1420841798932
0.003852,0.981421723353347,3.852,98.1421723353347
0.003853,0.981422642618837,3.853,98.1422642618837
0.003854,0.981423599541025,3.854,98.1423599541025
0.003855,0.981424594064263,3.855,98.1424594064263
0.003856,0.981425626131689,3.856,98.1425626131689
0.003857,0.98142669568521,3.857,98.142669568521
0.003858,0.981427802665692,3.858,98.1427802665692
0.003859,0.98142894701287,3.859,98.142894701287
0.00386,0.981430128665399,3.86,98.1430128665399
0.003861,0.981431347560736,3.861,98.1431347560736
0.003862,0.981432603635138,3.862,98.1432603635138
0.003863,0.981433896823837,3.863,98.1433896823837
0.003864,0.981435227061,3.864,98.1435227061
0.003865,0.981436594279771,3.865,98.1436594279771
0.003866,0.981437998412207,3.866,98.1437998412207
0.003867,0.981439439389467,3.867,98.1439439389467
0.003868,0.981440917141588,3.868,98.1440917141588
0.003869,0.98144243159758,3.869,98.144243159758
0.00387,0.981443982685233,3.87,98.1443982685233
0.003871,0.981445570331225,3.871,98.1445570331225
0.003872,0.98144719446119,3.872,98.144719446119
0.003873,0.981448854999792,3.873,98.1448854999792
0.003874,0.981450551870639,3.874,98.1450551870639
0.003875,0.981452284996073,3.875,98.1452284996073
0.003876,0.981454054297372,3.876,98.1454054297372
0.003877,0.981455859694596,3.877,98.1455859694596
0.003878,0.981457701106882,3.878,98.1457701106882
0.003879,0.981459578452359,3.879,98.1459578452359
0.00388,0.981461491648257,3.88,98.1461491648257
0.003881,0.981463440610686,3.881,98.1463440610686
0.003882,0.981465425254737,3.882,98.1465425254737
0.003883,0.981467445494486,3.883,98.1467445494486
0.003884,0.98146950124306,3.884,98.146950124306
0.003885,0.981471592412779,3.885,98.1471592412779
0.003886,0.98147371891498,3.886,98.147371891498
0.003887,0.981475880659944,3.887,98.1475880659944
0.003888,0.981478077556784,3.888,98.1478077556784
0.003889,0.981480309513635,3.889,98.1480309513635
0.00389,0.981482576437535,3.89,98.1482576437535
0.003891,0.981484878234619,3.891,98.1484878234619
0.003892,0.98148721480997,3.892,98.148721480997
0.003893,0.981489586067743,3.893,98.1489586067743
0.003894,0.981491991911014,3.894,98.1491991911014
0.003895,0.981494432241923,3.895,98.1494432241923
0.003896,0.98149690696146,3.896,98.149690696146
0.003897,0.981499415969555,3.897,98.1499415969555
0.003898,0.98150195916521,3.898,98.150195916521
0.003899,0.981504536446502,3.899,98.1504536446502
0.0039,0.981507147710618,3.9,98.1507147710618
0.003901,0.981509792853681,3.901,98.1509792853681
0.003902,0.981512471770833,3.902,98.1512471770833
0.003903,0.981515184356041,3.903,98.1515184356041
0.003904,0.981517930502427,3.904,98.1517930502427
0.003905,0.98152071010219,3.905,98.152071010219
0.003906,0.981523523046729,3.906,98.1523523046729
0.003907,0.981526369226492,3.907,98.1526369226492
0.003908,0.981529248531025,3.908,98.1529248531025
0.003909,0.981532160848814,3.909,98.1532160848814
0.00391,0.981535106067477,3.91,98.1535106067477
0.003911,0.981538084073812,3.911,98.1538084073812
0.003912,0.981541094753811,3.912,98.1541094753811
0.003913,0.981544137992514,3.913,98.1544137992514
0.003914,0.981547213673984,3.914,98.1547213673984
0.003915,0.981550321681286,3.915,98.1550321681286
0.003916,0.981553461896489,3.916,98.1553461896489
0.003917,0.981556634200874,3.917,98.1556634200874
0.003918,0.981559838474765,3.918,98.1559838474765
0.003919,0.981563074597635,3.919,98.1563074597635
0.00392,0.981566342447923,3.92,98.1566342447923
0.003921,0.981569641903225,3.921,98.1569641903225
0.003922,0.981572972840054,3.922,98.1572972840054
0.003923,0.981576335134059,3.923,98.1576335134059
0.003924,0.981579728659993,3.924,98.1579728659993
0.003925,0.981583153291856,3.925,98.1583153291856
0.003926,0.981586608902868,3.926,98.1586608902868
0.003927,0.981590095365497,3.927,98.1590095365497
0.003928,0.981593612551289,3.928,98.1593612551289
0.003929,0.981597160330821,3.929,98.1597160330821
0.00393,0.981600738573763,3.93,98.1600738573763
0.003931,0.98160434714894,3.931,98.160434714894
0.003932,0.981607985924406,3.932,98.1607985924406
0.003933,0.981611654767446,3.933,98.1611654767446
0.003934,0.981615353544569,3.934,98.1615353544569
0.003935,0.981619082121264,3.935,98.1619082121264
0.003936,0.981622840362165,3.936,98.1622840362165
0.003937,0.981626628130993,3.937,98.1626628130993
0.003938,0.981630445290772,3.938,98.1630445290772
0.003939,0.981634291703705,3.939,98.1634291703705
0.00394,0.981638167231308,3.94,98.1638167231308
0.003941,0.981642071734172,3.941,98.1642071734172
0.003942,0.981646005072076,3.942,98.1646005072076
0.003943,0.981649967104005,3.943,98.1649967104005
0.003944,0.981653957688268,3.944,98.1653957688268
0.003945,0.981657976682407,3.945,98.1657976682407
0.003946,0.981662023943258,3.946,98.1662023943258
0.003947,0.981666099326867,3.947,98.1666099326867
0.003948,0.981670202688464,3.948,98.1670202688464
0.003949,0.981674333882518,3.949,98.1674333882518
0.00395,0.981678492762749,3.95,98.1678492762749
0.003951,0.98168267918221,3.951,98.168267918221
0.003952,0.981686892993247,3.952,98.1686892993247
0.003953,0.981691134047625,3.953,98.1691134047625
0.003954,0.981695402196323,3.954,98.1695402196323
0.003955,0.98169969728955,3.955,98.169969728955
0.003956,0.981704019176664,3.956,98.1704019176664
0.003957,0.981708367706277,3.957,98.1708367706277
0.003958,0.981712742726219,3.958,98.1712742726219
0.003959,0.981717144083763,3.959,98.1717144083763
0.00396,0.98172157162552,3.96,98.172157162552
0.003961,0.981726025197436,3.961,98.1726025197436
0.003962,0.981730504644584,3.962,98.1730504644584
0.003963,0.981735009811266,3.963,98.1735009811266
0.003964,0.981739540540949,3.964,98.1739540540949
0.003965,0.98174409667643,3.965,98.174409667643
0.003966,0.981748678059937,3.966,98.1748678059937
0.003967,0.981753284533077,3.967,98.1753284533077
0.003968,0.981757915936791,3.968,98.1757915936791
0.003969,0.981762572111325,3.969,98.1762572111325
0.00397,0.981767252896251,3.97,98.1767252896251
0.003971,0.981771958130514,3.971,98.1771958130514
0.003972,0.981776687652447,3.972,98.1776687652447
0.003973,0.981781441299841,3.973,98.1781441299841
0.003974,0.98178621890982,3.974,98.178621890982
0.003975,0.981791020318868,3.975,98.1791020318868
0.003976,0.981795845362861,3.976,98.1795845362861
0.003977,0.981800693877018,3.977,98.1800693877018
0.003978,0.981805565695977,3.978,98.1805565695977
0.003979,0.981810460653788,3.979,98.1810460653788
0.00398,0.981815378583957,3.98,98.1815378583957
0.003981,0.981820319319322,3.981,98.1820319319322
0.003982,0.981825282692078,3.982,98.1825282692078
0.003983,0.981830268533787,3.983,98.1830268533787
0.003984,0.981835276675366,3.984,98.1835276675366
0.003985,0.98184030694716,3.985,98.184030694716
0.003986,0.981845359179073,3.986,98.1845359179073
0.003987,0.981850433200497,3.987,98.1850433200497
0.003988,0.98185552884035,3.988,98.185552884035
0.003989,0.981860645926895,3.989,98.1860645926895
0.00399,0.981865784287781,3.99,98.1865784287781
0.003991,0.981870943749956,3.991,98.1870943749956
0.003992,0.981876124139871,3.992,98.1876124139871
0.003993,0.981881325283518,3.993,98.1881325283518
0.003994,0.981886547006489,3.994,98.1886547006489
0.003995,0.981891789133908,3.995,98.1891789133908
0.003996,0.981897051490389,3.996,98.1897051490389
0.003997,0.981902333899939,3.997,98.1902333899939
0.003998,0.981907636185979,3.998,98.1907636185979
0.003999,0.981912958171431,3.999,98.1912958171431
0.004,0.981918299678775,4,98.1918299678775
0.004001,0.981923660530012,4.001,98.1923660530012
0.004002,0.981929040546697,4.002,98.1929040546697
0.004003,0.981934439549929,4.003,98.1934439549929
0.004004,0.9819398573603,4.004,98.19398573603
0.004005,0.981945293797884,4.005,98.1945293797884
0.004006,0.981950748682343,4.006,98.1950748682343
0.004007,0.981956221832875,4.007,98.1956221832875
0.004008,0.981961713068243,4.008,98.1961713068243
0.004009,0.981967222206769,4.009,98.1967222206769
0.00401,0.981972749066325,4.01,98.1972749066325
0.004011,0.981978293464371,4.011,98.1978293464371
0.004012,0.981983855217933,4.012,98.1983855217933
0.004013,0.981989434143708,4.013,98.1989434143708
0.004014,0.981995030058032,4.014,98.1995030058032
0.004015,0.9820006427769,4.015,98.20006427769
0.004016,0.982006272115942,4.016,98.2006272115942
0.004017,0.982011917890314,4.017,98.2011917890314
0.004018,0.982017579914748,4.018,98.2017579914748
0.004019,0.98202325800355,4.019,98.202325800355
0.00402,0.982028951970734,4.02,98.2028951970734
0.004021,0.982034661630031,4.021,98.2034661630031
0.004022,0.982040386794878,4.022,98.2040386794878
0.004023,0.982046127278437,4.023,98.2046127278437
0.004024,0.982051882893386,4.024,98.2051882893386
0.004025,0.982057653451929,4.025,98.2057653451929
0.004026,0.982063438765826,4.026,98.2063438765826
0.004027,0.982069238646494,4.027,98.2069238646494
0.004028,0.982075052905031,4.028,98.2075052905031
0.004029,0.982080881352285,4.029,98.2080881352285
0.00403,0.982086723798857,4.03,98.2086723798857
0.004031,0.982092580055025,4.031,98.2092580055025
0.004032,0.982098449930724,4.032,98.2098449930724
0.004033,0.982104333235508,4.033,98.2104333235508
0.004034,0.982110229778632,4.034,98.2110229778632
0.004035,0.982116139369029,4.035,98.2116139369029
0.004036,0.982122061815396,4.036,98.2122061815396
0.004037,0.98212799692617,4.037,98.212799692617
0.004038,0.982133944509521,4.038,98.2133944509521
0.004039,0.982139904373382,4.039,98.2139904373382
0.00404,0.982145876325398,4.04,98.2145876325398
0.004041,0.982151860173003,4.041,98.2151860173003
0.004042,0.982157855723355,4.042,98.2157855723355
0.004043,0.982163862783438,4.043,98.2163862783438
0.004044,0.982169881160001,4.044,98.2169881160001
0.004045,0.982175910659513,4.045,98.2175910659513
0.004046,0.982181951088211,4.046,98.2181951088211
0.004047,0.982188002252134,4.047,98.2188002252134
0.004048,0.982194063957114,4.048,98.2194063957114
0.004049,0.98220013600882,4.049,98.220013600882
0.00405,0.982206218212799,4.05,98.2206218212799
0.004051,0.982212310374395,4.051,98.2212310374395
0.004052,0.982218412298724,4.052,98.2218412298724
0.004053,0.9822245237906,4.053,98.22245237906
0.004054,0.982230644654645,4.054,98.2230644654645
0.004055,0.982236774695317,4.055,98.2236774695317
0.004056,0.982242913716992,4.056,98.2242913716992
0.004057,0.982249061523999,4.057,98.2249061523999
0.004058,0.982255217920558,4.058,98.2255217920558
0.004059,0.982261382710799,4.059,98.2261382710799
0.00406,0.982267555698603,4.06,98.2267555698603
0.004061,0.982273736687678,4.061,98.2273736687678
0.004062,0.982279925481512,4.062,98.2279925481512
0.004063,0.982286121883496,4.063,98.2286121883496
0.004064,0.98229232569696,4.064,98.229232569696
0.004065,0.982298536725199,4.065,98.2298536725199
0.004066,0.982304754771458,4.066,98.2304754771458
0.004067,0.982310979638911,4.067,98.2310979638911
0.004068,0.982317211130659,4.068,98.2317211130659
0.004069,0.982323449049596,4.069,98.2323449049596
0.00407,0.982329693198561,4.07,98.2329693198561
0.004071,0.982335943380281,4.071,98.2335943380281
0.004072,0.982342199397435,4.072,98.2342199397435
0.004073,0.98234846105261,4.073,98.234846105261
0.004074,0.982354728148351,4.074,98.2354728148351
0.004075,0.982361000487186,4.075,98.2361000487186
0.004076,0.982367277871585,4.076,98.2367277871585
0.004077,0.982373560104031,4.077,98.2373560104031
0.004078,0.982379846986974,4.078,98.2379846986974
0.004079,0.982386138322915,4.079,98.2386138322915
0.00408,0.982392433914314,4.08,98.2392433914314
0.004081,0.982398733563605,4.081,98.2398733563605
0.004082,0.982405037073176,4.082,98.2405037073176
0.004083,0.982411344245449,4.083,98.2411344245449
0.004084,0.982417654882876,4.084,98.2417654882876
0.004085,0.982423968787997,4.085,98.2423968787997
0.004086,0.98243028576342,4.086,98.243028576342
0.004087,0.982436605611754,4.087,98.2436605611754
0.004088,0.982442928135653,4.088,98.2442928135653
0.004089,0.982449253137709,4.089,98.2449253137709
0.00409,0.982455580420526,4.09,98.2455580420526
0.004091,0.982461909786738,4.091,98.2461909786738
0.004092,0.982468241039134,4.092,98.2468241039134
0.004093,0.982474573980579,4.093,98.2474573980579
0.004094,0.982480908414078,4.094,98.2480908414078
0.004095,0.982487244142726,4.095,98.2487244142726
0.004096,0.982493580969657,4.096,98.2493580969657
0.004097,0.982499918697995,4.097,98.2499918697995
0.004098,0.982506257130842,4.098,98.2506257130842
0.004099,0.982512596071398,4.099,98.2512596071398
0.0041,0.982518935322945,4.1,98.2518935322945
0.004101,0.982525274688963,4.101,98.2525274688963
0.004102,0.982531613973027,4.102,98.2531613973027
0.004103,0.982537952978924,4.103,98.2537952978924
0.004104,0.982544291510568,4.104,98.2544291510568
0.004105,0.982550629371993,4.105,98.2550629371993
0.004106,0.982556966367333,4.106,98.2556966367333
0.004107,0.982563302300839,4.107,98.2563302300839
0.004108,0.982569636976898,4.108,98.2569636976898
0.004109,0.982575970200044,4.109,98.2575970200044
0.00411,0.982582301774991,4.11,98.2582301774991
0.004111,0.982588631506577,4.111,98.2588631506577
0.004112,0.982594959199873,4.112,98.2594959199873
0.004113,0.982601284660152,4.113,98.2601284660152
0.004114,0.982607607692932,4.114,98.2607607692932
0.004115,0.982613928103909,4.115,98.2613928103909
0.004116,0.98262024569903,4.116,98.262024569903
0.004117,0.982626560284387,4.117,98.2626560284387
0.004118,0.982632871666242,4.118,98.2632871666242
0.004119,0.982639179651043,4.119,98.2639179651043
0.00412,0.982645484045483,4.12,98.2645484045483
0.004121,0.982651784656514,4.121,98.2651784656514
0.004122,0.982658081291345,4.122,98.2658081291345
0.004123,0.982664373757459,4.123,98.2664373757459
0.004124,0.982670661862568,4.124,98.2670661862568
0.004125,0.982676945414678,4.125,98.2676945414678
0.004126,0.982683224221942,4.126,98.2683224221942
0.004127,0.982689498092782,4.127,98.2689498092782
0.004128,0.982695766835874,4.128,98.2695766835874
0.004129,0.982702030260269,4.129,98.2702030260269
0.00413,0.982708288175324,4.13,98.2708288175324
0.004131,0.982714540390747,4.131,98.2714540390747
0.004132,0.982720786716524,4.132,98.2720786716524
0.004133,0.982727026962913,4.133,98.2727026962913
0.004134,0.982733260940451,4.134,98.2733260940451
0.004135,0.9827394884599,4.135,98.27394884599
0.004136,0.982745709332298,4.136,98.2745709332298
0.004137,0.982751923368994,4.137,98.2751923368994
0.004138,0.982758130381732,4.138,98.2758130381732
0.004139,0.982764330182592,4.139,98.2764330182592
0.00414,0.98277052258406,4.14,98.277052258406
0.004141,0.98277670739896,4.141,98.277670739896
0.004142,0.982782884440483,4.142,98.2782884440483
0.004143,0.982789053522104,4.143,98.2789053522104
0.004144,0.982795214457669,4.144,98.2795214457669
0.004145,0.982801367061321,4.145,98.2801367061321
0.004146,0.982807511147579,4.146,98.2807511147579
0.004147,0.982813646531279,4.147,98.2813646531279
0.004148,0.982819773027628,4.148,98.2819773027628
0.004149,0.982825890452252,4.149,98.2825890452252
0.00415,0.982831998621236,4.15,98.2831998621236
0.004151,0.982838097351099,4.151,98.2838097351099
0.004152,0.982844186458751,4.152,98.2844186458751
0.004153,0.982850265761555,4.153,98.2850265761555
0.004154,0.982856335077243,4.154,98.2856335077243
0.004155,0.982862394223966,4.155,98.2862394223966
0.004156,0.982868443020228,4.156,98.2868443020228
0.004157,0.982874481284949,4.157,98.2874481284949
0.004158,0.982880508837473,4.158,98.2880508837473
0.004159,0.982886525497672,4.159,98.2886525497672
0.00416,0.982892531085849,4.16,98.2892531085849
0.004161,0.982898525422771,4.161,98.2898525422771
0.004162,0.982904508329624,4.162,98.2904508329624
0.004163,0.98291047962807,4.163,98.291047962807
0.004164,0.982916439140173,4.164,98.2916439140173
0.004165,0.982922386688485,4.165,98.2922386688485
0.004166,0.982928322096026,4.166,98.2928322096026
0.004167,0.982934245186311,4.167,98.2934245186311
0.004168,0.982940155783372,4.168,98.2940155783372
0.004169,0.98294605371173,4.169,98.294605371173
0.00417,0.982951938796415,4.17,98.2951938796415
0.004171,0.982957810862906,4.171,98.2957810862906
0.004172,0.982963669737164,4.172,98.2963669737164
0.004173,0.982969515245554,4.173,98.2969515245554
0.004174,0.982975347214975,4.174,98.2975347214975
0.004175,0.982981165472853,4.175,98.2981165472853
0.004176,0.98298696984719,4.176,98.298696984719
0.004177,0.982992760166512,4.177,98.2992760166512
0.004178,0.982998536259932,4.178,98.2998536259932
0.004179,0.983004297957106,4.179,98.3004297957106
0.00418,0.983010045088277,4.18,98.3010045088277
0.004181,0.983015777484204,4.181,98.3015777484204
0.004182,0.983021494976173,4.182,98.3021494976173
0.004183,0.983027197395952,4.183,98.3027197395952
0.004184,0.983032884575897,4.184,98.3032884575897
0.004185,0.983038556348904,4.185,98.3038556348904
0.004186,0.983044212548427,4.186,98.3044212548427
0.004187,0.983049853008525,4.187,98.3049853008525
0.004188,0.983055477563883,4.188,98.3055477563883
0.004189,0.98306108604984,4.189,98.306108604984
0.00419,0.983066678302341,4.19,98.3066678302341
0.004191,0.983072254157953,4.191,98.3072254157953
0.004192,0.98307781345378,4.192,98.307781345378
0.004193,0.98308335602751,4.193,98.308335602751
0.004194,0.983088881717412,4.194,98.3088881717412
0.004195,0.983094390362364,4.195,98.3094390362364
0.004196,0.983099881801874,4.196,98.3099881801874
0.004197,0.983105355876109,4.197,98.3105355876109
0.004198,0.983110812425853,4.198,98.3110812425853
0.004199,0.983116251292554,4.199,98.3116251292554
0.0042,0.98312167231831,4.2,98.312167231831
0.004201,0.983127075345912,4.201,98.3127075345912
0.004202,0.983132460218745,4.202,98.3132460218745
0.004203,0.983137826780854,4.203,98.3137826780854
0.004204,0.983143174876911,4.204,98.3143174876911
0.004205,0.983148504352267,4.205,98.3148504352267
0.004206,0.983153815052977,4.206,98.3153815052977
0.004207,0.983159106825768,4.207,98.3159106825768
0.004208,0.983164379518007,4.208,98.3164379518007
0.004209,0.983169632977716,4.209,98.3169632977716
0.00421,0.983174867053592,4.21,98.3174867053592
0.004211,0.983180081594991,4.211,98.3180081594991
0.004212,0.983185276451913,4.212,98.3185276451913
0.004213,0.983190451475065,4.213,98.3190451475065
0.004214,0.983195606515851,4.214,98.3195606515851
0.004215,0.983200741426422,4.215,98.3200741426422
0.004216,0.983205856059665,4.216,98.3205856059665
0.004217,0.983210950269186,4.217,98.3210950269186
0.004218,0.983216023909295,4.218,98.3216023909295
0.004219,0.983221076835024,4.219,98.3221076835024
0.00422,0.983226108902121,4.22,98.3226108902121
0.004221,0.98323111996702,4.221,98.323111996702
0.004222,0.983236109886852,4.222,98.3236109886852
0.004223,0.983241078519438,4.223,98.3241078519438
0.004224,0.98324602572331,4.224,98.324602572331
0.004225,0.983250951357747,4.225,98.3250951357747
0.004226,0.983255855282847,4.226,98.3255855282847
0.004227,0.9832607373595,4.227,98.32607373595
0.004228,0.983265597449375,4.228,98.3265597449375
0.004229,0.983270435414887,4.229,98.3270435414887
0.00423,0.983275251119189,4.23,98.3275251119189
0.004231,0.983280044426184,4.231,98.3280044426184
0.004232,0.983284815200551,4.232,98.3284815200551
0.004233,0.983289563307703,4.233,98.3289563307703
0.004234,0.983294288613796,4.234,98.3294288613796
0.004235,0.983298990985742,4.235,98.3298990985742
0.004236,0.983303670291288,4.236,98.3303670291288
0.004237,0.983308326398962,4.237,98.3308326398962
0.004238,0.983312959178121,4.238,98.3312959178121
0.004239,0.983317568498915,4.239,98.3317568498915
0.00424,0.983322154232286,4.24,98.3322154232286
0.004241,0.98332671624998,4.241,98.332671624998
0.004242,0.983331254424528,4.242,98.3331254424528
0.004243,0.983335768629262,4.243,98.3335768629262
0.004244,0.983340258738291,4.244,98.3340258738291
0.004245,0.983344724626557,4.245,98.3344724626557
0.004246,0.983349166169833,4.246,98.3349166169833
0.004247,0.983353583244688,4.247,98.3353583244688
0.004248,0.98335797572853,4.248,98.335797572853
0.004249,0.983362343499551,4.249,98.3362343499551
0.00425,0.98336668643677,4.25,98.336668643677
0.004251,0.983371004420033,4.251,98.3371004420033
0.004252,0.983375297330062,4.252,98.3375297330062
0.004253,0.983379565048443,4.253,98.3379565048443
0.004254,0.983383807457595,4.254,98.3383807457595
0.004255,0.983388024440799,4.255,98.3388024440799
0.004256,0.983392215882177,4.256,98.3392215882177
0.004257,0.983396381666727,4.257,98.3396381666727
0.004258,0.983400521680333,4.258,98.3400521680333
0.004259,0.983404635809726,4.259,98.3404635809726
0.00426,0.983408723942435,4.26,98.3408723942435
0.004261,0.983412785966802,4.261,98.3412785966802
0.004262,0.983416821772014,4.262,98.3416821772014
0.004263,0.983420831248138,4.263,98.3420831248138
0.004264,0.983424814286145,4.264,98.3424814286145
0.004265,0.983428770777904,4.265,98.3428770777904
0.004266,0.983432700616197,4.266,98.3432700616197
0.004267,0.983436603694696,4.267,98.3436603694696
0.004268,0.983440479908002,4.268,98.3440479908002
0.004269,0.983444329151598,4.269,98.3444329151598
0.00427,0.983448151321844,4.27,98.3448151321844
0.004271,0.983451946315983,4.271,98.3451946315983
0.004272,0.983455714032127,4.272,98.3455714032127
0.004273,0.983459454369271,4.273,98.3459454369271
0.004274,0.983463167227281,4.274,98.3463167227281
0.004275,0.983466852506942,4.275,98.3466852506942
0.004276,0.983470510109935,4.276,98.3470510109935
0.004277,0.983474139938875,4.277,98.3474139938875
0.004278,0.983477741897319,4.278,98.3477741897319
0.004279,0.983481315889757,4.279,98.3481315889757
0.00428,0.983484861821568,4.28,98.3484861821568
0.004281,0.983488379599036,4.281,98.3488379599036
0.004282,0.983491869129338,4.282,98.3491869129338
0.004283,0.983495330320565,4.283,98.3495330320565
0.004284,0.98349876308176,4.284,98.349876308176
0.004285,0.983502167322888,4.285,98.3502167322888
0.004286,0.983505542954835,4.286,98.3505542954835
0.004287,0.983508889889363,4.287,98.3508889889363
0.004288,0.983512208039169,4.288,98.3512208039169
0.004289,0.983515497317899,4.289,98.3515497317899
0.00429,0.98351875764015,4.29,98.351875764015
0.004291,0.983521988921486,4.291,98.3521988921486
0.004292,0.983525191078378,4.292,98.3525191078378
0.004293,0.983528364028231,4.293,98.3528364028231
0.004294,0.983531507689378,4.294,98.3531507689378
0.004295,0.983534621981129,4.295,98.3534621981129
0.004296,0.983537706823747,4.296,98.3537706823747
0.004297,0.983540762138439,4.297,98.3540762138439
0.004298,0.983543787847366,4.298,98.3543787847366
0.004299,0.983546783873599,4.299,98.3546783873599
0.0043,0.983549750141141,4.3,98.3549750141141
0.004301,0.983552686574928,4.301,98.3552686574928
0.004302,0.983555593100862,4.302,98.3555593100862
0.004303,0.983558469645791,4.303,98.3558469645791
0.004304,0.983561316137573,4.304,98.3561316137573
0.004305,0.983564132505039,4.305,98.3564132505039
0.004306,0.983566918678019,4.306,98.3566918678019
0.004307,0.983569674587314,4.307,98.3569674587314
0.004308,0.9835724001647,4.308,98.35724001647
0.004309,0.98357509534293,4.309,98.357509534293
0.00431,0.983577760055717,4.31,98.3577760055717
0.004311,0.983580394237757,4.311,98.3580394237757
0.004312,0.983582997824677,4.312,98.3582997824677
0.004313,0.983585570753038,4.313,98.3585570753038
0.004314,0.983588112960334,4.314,98.3588112960334
0.004315,0.983590624385054,4.315,98.3590624385054
0.004316,0.983593104966681,4.316,98.3593104966681
0.004317,0.983595554645734,4.317,98.3595554645734
0.004318,0.98359797336372,4.318,98.359797336372
0.004319,0.98360036106313,4.319,98.360036106313
0.00432,0.983602717687413,4.32,98.3602717687413
0.004321,0.983605043181009,4.321,98.3605043181009
0.004322,0.983607337489389,4.322,98.3607337489389
0.004323,0.98360960055899,4.323,98.360960055899
0.004324,0.983611832337263,4.324,98.3611832337263
0.004325,0.983614032772613,4.325,98.3614032772613
0.004326,0.983616201814422,4.326,98.3616201814422
0.004327,0.983618339413038,4.327,98.3618339413038
0.004328,0.983620445519826,4.328,98.3620445519826
0.004329,0.983622520087154,4.329,98.3622520087154
0.00433,0.983624563068388,4.33,98.3624563068388
0.004331,0.983626574417895,4.331,98.3626574417895
0.004332,0.983628554091027,4.332,98.3628554091027
0.004333,0.983630502044133,4.333,98.3630502044133
0.004334,0.983632418234546,4.334,98.3632418234546
0.004335,0.983634302620617,4.335,98.3634302620617
0.004336,0.983636155161688,4.336,98.3636155161688
0.004337,0.983637975818125,4.337,98.3637975818125
0.004338,0.983639764551281,4.338,98.3639764551281
0.004339,0.983641521323511,4.339,98.3641521323511
0.00434,0.983643246098129,4.34,98.3643246098129
0.004341,0.983644938839448,4.341,98.3644938839448
0.004342,0.98364659951279,4.342,98.364659951279
0.004343,0.983648228084502,4.343,98.3648228084502
0.004344,0.983649824521951,4.344,98.3649824521951
0.004345,0.983651388793522,4.345,98.3651388793522
0.004346,0.983652920868601,4.346,98.3652920868601
0.004347,0.983654420717547,4.347,98.3654420717547
0.004348,0.983655888311763,4.348,98.3655888311763
0.004349,0.983657323623662,4.349,98.3657323623662
0.00435,0.983658726626696,4.35,98.3658726626696
0.004351,0.983660097295274,4.351,98.3660097295274
0.004352,0.983661435604796,4.352,98.3661435604796
0.004353,0.983662741531606,4.353,98.3662741531606
0.004354,0.983664015053042,4.354,98.3664015053042
0.004355,0.983665256147453,4.355,98.3665256147453
0.004356,0.983666464794217,4.356,98.3666464794217
0.004357,0.98366764097375,4.357,98.366764097375
0.004358,0.983668784667476,4.358,98.3668784667476
0.004359,0.983669895857831,4.359,98.3669895857831
0.00436,0.983670974528253,4.36,98.3670974528253
0.004361,0.983672020663203,4.361,98.3672020663203
0.004362,0.983673034248148,4.362,98.3673034248148
0.004363,0.983674015269581,4.363,98.3674015269581
0.004364,0.98367496371497,4.364,98.367496371497
0.004365,0.983675879572786,4.365,98.3675879572786
0.004366,0.983676762832477,4.366,98.3676762832477
0.004367,0.983677613484471,4.367,98.3677613484471
0.004368,0.983678431520174,4.368,98.3678431520174
0.004369,0.983679216932018,4.369,98.3679216932018
0.00437,0.983679969713438,4.37,98.3679969713438
0.004371,0.983680689858874,4.371,98.3680689858874
0.004372,0.983681377363779,4.372,98.3681377363779
0.004373,0.983682032224588,4.373,98.3682032224588
0.004374,0.983682654438743,4.374,98.3682654438743
0.004375,0.983683244004676,4.375,98.3683244004676
0.004376,0.983683800921868,4.376,98.3683800921868
0.004377,0.983684325190798,4.377,98.3684325190798
0.004378,0.983684816812965,4.378,98.3684816812965
0.004379,0.983685275790824,4.379,98.3685275790824
0.00438,0.983685702127817,4.38,98.3685702127817
0.004381,0.983686095828362,4.381,98.3686095828362
0.004382,0.983686456897898,4.382,98.3686456897898
0.004383,0.983686785342863,4.383,98.3686785342863
0.004384,0.983687081170715,4.384,98.3687081170715
0.004385,0.983687344389895,4.385,98.3687344389895
0.004386,0.983687575009822,4.386,98.3687575009822
0.004387,0.983687773040892,4.387,98.3687773040892
0.004388,0.983687938494494,4.388,98.3687938494494
0.004389,0.983688071383033,4.389,98.3688071383033
0.00439,0.983688171719926,4.39,98.3688171719926
0.004391,0.983688239519584,4.391,98.3688239519584
0.004392,0.983688274797374,4.392,98.3688274797374
0.004393,0.983688277569655,4.393,98.3688277569655
0.004394,0.983688247853728,4.394,98.3688247853728
0.004395,0.983688185667884,4.395,98.3688185667884
0.004396,0.983688091031392,4.396,98.3688091031392
0.004397,0.983687963964547,4.397,98.3687963964547
0.004398,0.983687804488623,4.398,98.3687804488623
0.004399,0.983687612625896,4.399,98.3687612625896
0.0044,0.983687388399618,4.4,98.3687388399618
0.004401,0.983687131834029,4.401,98.3687131834029
0.004402,0.983686842954338,4.402,98.3686842954338
0.004403,0.983686521786742,4.403,98.3686521786742
0.004404,0.983686168358408,4.404,98.3686168358408
0.004405,0.98368578269748,4.405,98.368578269748
0.004406,0.983685364833052,4.406,98.3685364833052
0.004407,0.983684914795149,4.407,98.3684914795149
0.004408,0.983684432614751,4.408,98.3684432614751
0.004409,0.983683918323802,4.409,98.3683918323802
0.00441,0.983683371955225,4.41,98.3683371955225
0.004411,0.983682793542915,4.411,98.3682793542915
0.004412,0.983682183121743,4.412,98.3682183121743
0.004413,0.983681540727516,4.413,98.3681540727516
0.004414,0.983680866397016,4.414,98.3680866397016
0.004415,0.983680160167967,4.415,98.3680160167967
0.004416,0.983679422079082,4.416,98.3679422079082
0.004417,0.983678652170046,4.417,98.3678652170046
0.004418,0.983677850481527,4.418,98.3677850481527
0.004419,0.983677017055117,4.419,98.3677017055117
0.00442,0.983676151933333,4.42,98.3676151933333
0.004421,0.983675255159613,4.421,98.3675255159613
0.004422,0.983674326778327,4.422,98.3674326778327
0.004423,0.983673366834777,4.423,98.3673366834777
0.004424,0.983672375375222,4.424,98.3672375375222
0.004425,0.983671352446864,4.425,98.3671352446864
0.004426,0.983670298097846,4.426,98.3670298097846
0.004427,0.983669212377222,4.427,98.3669212377222
0.004428,0.983668095334964,4.428,98.3668095334964
0.004429,0.98366694702197,4.429,98.366694702197
0.00443,0.983665767490084,4.43,98.3665767490084
0.004431,0.983664556792088,4.431,98.3664556792088
0.004432,0.983663314981696,4.432,98.3663314981696
0.004433,0.983662042113562,4.433,98.3662042113562
0.004434,0.983660738243241,4.434,98.3660738243241
0.004435,0.983659403427194,4.435,98.3659403427194
0.004436,0.983658037722774,4.436,98.3658037722774
0.004437,0.983656641188249,4.437,98.3656641188249
0.004438,0.983655213882802,4.438,98.3655213882802
0.004439,0.983653755866536,4.439,98.3653755866536
0.00444,0.983652267200459,4.44,98.3652267200459
0.004441,0.983650747946468,4.441,98.3650747946468
0.004442,0.983649198167363,4.442,98.3649198167363
0.004443,0.983647617926847,4.443,98.3647617926847
0.004444,0.983646007289509,4.444,98.3646007289509
0.004445,0.983644366320851,4.445,98.3644366320851
0.004446,0.983642695087255,4.446,98.3642695087255
0.004447,0.983640993655981,4.447,98.3640993655981
0.004448,0.983639262095138,4.448,98.3639262095138
0.004449,0.983637500473707,4.449,98.3637500473707
0.00445,0.983635708861552,4.45,98.3635708861552
0.004451,0.983633887329425,4.451,98.3633887329425
0.004452,0.983632035948972,4.452,98.3632035948972
0.004453,0.983630154792709,4.453,98.3630154792709
0.004454,0.983628243934029,4.454,98.3628243934029
0.004455,0.983626303447183,4.455,98.3626303447183
0.004456,0.983624333407268,4.456,98.3624333407268
0.004457,0.98362233389025,4.457,98.362233389025
0.004458,0.983620304972971,4.458,98.3620304972971
0.004459,0.983618246733159,4.459,98.3618246733159
0.00446,0.98361615924939,4.46,98.361615924939
0.004461,0.983614042601087,4.461,98.3614042601087
0.004462,0.983611896868491,4.462,98.3611896868491
0.004463,0.983609722132655,4.463,98.3609722132655
0.004464,0.983607518475469,4.464,98.3607518475469
0.004465,0.983605285979642,4.465,98.3605285979642
0.004466,0.983603024728731,4.466,98.3603024728731
0.004467,0.983600734807141,4.467,98.3600734807141
0.004468,0.983598416300115,4.468,98.3598416300115
0.004469,0.983596069293711,4.469,98.3596069293711
0.00447,0.983593693874804,4.47,98.3593693874804
0.004471,0.983591290131096,4.471,98.3591290131096
0.004472,0.983588858151105,4.472,98.3588858151105
0.004473,0.983586398024182,4.473,98.3586398024182
0.004474,0.983583909840501,4.474,98.3583909840501
0.004475,0.983581393691048,4.475,98.3581393691048
0.004476,0.98357884966761,4.476,98.357884966761
0.004477,0.983576277862754,4.477,98.3576277862754
0.004478,0.983573678369841,4.478,98.3573678369841
0.004479,0.983571051283018,4.479,98.3571051283018
0.00448,0.983568396697231,4.48,98.3568396697231
0.004481,0.983565714708192,4.481,98.3565714708192
0.004482,0.983563005412384,4.482,98.3563005412384
0.004483,0.983560268907068,4.483,98.3560268907068
0.004484,0.983557505290277,4.484,98.3557505290277
0.004485,0.983554714660816,4.485,98.3554714660816
0.004486,0.983551897118273,4.486,98.3551897118273
0.004487,0.98354905276301,4.487,98.354905276301
0.004488,0.983546181696164,4.488,98.3546181696164
0.004489,0.983543284019623,4.489,98.3543284019623
0.00449,0.983540359836008,4.49,98.3540359836008
0.004491,0.983537409248672,4.491,98.3537409248672
0.004492,0.983534432361717,4.492,98.3534432361717
0.004493,0.983531429280008,4.493,98.3531429280008
0.004494,0.983528400109159,4.494,98.3528400109159
0.004495,0.983525344955533,4.495,98.3525344955533
0.004496,0.983522263926234,4.496,98.3522263926234
0.004497,0.983519157129079,4.497,98.3519157129079
0.004498,0.9835160246726,4.498,98.35160246726
0.004499,0.983512866666031,4.499,98.3512866666031
0.0045,0.983509683219328,4.5,98.3509683219328
0.004501,0.983506474443169,4.501,98.3506474443169
0.004502,0.983503240448957,4.502,98.3503240448957
0.004503,0.983499981348804,4.503,98.3499981348804
0.004504,0.983496697255514,4.504,98.3496697255514
0.004505,0.983493388282576,4.505,98.3493388282576
0.004506,0.983490054544148,4.506,98.3490054544148
0.004507,0.983486696155066,4.507,98.3486696155066
0.004508,0.98348331323085,4.508,98.348331323085
0.004509,0.983479905887725,4.509,98.3479905887725
0.00451,0.983476474242592,4.51,98.3476474242592
0.004511,0.983473018413035,4.511,98.3473018413035
0.004512,0.983469538517306,4.512,98.3469538517306
0.004513,0.983466034674333,4.513,98.3466034674333
0.004514,0.983462507003714,4.514,98.3462507003714
0.004515,0.983458955625702,4.515,98.3458955625702
0.004516,0.983455380661211,4.516,98.3455380661211
0.004517,0.983451782231791,4.517,98.3451782231791
0.004518,0.98344816045966,4.518,98.344816045966
0.004519,0.983444515467651,4.519,98.3444515467651
0.00452,0.983440847379233,4.52,98.3440847379233
0.004521,0.983437156318503,4.521,98.3437156318503
0.004522,0.983433442410192,4.522,98.3433442410192
0.004523,0.983429705779661,4.523,98.3429705779661
0.004524,0.983425946552872,4.524,98.3425946552872
0.004525,0.983422164856403,4.525,98.3422164856403
0.004526,0.983418360817423,4.526,98.3418360817423
0.004527,0.98341453456371,4.527,98.341453456371
0.004528,0.983410686223656,4.528,98.3410686223656
0.004529,0.983406815926268,4.529,98.3406815926268
0.00453,0.98340292380117,4.53,98.340292380117
0.004531,0.983399009978594,4.531,98.3399009978594
0.004532,0.98339507458935,4.532,98.339507458935
0.004533,0.983391117764824,4.533,98.3391117764824
0.004534,0.983387139636967,4.534,98.3387139636967
0.004535,0.983383140338295,4.535,98.3383140338295
0.004536,0.98337912000189,4.536,98.337912000189
0.004537,0.983375078761396,4.537,98.3375078761396
0.004538,0.983371016751049,4.538,98.3371016751049
0.004539,0.983366934105635,4.539,98.3366934105635
0.00454,0.983362830960494,4.54,98.3362830960494
0.004541,0.98335870745149,4.541,98.335870745149
0.004542,0.983354563715011,4.542,98.3354563715011
0.004543,0.983350399887985,4.543,98.3350399887985
0.004544,0.983346216107877,4.544,98.3346216107877
0.004545,0.983342012512691,4.545,98.3342012512691
0.004546,0.983337789240948,4.546,98.3337789240948
0.004547,0.983333546431709,4.547,98.3333546431709
0.004548,0.98332928422455,4.548,98.332928422455
0.004549,0.983325002759557,4.549,98.3325002759557
0.00455,0.98332070217731,4.55,98.332070217731
0.004551,0.983316382618895,4.551,98.3316382618895
0.004552,0.983312044225892,4.552,98.3312044225892
0.004553,0.983307687140379,4.553,98.3307687140379
0.004554,0.983303311504934,4.554,98.3303311504934
0.004555,0.983298917462609,4.555,98.3298917462609
0.004556,0.98329450515695,4.556,98.329450515695
0.004557,0.983290074731974,4.557,98.3290074731974
0.004558,0.983285626332182,4.558,98.3285626332182
0.004559,0.98328116010253,4.559,98.328116010253
0.00456,0.98327667618844,4.56,98.327667618844
0.004561,0.983272174735771,4.561,98.3272174735771
0.004562,0.983267655890815,4.562,98.3267655890815
0.004563,0.983263119800299,4.563,98.3263119800299
0.004564,0.9832585666114,4.564,98.32585666114
0.004565,0.983253996471729,4.565,98.3253996471729
0.004566,0.983249409529336,4.566,98.3249409529336
0.004567,0.983244805932698,4.567,98.3244805932698
0.004568,0.983240185830709,4.568,98.3240185830709
0.004569,0.983235549372684,4.569,98.3235549372684
0.00457,0.983230896708332,4.57,98.3230896708332
0.004571,0.98322622798777,4.571,98.322622798777
0.004572,0.9832215433615,4.572,98.32215433615
0.004573,0.983216842980453,4.573,98.3216842980453
0.004574,0.983212126995964,4.574,98.3212126995964
0.004575,0.983207395559775,4.575,98.3207395559775
0.004576,0.983202648824006,4.576,98.3202648824006
0.004577,0.983197886941148,4.577,98.3197886941148
0.004578,0.98319311006405,4.578,98.319311006405
0.004579,0.983188318345919,4.579,98.3188318345919
0.00458,0.983183511940322,4.58,98.3183511940322
0.004581,0.983178691001173,4.581,98.3178691001173
0.004582,0.983173855682748,4.582,98.3173855682748
0.004583,0.98316900613967,4.583,98.316900613967
0.004584,0.983164142526921,4.584,98.3164142526921
0.004585,0.983159264999803,4.585,98.3159264999803
0.004586,0.983154373713952,4.586,98.3154373713952
0.004587,0.98314946882532,4.587,98.314946882532
0.004588,0.983144550490186,4.588,98.3144550490186
0.004589,0.983139618865145,4.589,98.3139618865145
0.00459,0.98313467410712,4.59,98.313467410712
0.004591,0.983129716373342,4.591,98.3129716373342
0.004592,0.983124745821349,4.592,98.3124745821349
0.004593,0.983119762608978,4.593,98.3119762608978
0.004594,0.983114766894367,4.594,98.3114766894367
0.004595,0.983109758835942,4.595,98.3109758835942
0.004596,0.983104738592409,4.596,98.3104738592409
0.004597,0.983099706322748,4.597,98.3099706322748
0.004598,0.983094662186184,4.598,98.3094662186184
0.004599,0.98308960634222,4.599,98.308960634222
0.0046,0.98308453895062,4.6,98.308453895062
0.004601,0.983079460171418,4.601,98.3079460171418
0.004602,0.983074370164896,4.602,98.3074370164896
0.004603,0.98306926909159,4.603,98.306926909159
0.004604,0.983064157112277,4.604,98.3064157112277
0.004605,0.983059034387975,4.605,98.3059034387975
0.004606,0.983053901079922,4.606,98.3053901079922
0.004607,0.983048757349572,4.607,98.3048757349572
0.004608,0.98304360335859,4.608,98.304360335859
0.004609,0.98303843926886,4.609,98.303843926886
0.00461,0.983033265242497,4.61,98.3033265242497
0.004611,0.983028081441832,4.611,98.3028081441832
0.004612,0.983022888029409,4.612,98.3022888029409
0.004613,0.983017685167971,4.613,98.3017685167971
0.004614,0.983012473020457,4.614,98.3012473020457
0.004615,0.983007251749978,4.615,98.3007251749978
0.004616,0.98300202151983,4.616,98.300202151983
0.004617,0.982996782493474,4.617,98.2996782493474
0.004618,0.98299153483455,4.618,98.299153483455
0.004619,0.982986278706863,4.619,98.2986278706863
0.00462,0.982981014274399,4.62,98.2981014274399
0.004621,0.982975741701294,4.621,98.2975741701294
0.004622,0.982970461151835,4.622,98.2970461151835
0.004623,0.982965172790443,4.623,98.2965172790443
0.004624,0.982959876781664,4.624,98.2959876781664
0.004625,0.982954573290174,4.625,98.2954573290174
0.004626,0.982949262480782,4.626,98.2949262480782
0.004627,0.982943944518426,4.627,98.2943944518426
0.004628,0.982938619568156,4.628,98.2938619568156
0.004629,0.982933287795139,4.629,98.2933287795139
0.00463,0.982927949364656,4.63,98.2927949364656
0.004631,0.982922604442102,4.631,98.2922604442102
0.004632,0.982917253192975,4.632,98.2917253192975
0.004633,0.982911895782869,4.633,98.2911895782869
0.004634,0.982906532377456,4.634,98.2906532377456
0.004635,0.982901163142494,4.635,98.2901163142494
0.004636,0.982895788243819,4.636,98.2895788243819
0.004637,0.982890407847359,4.637,98.2890407847359
0.004638,0.982885022119108,4.638,98.2885022119108
0.004639,0.98287963122513,4.639,98.287963122513
0.00464,0.982874235331547,4.64,98.2874235331547
0.004641,0.98286883460454,4.641,98.286883460454
0.004642,0.982863429210325,4.642,98.2863429210325
0.004643,0.982858019315152,4.643,98.2858019315152
0.004644,0.982852605085304,4.644,98.2852605085304
0.004645,0.982847186687082,4.645,98.2847186687082
0.004646,0.982841764286818,4.646,98.2841764286818
0.004647,0.982836338050875,4.647,98.2836338050875
0.004648,0.982830908145637,4.648,98.2830908145637
0.004649,0.98282547473751,4.649,98.282547473751
0.00465,0.982820037992911,4.65,98.2820037992911
0.004651,0.982814598078253,4.651,98.2814598078253
0.004652,0.982809155159949,4.652,98.2809155159949
0.004653,0.982803709404389,4.653,98.2803709404389
0.004654,0.982798260977947,4.654,98.2798260977947
0.004655,0.982792810046963,4.655,98.2792810046963
0.004656,0.982787356777771,4.656,98.2787356777771
0.004657,0.982781901336678,4.657,98.2781901336678
0.004658,0.982776443889978,4.658,98.2776443889978
0.004659,0.982770984603922,4.659,98.2770984603922
0.00466,0.982765523644713,4.66,98.2765523644713
0.004661,0.982760061178493,4.661,98.2760061178493
0.004662,0.982754597371348,4.662,98.2754597371348
0.004663,0.982749132389304,4.663,98.2749132389304
0.004664,0.982743666398324,4.664,98.2743666398324
0.004665,0.982738199564298,4.665,98.2738199564298
0.004666,0.982732732053031,4.666,98.2732732053031
0.004667,0.982727264030253,4.667,98.2727264030253
0.004668,0.98272179566162,4.668,98.272179566162
0.004669,0.982716327112694,4.669,98.2716327112694
0.00467,0.982710858548946,4.67,98.2710858548946
0.004671,0.982705390135744,4.671,98.2705390135744
0.004672,0.982699922038344,4.672,98.2699922038344
0.004673,0.982694454421895,4.673,98.2694454421895
0.004674,0.98268898745143,4.674,98.268898745143
0.004675,0.982683521291876,4.675,98.2683521291876
0.004676,0.982678056108036,4.676,98.2678056108036
0.004677,0.982672592064593,4.677,98.2672592064593
0.004678,0.982667129326093,4.678,98.2667129326093
0.004679,0.982661668056945,4.679,98.2661668056945
0.00468,0.982656208421409,4.68,98.2656208421409
0.004681,0.982650750583585,4.681,98.2650750583585
0.004682,0.982645294707418,4.682,98.2645294707418
0.004683,0.982639840956686,4.683,98.2639840956686
0.004684,0.982634389495014,4.684,98.2634389495014
0.004685,0.982628940485857,4.685,98.2628940485857
0.004686,0.982623494092494,4.686,98.2623494092494
0.004687,0.982618050478027,4.687,98.2618050478027
0.004688,0.982612609805371,4.688,98.2612609805371
0.004689,0.982607172237256,4.689,98.2607172237256
0.00469,0.982601737936205,4.69,98.2601737936205
0.004691,0.982596307064542,4.691,98.2596307064542
0.004692,0.982590879784373,4.692,98.2590879784373
0.004693,0.982585456257593,4.693,98.2585456257593
0.004694,0.982580036645894,4.694,98.2580036645894
0.004695,0.982574621110768,4.695,98.2574621110768
0.004696,0.982569209813502,4.696,98.2569209813502
0.004697,0.982563802915151,4.697,98.2563802915151
0.004698,0.982558400576541,4.698,98.2558400576541
0.004699,0.982553002958256,4.699,98.2553002958256
0.0047,0.982547610220629,4.7,98.2547610220629
0.004701,0.982542222523755,4.701,98.2542222523755
0.004702,0.982536840027474,4.702,98.2536840027474
0.004703,0.982531462891366,4.703,98.2531462891366
0.004704,0.982526091274748,4.704,98.2526091274748
0.004705,0.982520725336675,4.705,98.2520725336675
0.004706,0.982515365235935,4.706,98.2515365235935
0.004707,0.982510011131045,4.707,98.2510011131045
0.004708,0.982504663180246,4.708,98.2504663180246
0.004709,0.982499321541488,4.709,98.2499321541488
0.00471,0.982493986372427,4.71,98.2493986372427
0.004711,0.982488657830421,4.711,98.2488657830421
0.004712,0.982483336072527,4.712,98.2483336072527
0.004713,0.982478021255493,4.713,98.2478021255493
0.004714,0.982472713535768,4.714,98.2472713535768
0.004715,0.982467413069486,4.715,98.2467413069486
0.004716,0.982462120012477,4.716,98.2462120012477
0.004717,0.982456834520245,4.717,98.2456834520245
0.004718,0.982451556747962,4.718,98.2451556747962
0.004719,0.982446286850471,4.719,98.2446286850471
0.00472,0.982441024982276,4.72,98.2441024982276
0.004721,0.982435771297542,4.721,98.2435771297542
0.004722,0.982430525950101,4.722,98.2430525950101
0.004723,0.982425289093439,4.723,98.2425289093439
0.004724,0.982420060880688,4.724,98.2420060880688
0.004725,0.982414841464617,4.725,98.2414841464617
0.004726,0.982409630997634,4.726,98.2409630997634
0.004727,0.982404429631782,4.727,98.2404429631782
0.004728,0.982399237518733,4.728,98.2399237518733
0.004729,0.982394054809778,4.729,98.2394054809778
0.00473,0.982388881655816,4.73,98.2388881655816
0.004731,0.982383718207357,4.731,98.2383718207357
0.004732,0.982378564614529,4.732,98.2378564614529
0.004733,0.982373421027067,4.733,98.2373421027067
0.004734,0.982368287594329,4.734,98.2368287594329
0.004735,0.982363164465272,4.735,98.2363164465272
0.004736,0.982358051788449,4.736,98.2358051788449
0.004737,0.982352949711993,4.737,98.2352949711993
0.004738,0.982347858383613,4.738,98.2347858383613
0.004739,0.982342777950604,4.739,98.2342777950604
0.00474,0.982337708559827,4.74,98.2337708559827
0.004741,0.982332650357728,4.741,98.2332650357728
0.004742,0.982327603490315,4.742,98.2327603490315
0.004743,0.982322568103163,4.743,98.2322568103163
0.004744,0.982317544341416,4.744,98.2317544341416
0.004745,0.982312532349771,4.745,98.2312532349771
0.004746,0.982307532272479,4.746,98.2307532272479
0.004747,0.98230254425334,4.747,98.230254425334
0.004748,0.982297568435697,4.748,98.2297568435697
0.004749,0.982292604962419,4.749,98.2292604962419
0.00475,0.982287653975905,4.75,98.2287653975905
0.004751,0.982282715618077,4.751,98.2282715618077
0.004752,0.982277790030378,4.752,98.2277790030378
0.004753,0.982272877353776,4.753,98.2272877353776
0.004754,0.982267977728765,4.754,98.2267977728765
0.004755,0.98226309129536,4.755,98.226309129536
0.004756,0.982258218193089,4.756,98.2258218193089
0.004757,0.982253358560982,4.757,98.2253358560982
0.004758,0.982248512537569,4.758,98.2248512537569
0.004759,0.982243680260879,4.759,98.2243680260879
0.00476,0.982238861868437,4.76,98.2238861868437
0.004761,0.982234057497272,4.761,98.2234057497272
0.004762,0.982229267283892,4.762,98.2229267283892
0.004763,0.982224491364294,4.763,98.2224491364294
0.004764,0.982219729873948,4.764,98.2219729873948
0.004765,0.982214982947798,4.765,98.2214982947798
0.004766,0.982210250720266,4.766,98.2210250720266
0.004767,0.982205533325241,4.767,98.2205533325241
0.004768,0.982200830896082,4.768,98.2200830896082
0.004769,0.982196143565599,4.769,98.2196143565599
0.00477,0.982191471466055,4.77,98.2191471466055
0.004771,0.982186814729163,4.771,98.2186814729163
0.004772,0.98218217348609,4.772,98.218217348609
0.004773,0.982177547867454,4.773,98.2177547867454
0.004774,0.982172938003315,4.774,98.2172938003315
0.004775,0.982168344023169,4.775,98.2168344023169
0.004776,0.982163766055943,4.776,98.2163766055943
0.004777,0.982159204229982,4.777,98.2159204229982
0.004778,0.982154658673051,4.778,98.2154658673051
0.004779,0.982150129512339,4.779,98.2150129512339
0.00478,0.982145616874456,4.78,98.2145616874456
0.004781,0.982141120885437,4.781,98.2141120885437
0.004782,0.982136641670731,4.782,98.2136641670731
0.004783,0.982132179355202,4.783,98.2132179355202
0.004784,0.982127734063119,4.784,98.2127734063119
0.004785,0.982123305918162,4.785,98.2123305918162
0.004786,0.982118895043401,4.786,98.2118895043401
0.004787,0.982114501561306,4.787,98.2114501561306
0.004788,0.982110125593741,4.788,98.2110125593741
0.004789,0.982105767261951,4.789,98.2105767261951
0.00479,0.982101426686563,4.79,98.2101426686563
0.004791,0.982097103987577,4.791,98.2097103987577
0.004792,0.982092799284378,4.792,98.2092799284378
0.004793,0.98208851269573,4.793,98.208851269573
0.004794,0.982084244339783,4.794,98.2084244339783
0.004795,0.982079994334055,4.795,98.2079994334055
0.004796,0.982075762795434,4.796,98.2075762795434
0.004797,0.98207154984016,4.797,98.207154984016
0.004798,0.982067355583829,4.798,98.2067355583829
0.004799,0.982063180141391,4.799,98.2063180141391
0.0048,0.982059023627146,4.8,98.2059023627146
0.004801,0.982054886154754,4.801,98.2054886154754
0.004802,0.982050767837216,4.802,98.2050767837216
0.004803,0.982046668786873,4.803,98.2046668786873
0.004804,0.982042589115405,4.804,98.2042589115405
0.004805,0.982038528933834,4.805,98.2038528933834
0.004806,0.982034488352518,4.806,98.2034488352518
0.004807,0.982030467481154,4.807,98.2030467481154
0.004808,0.982026466428769,4.808,98.2026466428769
0.004809,0.982022485303714,4.809,98.2022485303714
0.00481,0.982018524213657,4.81,98.2018524213657
0.004811,0.982014583265585,4.811,98.2014583265585
0.004812,0.982010662565796,4.812,98.2010662565796
0.004813,0.982006762219908,4.813,98.2006762219908
0.004814,0.982002882332852,4.814,98.2002882332852
0.004815,0.981999023008865,4.815,98.1999023008865
0.004816,0.981995184351485,4.816,98.1995184351485
0.004817,0.98199136646355,4.817,98.199136646355
0.004818,0.981987569447193,4.818,98.1987569447193
0.004819,0.981983793403842,4.819,98.1983793403842
0.00482,0.981980038434224,4.82,98.1980038434224
0.004821,0.981976304638362,4.821,98.1976304638362
0.004822,0.981972592115582,4.822,98.1972592115582
0.004823,0.981968900964489,4.823,98.1968900964489
0.004824,0.981965231282976,4.824,98.1965231282976
0.004825,0.981961583168208,4.825,98.1961583168208
0.004826,0.981957956716637,4.826,98.1957956716637
0.004827,0.981954352023986,4.827,98.1954352023986
0.004828,0.981950769185253,4.828,98.1950769185253
0.004829,0.981947208294709,4.829,98.1947208294709
0.00483,0.981943669445891,4.83,98.1943669445891
0.004831,0.981940152731602,4.831,98.1940152731602
0.004832,0.981936658243906,4.832,98.1936658243906
0.004833,0.98193318607414,4.833,98.193318607414
0.004834,0.981929736312905,4.834,98.1929736312905
0.004835,0.981926309050065,4.835,98.1926309050065
0.004836,0.981922904374737,4.836,98.1922904374737
0.004837,0.981919522375284,4.837,98.1919522375284
0.004838,0.981916163139304,4.838,98.1916163139304
0.004839,0.98191282675365,4.839,98.191282675365
0.00484,0.981909513304411,4.84,98.1909513304411
0.004841,0.981906222876921,4.841,98.1906222876921
0.004842,0.981902955555758,4.842,98.1902955555758
0.004843,0.981899711424741,4.843,98.1899711424741
0.004844,0.981896490566924,4.844,98.1896490566924
0.004845,0.981893293064592,4.845,98.1893293064592
0.004846,0.981890118999268,4.846,98.1890118999268
0.004847,0.981886968451708,4.847,98.1886968451708
0.004848,0.981883841501908,4.848,98.1883841501908
0.004849,0.981880738229083,4.849,98.1880738229083
0.00485,0.981877658711676,4.85,98.1877658711676
0.004851,0.981874603027343,4.851,98.1874603027343
0.004852,0.981871571252965,4.852,98.1871571252965
0.004853,0.981868563464634,4.853,98.1868563464634
0.004854,0.981865579737668,4.854,98.1865579737668
0.004855,0.981862620146599,4.855,98.1862620146599
0.004856,0.981859684765186,4.856,98.1859684765186
0.004857,0.981856773666393,4.857,98.1856773666393
0.004858,0.981853886922396,4.858,98.1853886922396
0.004859,0.981851024604575,4.859,98.1851024604575
0.00486,0.981848186783521,4.86,98.1848186783521
0.004861,0.981845373529027,4.861,98.1845373529027
0.004862,0.981842584910099,4.862,98.1842584910099
0.004863,0.981839820994942,4.863,98.1839820994942
0.004864,0.981837081850963,4.864,98.1837081850963
0.004865,0.98183436754476,4.865,98.183436754476
0.004866,0.981831678142121,4.866,98.1831678142121
0.004867,0.981829013708031,4.867,98.1829013708031
0.004868,0.981826374306669,4.868,98.1826374306669
0.004869,0.981823760001411,4.869,98.1823760001411
0.00487,0.981821170854819,4.87,98.1821170854819
0.004871,0.981818606928646,4.871,98.1818606928646
0.004872,0.981816068283835,4.872,98.1816068283835
0.004873,0.981813554980518,4.873,98.1813554980518
0.004874,0.98181106707801,4.874,98.181106707801
0.004875,0.98180860463482,4.875,98.180860463482
0.004876,0.981806167708636,4.876,98.1806167708636
0.004877,0.981803756356332,4.877,98.1803756356332
0.004878,0.981801370633953,4.878,98.1801370633953
0.004879,0.981799010596716,4.879,98.1799010596716
0.00488,0.981796676299012,4.88,98.1796676299012
0.004881,0.981794367794408,4.881,98.1794367794408
0.004882,0.981792085135655,4.882,98.1792085135655
0.004883,0.981789828374681,4.883,98.1789828374681
0.004884,0.981787597562586,4.884,98.1787597562586
0.004885,0.981785392749645,4.885,98.1785392749645
0.004886,0.981783213985304,4.886,98.1783213985304
0.004887,0.981781061318175,4.887,98.1781061318175
0.004888,0.981778934796043,4.888,98.1778934796043
0.004889,0.981776834465861,4.889,98.1776834465861
0.00489,0.981774760373751,4.89,98.1774760373751
0.004891,0.981772712565001,4.891,98.1772712565001
0.004892,0.98177069108406,4.892,98.177069108406
0.004893,0.98176869597454,4.893,98.176869597454
0.004894,0.981766727279212,4.894,98.1766727279212
0.004895,0.981764785040013,4.895,98.1764785040013
0.004896,0.98176286929805,4.896,98.176286929805
0.004897,0.981760980093591,4.897,98.1760980093591
0.004898,0.981759117466079,4.898,98.1759117466079
0.004899,0.981757281454108,4.899,98.1757281454108
0.0049,0.981755472095433,4.9,98.1755472095433
0.004901,0.981753689426957,4.901,98.1753689426957
0.004902,0.981751933484749,4.902,98.1751933484749
0.004903,0.981750204304034,4.903,98.1750204304034
0.004904,0.981748501919188,4.904,98.1748501919188
0.004905,0.981746826363747,4.905,98.1746826363747
0.004906,0.981745177670395,4.906,98.1745177670395
0.004907,0.981743555870973,4.907,98.1743555870973
0.004908,0.981741960996474,4.908,98.1741960996474
0.004909,0.981740393077046,4.909,98.1740393077046
0.00491,0.981738852141991,4.91,98.1738852141991
0.004911,0.981737338219768,4.911,98.1737338219768
0.004912,0.981735851337994,4.912,98.1735851337994
0.004913,0.981734391523433,4.913,98.1734391523433
0.004914,0.981732958802004,4.914,98.1732958802004
0.004915,0.981731553198773,4.915,98.1731553198773
0.004916,0.981730174737962,4.916,98.1730174737962
0.004917,0.981728823442949,4.917,98.1728823442949
0.004918,0.981727499336257,4.918,98.1727499336257
0.004919,0.981726202439566,4.919,98.1726202439566
0.00492,0.981724932773697,4.92,98.1724932773697
0.004921,0.981723690358621,4.921,98.1723690358621
0.004922,0.981722475213461,4.922,98.1722475213461
0.004923,0.981721287356493,4.923,98.1721287356493
0.004924,0.981720126805151,4.924,98.1720126805151
0.004925,0.981718993576026,4.925,98.1718993576026
0.004926,0.981717887684859,4.926,98.1717887684859
0.004927,0.981716809146544,4.927,98.1716809146544
0.004928,0.981715757975121,4.928,98.1715757975121
0.004929,0.981714734183778,4.929,98.1714734183778
0.00493,0.981713737784853,4.93,98.1713737784853
0.004931,0.981712768789831,4.931,98.1712768789831
0.004932,0.981711827209355,4.932,98.1711827209355
0.004933,0.981710913053218,4.933,98.1710913053218
0.004934,0.981710026330365,4.934,98.1710026330365
0.004935,0.981709167048885,4.935,98.1709167048885
0.004936,0.981708335216018,4.936,98.1708335216018
0.004937,0.981707530838161,4.937,98.1707530838161
0.004938,0.981706753920865,4.938,98.1706753920865
0.004939,0.981706004468838,4.939,98.1706004468838
0.00494,0.981705282485943,4.94,98.1705282485943
0.004941,0.981704587975196,4.941,98.1704587975196
0.004942,0.981703920938766,4.942,98.1703920938766
0.004943,0.981703281377974,4.943,98.1703281377974
0.004944,0.981702669293293,4.944,98.1702669293293
0.004945,0.981702084684349,4.945,98.1702084684349
0.004946,0.981701527549931,4.946,98.1701527549931
0.004947,0.981700997887978,4.947,98.1700997887978
0.004948,0.981700495695594,4.948,98.1700495695594
0.004949,0.981700020969038,4.949,98.1700020969038
0.00495,0.981699573703732,4.95,98.1699573703732
0.004951,0.981699153894251,4.951,98.1699153894251
0.004952,0.981698761534343,4.952,98.1698761534343
0.004953,0.981698396616911,4.953,98.1698396616911
0.004954,0.981698059134022,4.954,98.1698059134022
0.004955,0.981697749076903,4.955,98.1697749076903
0.004956,0.981697466435941,4.956,98.1697466435941
0.004957,0.981697211200683,4.957,98.1697211200683
0.004958,0.981696983359842,4.958,98.1696983359842
0.004959,0.981696782901301,4.959,98.1696782901301
0.00496,0.981696609812105,4.96,98.1696609812105
0.004961,0.981696464078472,4.961,98.1696464078472
0.004962,0.981696345685784,4.962,98.1696345685784
0.004963,0.981696254618592,4.963,98.1696254618592
0.004964,0.98169619086062,4.964,98.169619086062
0.004965,0.98169615439476,4.965,98.169615439476
0.004966,0.981696145203081,4.966,98.1696145203081
0.004967,0.98169616326683,4.967,98.169616326683
0.004968,0.981696208566428,4.968,98.1696208566428
0.004969,0.981696281081473,4.969,98.1696281081473
0.00497,0.98169638079074,4.97,98.169638079074
0.004971,0.981696507672166,4.971,98.1696507672166
0.004972,0.981696661702867,4.972,98.1696661702867
0.004973,0.981696842859136,4.973,98.1696842859136
0.004974,0.981697051116451,4.974,98.1697051116451
0.004975,0.981697286449474,4.975,98.1697286449474
0.004976,0.981697548832051,4.976,98.1697548832051
0.004977,0.981697838237214,4.977,98.1697838237214
0.004978,0.981698154637178,4.978,98.1698154637178
0.004979,0.981698498003351,4.979,98.1698498003351
0.00498,0.981698868306325,4.98,98.1698868306325
0.004981,0.981699265515884,4.981,98.1699265515884
0.004982,0.981699689601005,4.982,98.1699689601005
0.004983,0.98170014052986,4.983,98.170014052986
0.004984,0.981700618269815,4.984,98.1700618269815
0.004985,0.98170112278743,4.985,98.170112278743
0.004986,0.981701654048461,4.986,98.1701654048461
0.004987,0.981702212017861,4.987,98.1702212017861
0.004988,0.981702796659782,4.988,98.1702796659782
0.004989,0.981703407937582,4.989,98.1703407937582
0.00499,0.981704045813826,4.99,98.1704045813826
0.004991,0.981704710250283,4.991,98.1704710250283
0.004992,0.981705401207929,4.992,98.1705401207929
0.004993,0.981706118646954,4.993,98.1706118646954
0.004994,0.981706862526757,4.994,98.1706862526757
0.004995,0.981707632805954,4.995,98.1707632805954
0.004996,0.981708429442373,4.996,98.1708429442373
0.004997,0.98170925239306,4.997,98.170925239306
0.004998,0.981710101614271,4.998,98.1710101614271
0.004999,0.981710977061481,4.999,98.1710977061481
0.005,0.981711878689389,5,98.1711878689389
0.005001,0.981712806451913,5.001,98.1712806451913
0.005002,0.981713760302201,5.002,98.1713760302201
0.005003,0.981714740192625,5.003,98.1714740192625
0.005004,0.981715746074792,5.004,98.1715746074792
0.005005,0.981716777899539,5.005,98.1716777899539
0.005006,0.981717835616935,5.006,98.1717835616935
0.005007,0.981718919176279,5.007,98.1718919176279
0.005008,0.981720028526105,5.008,98.1720028526105
0.005009,0.981721163614188,5.009,98.1721163614188
0.00501,0.981722324387546,5.01,98.1722324387546
0.005011,0.981723510792439,5.011,98.1723510792439
0.005012,0.981724722774374,5.012,98.1724722774374
0.005013,0.981725960278104,5.013,98.1725960278104
0.005014,0.981727223247626,5.014,98.1727223247626
0.005015,0.981728511626189,5.015,98.1728511626189
0.005016,0.981729825356294,5.016,98.1729825356294
0.005017,0.981731164379697,5.017,98.1731164379697
0.005018,0.98173252863742,5.018,98.173252863742
0.005019,0.981733918069746,5.019,98.1733918069746
0.00502,0.981735332616226,5.02,98.1735332616226
0.005021,0.981736772215677,5.021,98.1736772215677
0.005022,0.981738236806182,5.022,98.1738236806182
0.005023,0.981739726325089,5.023,98.1739726325089
0.005024,0.981741240709016,5.024,98.1741240709016
0.005025,0.981742779893858,5.025,98.1742779893858
0.005026,0.981744343814784,5.026,98.1744343814784
0.005027,0.981745932406244,5.027,98.1745932406244
0.005028,0.981747545601969,5.028,98.1747545601969
0.005029,0.98174918333497,5.029,98.174918333497
0.00503,0.981750845537549,5.03,98.1750845537549
0.005031,0.981752532141299,5.031,98.1752532141299
0.005032,0.981754243077104,5.032,98.1754243077104
0.005033,0.981755978275143,5.033,98.1755978275143
0.005034,0.981757737664895,5.034,98.1757737664895
0.005035,0.981759521175134,5.035,98.1759521175134
0.005036,0.981761328733941,5.036,98.1761328733941
0.005037,0.981763160268704,5.037,98.1763160268704
0.005038,0.981765015706116,5.038,98.1765015706116
0.005039,0.981766894972179,5.039,98.1766894972179
0.00504,0.981768797992208,5.04,98.1768797992208
0.005041,0.98177072469083,5.041,98.177072469083
0.005042,0.981772674991989,5.042,98.1772674991989
0.005043,0.98177464881895,5.043,98.177464881895
0.005044,0.981776646094296,5.044,98.1776646094296
0.005045,0.98177866673994,5.045,98.177866673994
0.005046,0.981780710677126,5.046,98.1780710677126
0.005047,0.981782777826431,5.047,98.1782777826431
0.005048,0.981784868107773,5.048,98.1784868107773
0.005049,0.981786981440405,5.049,98.1786981440405
0.00505,0.98178911774292,5.05,98.178911774292
0.005051,0.981791276933252,5.051,98.1791276933252
0.005052,0.981793458928681,5.052,98.1793458928681
0.005053,0.981795663645838,5.053,98.1795663645838
0.005054,0.981797891000704,5.054,98.1797891000704
0.005055,0.981800140908618,5.055,98.1800140908618
0.005056,0.981802413284282,5.056,98.1802413284282
0.005057,0.981804708041757,5.057,98.1804708041757
0.005058,0.981807025094472,5.058,98.1807025094472
0.005059,0.981809364355219,5.059,98.1809364355219
0.00506,0.981811725736157,5.06,98.1811725736157
0.005061,0.981814109148822,5.061,98.1814109148822
0.005062,0.981816514504127,5.062,98.1816514504127
0.005063,0.98181894171237,5.063,98.181894171237
0.005064,0.981821390683231,5.064,98.1821390683231
0.005065,0.981823861325778,5.065,98.1823861325778
0.005066,0.98182635354847,5.066,98.182635354847
0.005067,0.98182886725915,5.067,98.182886725915
0.005068,0.981831402365059,5.068,98.1831402365059
0.005069,0.981833958772839,5.069,98.1833958772839
0.00507,0.981836536388529,5.07,98.1836536388529
0.005071,0.981839135117577,5.071,98.1839135117577
0.005072,0.981841754864838,5.072,98.1841754864838
0.005073,0.981844395534581,5.073,98.1844395534581
0.005074,0.981847057030491,5.074,98.1847057030491
0.005075,0.98184973925568,5.075,98.184973925568
0.005076,0.981852442112671,5.076,98.1852442112671
0.005077,0.981855165503418,5.077,98.1855165503418
0.005078,0.981857909329302,5.078,98.1857909329302
0.005079,0.98186067349113,5.079,98.186067349113
0.00508,0.981863457889147,5.08,98.1863457889147
0.005081,0.981866262423034,5.081,98.1866262423034
0.005082,0.981869086991916,5.082,98.1869086991916
0.005083,0.98187193149436,5.083,98.187193149436
0.005084,0.981874795828385,5.084,98.1874795828385
0.005085,0.981877679891463,5.085,98.1877679891463
0.005086,0.981880583580518,5.086,98.1880583580518
0.005087,0.981883506791938,5.087,98.1883506791938
0.005088,0.981886449421569,5.088,98.1886449421569
0.005089,0.981889411364726,5.089,98.1889411364726
0.00509,0.981892392516199,5.09,98.1892392516199
0.005091,0.98189539277025,5.091,98.189539277025
0.005092,0.981898412020624,5.092,98.1898412020624
0.005093,0.981901450160542,5.093,98.1901450160542
0.005094,0.981904507082716,5.094,98.1904507082716
0.005095,0.981907582679342,5.095,98.1907582679342
0.005096,0.981910676842102,5.096,98.1910676842102
0.005097,0.981913789462175,5.097,98.1913789462175
0.005098,0.981916920430234,5.098,98.1916920430234
0.005099,0.981920069636456,5.099,98.1920069636456
0.0051,0.981923236970526,5.1,98.1923236970526
0.005101,0.981926422321643,5.101,98.1926422321643
0.005102,0.981929625578522,5.102,98.1929625578522
0.005103,0.981932846629391,5.103,98.1932846629391
0.005104,0.981936085362001,5.104,98.1936085362001
0.005105,0.981939341663624,5.105,98.1939341663624
0.005106,0.981942615421063,5.106,98.1942615421063
0.005107,0.981945906520658,5.107,98.1945906520658
0.005108,0.981949214848277,5.108,98.1949214848277
0.005109,0.981952540289339,5.109,98.1952540289339
0.00511,0.981955882728798,5.11,98.1955882728798
0.005111,0.981959242051161,5.111,98.1959242051161
0.005112,0.981962618140485,5.112,98.1962618140485
0.005113,0.981966010880379,5.113,98.1966010880379
0.005114,0.981969420154015,5.114,98.1969420154015
0.005115,0.981972845844121,5.115,98.1972845844121
0.005116,0.981976287832994,5.116,98.1976287832994
0.005117,0.9819797460025,5.117,98.19797460025
0.005118,0.981983220234082,5.118,98.1983220234082
0.005119,0.981986710408763,5.119,98.1986710408763
0.00512,0.981990216407148,5.12,98.1990216407148
0.005121,0.981993738109431,5.121,98.1993738109431
0.005122,0.981997275395393,5.122,98.1997275395393
0.005123,0.982000828144411,5.123,98.2000828144411
0.005124,0.982004396235453,5.124,98.2004396235453
0.005125,0.982007979547094,5.125,98.2007979547094
0.005126,0.982011577957512,5.126,98.2011577957512
0.005127,0.982015191344498,5.127,98.2015191344498
0.005128,0.982018819585459,5.128,98.2018819585459
0.005129,0.98202246255742,5.129,98.202246255742
0.00513,0.982026120137031,5.13,98.2026120137031
0.005131,0.982029792200564,5.131,98.2029792200564
0.005132,0.982033478623926,5.132,98.2033478623926
0.005133,0.982037179282652,5.133,98.2037179282652
0.005134,0.982040894051921,5.134,98.2040894051921
0.005135,0.98204462280655,5.135,98.204462280655
0.005136,0.982048365421001,5.136,98.2048365421001
0.005137,0.982052121769388,5.137,98.2052121769388
0.005138,0.982055891725479,5.138,98.2055891725479
0.005139,0.982059675162704,5.139,98.2059675162704
0.00514,0.982063471954155,5.14,98.2063471954155
0.005141,0.982067281972588,5.141,98.2067281972588
0.005142,0.982071105090426,5.142,98.2071105090426
0.005143,0.982074941179765,5.143,98.2074941179765
0.005144,0.982078790112384,5.144,98.2078790112384
0.005145,0.982082651759746,5.145,98.2082651759746
0.005146,0.982086525993004,5.146,98.2086525993004
0.005147,0.982090412683004,5.147,98.2090412683004
0.005148,0.982094311700287,5.148,98.2094311700287
0.005149,0.982098222915096,5.149,98.2098222915096
0.00515,0.982102146197376,5.15,98.2102146197376
0.005151,0.982106081416775,5.151,98.2106081416775
0.005152,0.982110028442659,5.152,98.2110028442659
0.005153,0.982113987144104,5.153,98.2113987144104
0.005154,0.982117957389908,5.154,98.2117957389908
0.005155,0.982121939048592,5.155,98.2121939048592
0.005156,0.982125931988406,5.156,98.2125931988406
0.005157,0.982129936077337,5.157,98.2129936077337
0.005158,0.982133951183107,5.158,98.2133951183107
0.005159,0.982137977173183,5.159,98.2137977173183
0.00516,0.982142013914776,5.16,98.2142013914776
0.005161,0.982146061274848,5.161,98.2146061274848
0.005162,0.982150119120113,5.162,98.2150119120113
0.005163,0.982154187317048,5.163,98.2154187317048
0.005164,0.982158265731891,5.164,98.2158265731891
0.005165,0.982162354230648,5.165,98.2162354230648
0.005166,0.982166452679104,5.166,98.2166452679104
0.005167,0.982170560942816,5.167,98.2170560942816
0.005168,0.982174678887121,5.168,98.2174678887121
0.005169,0.98217880637714,5.169,98.217880637714
0.00517,0.982182943277778,5.17,98.2182943277778
0.005171,0.982187089453737,5.171,98.2187089453737
0.005172,0.982191244769513,5.172,98.2191244769513
0.005173,0.982195409089407,5.173,98.2195409089407
0.005174,0.982199582277522,5.174,98.2199582277522
0.005175,0.982203764197775,5.175,98.2203764197775
0.005176,0.982207954713893,5.176,98.2207954713893
0.005177,0.982212153689428,5.177,98.2212153689428
0.005178,0.982216360987751,5.178,98.2216360987751
0.005179,0.982220576472063,5.179,98.2220576472063
0.00518,0.982224800005392,5.18,98.2224800005392
0.005181,0.982229031450605,5.181,98.2229031450605
0.005182,0.982233270670403,5.182,98.2233270670403
0.005183,0.982237517527337,5.183,98.2237517527337
0.005184,0.982241771883806,5.184,98.2241771883806
0.005185,0.982246033602067,5.185,98.2246033602067
0.005186,0.982250302544231,5.186,98.2250302544231
0.005187,0.982254578572272,5.187,98.2254578572272
0.005188,0.98225886154803,5.188,98.225886154803
0.005189,0.982263151333209,5.189,98.2263151333209
0.00519,0.982267447789391,5.19,98.2267447789391
0.005191,0.982271750778038,5.191,98.2271750778038
0.005192,0.982276060160492,5.192,98.2276060160492
0.005193,0.982280375797987,5.193,98.2280375797987
0.005194,0.982284697551651,5.194,98.2284697551651
0.005195,0.982289025282501,5.195,98.2289025282501
0.005196,0.982293358851461,5.196,98.2293358851461
0.005197,0.982297698119355,5.197,98.2297698119355
0.005198,0.982302042946919,5.198,98.2302042946919
0.005199,0.9823063931948,5.199,98.23063931948
0.0052,0.982310748723565,5.2,98.2310748723565
0.005201,0.982315109393699,5.201,98.2315109393699
0.005202,0.982319475065619,5.202,98.2319475065619
0.005203,0.98232384559967,5.203,98.232384559967
0.005204,0.982328220856137,5.204,98.2328220856137
0.005205,0.982332600695246,5.205,98.2332600695246
0.005206,0.982336984977171,5.206,98.2336984977171
0.005207,0.98234137356203,5.207,98.234137356203
0.005208,0.982345766309893,5.208,98.2345766309893
0.005209,0.982350163080786,5.209,98.2350163080786
0.00521,0.982354563734694,5.21,98.2354563734694
0.005211,0.982358968131571,5.211,98.2358968131571
0.005212,0.982363376131342,5.212,98.2363376131342
0.005213,0.982367787593901,5.213,98.2367787593901
0.005214,0.982372202379128,5.214,98.2372202379128
0.005215,0.982376620346879,5.215,98.2376620346879
0.005216,0.982381041357,5.216,98.2381041357
0.005217,0.982385465269327,5.217,98.2385465269327
0.005218,0.982389891943695,5.218,98.2389891943695
0.005219,0.982394321239937,5.219,98.2394321239937
0.00522,0.982398753017893,5.22,98.2398753017893
0.005221,0.98240318713741,5.221,98.240318713741
0.005222,0.982407623458349,5.222,98.2407623458349
0.005223,0.982412061840592,5.223,98.2412061840592
0.005224,0.982416502144042,5.224,98.2416502144042
0.005225,0.982420944228628,5.225,98.2420944228628
0.005226,0.982425387954309,5.226,98.2425387954309
0.005227,0.982429833181081,5.227,98.2429833181081
0.005228,0.982434279768972,5.228,98.2434279768972
0.005229,0.982438727578052,5.229,98.2438727578052
0.00523,0.982443176468444,5.23,98.2443176468444
0.005231,0.98244762630032,5.231,98.244762630032
0.005232,0.982452076933912,5.232,98.2452076933912
0.005233,0.982456528229508,5.233,98.2456528229508
0.005234,0.982460980047466,5.234,98.2460980047466
0.005235,0.982465432248207,5.235,98.2465432248207
0.005236,0.982469884692226,5.236,98.2469884692226
0.005237,0.982474337240095,5.237,98.2474337240095
0.005238,0.982478789752468,5.238,98.2478789752468
0.005239,0.982483242090086,5.239,98.2483242090086
0.00524,0.982487694113782,5.24,98.2487694113782
0.005241,0.98249214568448,5.241,98.249214568448
0.005242,0.982496596663206,5.242,98.2496596663206
0.005243,0.982501046911087,5.243,98.2501046911087
0.005244,0.982505496289364,5.244,98.2505496289364
0.005245,0.98250994465938,5.245,98.250994465938
0.005246,0.982514391882599,5.246,98.2514391882599
0.005247,0.982518837820603,5.247,98.2518837820603
0.005248,0.982523282335092,5.248,98.2523282335092
0.005249,0.982527725287898,5.249,98.2527725287898
0.00525,0.98253216654098,5.25,98.253216654098
0.005251,0.982536605956439,5.251,98.2536605956439
0.005252,0.982541043396516,5.252,98.2541043396516
0.005253,0.982545478723597,5.253,98.2545478723597
0.005254,0.982549911800216,5.254,98.2549911800216
0.005255,0.982554342489056,5.255,98.2554342489056
0.005256,0.98255877065296,5.256,98.255877065296
0.005257,0.982563196154927,5.257,98.2563196154927
0.005258,0.982567618858124,5.258,98.2567618858124
0.005259,0.982572038625885,5.259,98.2572038625885
0.00526,0.982576455321723,5.26,98.2576455321723
0.005261,0.982580868809321,5.261,98.2580868809321
0.005262,0.98258527895255,5.262,98.258527895255
0.005263,0.982589685615465,5.263,98.2589685615465
0.005264,0.982594088662309,5.264,98.2594088662309
0.005265,0.982598487957523,5.265,98.2598487957523
0.005266,0.982602883365744,5.266,98.2602883365744
0.005267,0.98260727475181,5.267,98.260727475181
0.005268,0.982611661980764,5.268,98.2611661980764
0.005269,0.982616044917857,5.269,98.2616044917857
0.00527,0.982620423428553,5.27,98.2620423428553
0.005271,0.982624797378538,5.271,98.2624797378538
0.005272,0.982629166633717,5.272,98.2629166633717
0.005273,0.982633531060221,5.273,98.2633531060221
0.005274,0.982637890524412,5.274,98.2637890524412
0.005275,0.982642244892884,5.275,98.2642244892884
0.005276,0.982646594032466,5.276,98.2646594032466
0.005277,0.982650937810231,5.277,98.2650937810231
0.005278,0.982655276093499,5.278,98.2655276093499
0.005279,0.982659608749839,5.279,98.2659608749839
0.00528,0.982663935647077,5.28,98.2663935647077
0.005281,0.982668256653297,5.281,98.2668256653297
0.005282,0.982672571636842,5.282,98.2672571636842
0.005283,0.982676880466322,5.283,98.2676880466322
0.005284,0.982681183010615,5.284,98.2681183010615
0.005285,0.982685479138871,5.285,98.2685479138871
0.005286,0.982689768720516,5.286,98.2689768720516
0.005287,0.98269405162526,5.287,98.269405162526
0.005288,0.982698327723096,5.288,98.2698327723096
0.005289,0.982702596884302,5.289,98.2702596884302
0.00529,0.982706858979449,5.29,98.2706858979449
0.005291,0.982711113879406,5.291,98.2711113879406
0.005292,0.982715361455342,5.292,98.2715361455342
0.005293,0.98271960157873,5.293,98.271960157873
0.005294,0.98272383412135,5.294,98.272383412135
0.005295,0.982728058955288,5.295,98.2728058955288
0.005296,0.982732275952948,5.296,98.2732275952948
0.005297,0.982736484987047,5.297,98.2736484987047
0.005298,0.982740685930632,5.298,98.2740685930632
0.005299,0.982744878657068,5.299,98.2744878657068
0.0053,0.982749063040058,5.3,98.2749063040058
0.005301,0.982753238953637,5.301,98.2753238953637
0.005302,0.982757406272178,5.302,98.2757406272178
0.005303,0.982761564870392,5.303,98.2761564870392
0.005304,0.982765714623334,5.304,98.2765714623334
0.005305,0.982769855406407,5.305,98.2769855406407
0.005306,0.982773987095366,5.306,98.2773987095366
0.005307,0.982778109566321,5.307,98.2778109566321
0.005308,0.98278222269574,5.308,98.278222269574
0.005309,0.982786326360451,5.309,98.2786326360451
0.00531,0.982790420437647,5.31,98.2790420437647
0.005311,0.982794504804893,5.311,98.2794504804893
0.005312,0.982798579340125,5.312,98.2798579340125
0.005313,0.982802643921658,5.313,98.2802643921658
0.005314,0.982806698428188,5.314,98.2806698428188
0.005315,0.982810742738791,5.315,98.2810742738791
0.005316,0.982814776732931,5.316,98.2814776732931
0.005317,0.98281880029046,5.317,98.281880029046
0.005318,0.982822813291626,5.318,98.2822813291626
0.005319,0.982826815617073,5.319,98.2826815617073
0.00532,0.982830807147846,5.32,98.2830807147846
0.005321,0.982834787765398,5.321,98.2834787765398
0.005322,0.982838757351586,5.322,98.2838757351586
0.005323,0.982842715788682,5.323,98.2842715788682
0.005324,0.982846662959369,5.324,98.2846662959369
0.005325,0.982850598746747,5.325,98.2850598746747
0.005326,0.982854523034338,5.326,98.2854523034338
0.005327,0.982858435706088,5.327,98.2858435706088
0.005328,0.982862336646375,5.328,98.2862336646375
0.005329,0.982866225740002,5.329,98.2866225740002
0.00533,0.982870102872211,5.33,98.2870102872211
0.005331,0.982873967928677,5.331,98.2873967928677
0.005332,0.982877820795515,5.332,98.2877820795515
0.005333,0.982881661359285,5.333,98.2881661359285
0.005334,0.982885489506997,5.334,98.2885489506997
0.005335,0.982889305126104,5.335,98.2889305126104
0.005336,0.982893108104518,5.336,98.2893108104518
0.005337,0.982896898330606,5.337,98.2896898330606
0.005338,0.982900675693193,5.338,98.2900675693193
0.005339,0.982904440081571,5.339,98.2904440081571
0.00534,0.982908191385497,5.34,98.2908191385497
0.005341,0.9829119294952,5.341,98.29119294952
0.005342,0.982915654301379,5.342,98.2915654301379
0.005343,0.982919365695213,5.343,98.2919365695213
0.005344,0.982923063568354,5.344,98.2923063568354
0.005345,0.982926747812935,5.345,98.2926747812935
0.005346,0.982930418321573,5.346,98.2930418321573
0.005347,0.982934074987375,5.347,98.2934074987375
0.005348,0.982937717703937,5.348,98.2937717703937
0.005349,0.982941346365351,5.349,98.2941346365351
0.00535,0.982944960866202,5.35,98.2944960866202
0.005351,0.982948561101579,5.351,98.2948561101579
0.005352,0.982952146967067,5.352,98.2952146967067
0.005353,0.982955718358761,5.353,98.2955718358761
0.005354,0.982959275173262,5.354,98.2959275173262
0.005355,0.982962817307684,5.355,98.2962817307684
0.005356,0.982966344659651,5.356,98.2966344659651
0.005357,0.982969857127306,5.357,98.2969857127306
0.005358,0.982973354609311,5.358,98.2973354609311
0.005359,0.982976837004848,5.359,98.2976837004848
0.00536,0.982980304213625,5.36,98.2980304213625
0.005361,0.982983756135881,5.361,98.2983756135881
0.005362,0.982987192672383,5.362,98.2987192672383
0.005363,0.982990613724436,5.363,98.2990613724436
0.005364,0.98299401919388,5.364,98.299401919388
0.005365,0.982997408983092,5.365,98.2997408983092
0.005366,0.983000782994988,5.366,98.3000782994988
0.005367,0.983004141133031,5.367,98.3004141133031
0.005368,0.983007483301228,5.368,98.3007483301228
0.005369,0.983010809404137,5.369,98.3010809404137
0.00537,0.983014119346866,5.37,98.3014119346866
0.005371,0.983017413035076,5.371,98.3017413035076
0.005372,0.983020690374988,5.372,98.3020690374988
0.005373,0.983023951273381,5.373,98.3023951273381
0.005374,0.983027195637593,5.374,98.3027195637593
0.005375,0.983030423375532,5.375,98.3030423375532
0.005376,0.983033634395668,5.376,98.3033634395668
0.005377,0.983036828607043,5.377,98.3036828607043
0.005378,0.98304000591927,5.378,98.304000591927
0.005379,0.98304316624254,5.379,98.304316624254
0.00538,0.983046309487615,5.38,98.3046309487615
0.005381,0.983049435565839,5.381,98.3049435565839
0.005382,0.983052544389138,5.382,98.3052544389138
0.005383,0.983055635870022,5.383,98.3055635870022
0.005384,0.983058709921587,5.384,98.3058709921587
0.005385,0.983061766457519,5.385,98.3061766457519
0.005386,0.983064805392092,5.386,98.3064805392092
0.005387,0.983067826640173,5.387,98.3067826640173
0.005388,0.983070830117227,5.388,98.3070830117227
0.005389,0.983073815739315,5.389,98.3073815739315
0.00539,0.983076783423101,5.39,98.3076783423101
0.005391,0.983079733085848,5.391,98.3079733085848
0.005392,0.983082664645427,5.392,98.3082664645427
0.005393,0.98308557802031,5.393,98.308557802031
0.005394,0.983088473129578,5.394,98.3088473129578
0.005395,0.983091349892926,5.395,98.3091349892926
0.005396,0.983094208230655,5.396,98.3094208230655
0.005397,0.983097048063684,5.397,98.3097048063684
0.005398,0.983099869313551,5.398,98.3099869313551
0.005399,0.98310267190241,5.399,98.310267190241
0.0054,0.98310545575304,5.4,98.310545575304
0.005401,0.983108220788843,5.401,98.3108220788843
0.005402,0.983110966933841,5.402,98.3110966933841
0.005403,0.983113694112689,5.403,98.3113694112689
0.005404,0.983116402250669,5.404,98.3116402250669
0.005405,0.983119091273694,5.405,98.3119091273694
0.005406,0.983121761108309,5.406,98.3121761108309
0.005407,0.983124411681696,5.407,98.3124411681696
0.005408,0.983127042921668,5.408,98.3127042921668
0.005409,0.983129654756679,5.409,98.3129654756679
0.00541,0.98313224711582,5.41,98.313224711582
0.005411,0.983134819928827,5.411,98.3134819928827
0.005412,0.983137373126079,5.412,98.3137373126079
0.005413,0.983139906638599,5.413,98.3139906638599
0.005414,0.983142420398062,5.414,98.3142420398062
0.005415,0.983144914336786,5.415,98.3144914336786
0.005416,0.983147388387741,5.416,98.3147388387741
0.005417,0.983149842484549,5.417,98.3149842484549
0.005418,0.983152276561486,5.418,98.3152276561486
0.005419,0.983154690553482,5.419,98.3154690553482
0.00542,0.983157084396124,5.42,98.3157084396124
0.005421,0.983159458025658,5.421,98.3159458025658
0.005422,0.98316181137899,5.422,98.316181137899
0.005423,0.983164144393688,5.423,98.3164144393688
0.005424,0.983166457007981,5.424,98.3166457007981
0.005425,0.983168749160768,5.425,98.3168749160768
0.005426,0.98317102079161,5.426,98.317102079161
0.005427,0.983173271840739,5.427,98.3173271840739
0.005428,0.983175502249054,5.428,98.3175502249054
0.005429,0.983177711958123,5.429,98.3177711958123
0.00543,0.983179900910187,5.43,98.3179900910187
0.005431,0.983182069048158,5.431,98.3182069048158
0.005432,0.983184216315627,5.432,98.3184216315627
0.005433,0.983186342656855,5.433,98.3186342656855
0.005434,0.983188448016786,5.434,98.3188448016786
0.005435,0.983190532341034,5.435,98.3190532341034
0.005436,0.983192595575901,5.436,98.3192595575901
0.005437,0.983194637668364,5.437,98.3194637668364
0.005438,0.983196658566081,5.438,98.3196658566081
0.005439,0.983198658217399,5.439,98.3198658217399
0.00544,0.983200636571347,5.44,98.3200636571347
0.005441,0.983202593577639,5.441,98.3202593577639
0.005442,0.98320452918668,5.442,98.320452918668
0.005443,0.98320644334956,5.443,98.320644334956
0.005444,0.983208336018056,5.444,98.3208336018056
0.005445,0.98321020714464,5.445,98.321020714464
0.005446,0.983212056682467,5.446,98.3212056682467
0.005447,0.983213884585391,5.447,98.3213884585391
0.005448,0.983215690807954,5.448,98.3215690807954
0.005449,0.983217475305398,5.449,98.3217475305398
0.00545,0.983219238033656,5.45,98.3219238033656
0.005451,0.983220978949358,5.451,98.3220978949358
0.005452,0.983222698009831,5.452,98.3222698009831
0.005453,0.9832243951731,5.453,98.32243951731
0.005454,0.983226070397888,5.454,98.3226070397888
0.005455,0.983227723643616,5.455,98.3227723643616
0.005456,0.983229354870408,5.456,98.3229354870408
0.005457,0.983230964039088,5.457,98.3230964039088
0.005458,0.98323255111118,5.458,98.323255111118
0.005459,0.98323411604891,5.459,98.323411604891
0.00546,0.983235658815209,5.46,98.3235658815209
0.005461,0.98323717937371,5.461,98.323717937371
0.005462,0.983238677688752,5.462,98.3238677688752
0.005463,0.983240153725379,5.463,98.3240153725379
0.005464,0.983241607449343,5.464,98.3241607449343
0.005465,0.983243038827103,5.465,98.3243038827103
0.005466,0.983244447825825,5.466,98.3244447825825
0.005467,0.983245834413383,5.467,98.3245834413383
0.005468,0.98324719855836,5.468,98.324719855836
0.005469,0.983248540230047,5.469,98.3248540230047
0.00547,0.983249859398447,5.47,98.3249859398447
0.005471,0.98325115603427,5.471,98.325115603427
0.005472,0.983252430108935,5.472,98.3252430108935
0.005473,0.983253681594574,5.473,98.3253681594574
0.005474,0.98325491046403,5.474,98.325491046403
0.005475,0.983256116690856,5.475,98.3256116690856
0.005476,0.98325730024932,5.476,98.325730024932
0.005477,0.983258461114402,5.477,98.3258461114402
0.005478,0.983259599261793,5.478,98.3259599261793
0.005479,0.9832607146679,5.479,98.32607146679
0.00548,0.983261807309839,5.48,98.3261807309839
0.005481,0.983262877165443,5.481,98.3262877165443
0.005482,0.983263924213258,5.482,98.3263924213258
0.005483,0.983264948432541,5.483,98.3264948432541
0.005484,0.983265949803268,5.484,98.3265949803268
0.005485,0.983266928306127,5.485,98.3266928306127
0.005486,0.983267883922522,5.486,98.3267883922522
0.005487,0.983268816634572,5.487,98.3268816634572
0.005488,0.983269726425107,5.488,98.3269726425107
0.005489,0.983270613277676,5.489,98.3270613277676
0.00549,0.98327147717654,5.49,98.327147717654
0.005491,0.98327231810668,5.491,98.327231810668
0.005492,0.983273136053789,5.492,98.3273136053789
0.005493,0.983273931004276,5.493,98.3273931004276
0.005494,0.983274702945266,5.494,98.3274702945266
0.005495,0.9832754518646,5.495,98.32754518646
0.005496,0.98327617775083,5.496,98.327617775083
0.005497,0.983276880593225,5.497,98.3276880593225
0.005498,0.983277560381765,5.498,98.3277560381765
0.005499,0.983278217107149,5.499,98.3278217107149
0.0055,0.983278850760788,5.5,98.3278850760788
0.005501,0.983279461334808,5.501,98.3279461334808
0.005502,0.98328004882205,5.502,98.328004882205
0.005503,0.983280613216071,5.503,98.3280613216071
0.005504,0.983281154511136,5.504,98.3281154511136
0.005505,0.983281672702229,5.505,98.3281672702229
0.005506,0.983282167785045,5.506,98.3282167785045
0.005507,0.983282639755993,5.507,98.3282639755993
0.005508,0.983283088612195,5.508,98.3283088612195
0.005509,0.983283514351482,5.509,98.3283514351482
0.00551,0.983283916972403,5.51,98.3283916972403
0.005511,0.98328429647421,5.511,98.328429647421
0.005512,0.983284652856873,5.512,98.3284652856873
0.005513,0.983284986121069,5.513,98.3284986121069
0.005514,0.983285296268187,5.514,98.3285296268187
0.005515,0.983285583300325,5.515,98.3285583300325
0.005516,0.983285847220288,5.516,98.3285847220288
0.005517,0.983286088031594,5.517,98.3286088031594
0.005518,0.983286305738466,5.518,98.3286305738466
0.005519,0.983286500345837,5.519,98.3286500345837
0.00552,0.983286671859348,5.52,98.3286671859348
0.005521,0.983286820285343,5.521,98.3286820285343
0.005522,0.983286945630873,5.522,98.3286945630873
0.005523,0.983287047903695,5.523,98.3287047903695
0.005524,0.983287127112268,5.524,98.3287127112268
0.005525,0.983287183265757,5.525,98.3287183265757
0.005526,0.983287216374027,5.526,98.3287216374027
0.005527,0.983287226447648,5.527,98.3287226447648
0.005528,0.983287213497892,5.528,98.3287213497892
0.005529,0.983287177536733,5.529,98.3287177536733
0.00553,0.983287118576844,5.53,98.3287118576844
0.005531,0.983287036631597,5.531,98.3287036631597
0.005532,0.983286931715064,5.532,98.3286931715064
0.005533,0.983286803842015,5.533,98.3286803842015
0.005534,0.983286653027913,5.534,98.3286653027913
0.005535,0.98328647928892,5.535,98.328647928892
0.005536,0.983286282641891,5.536,98.3286282641891
0.005537,0.983286063104377,5.537,98.3286063104377
0.005538,0.983285820694619,5.538,98.3285820694619
0.005539,0.983285555431553,5.539,98.3285555431553
0.00554,0.983285267334804,5.54,98.3285267334804
0.005541,0.983284956424684,5.541,98.3284956424684
0.005542,0.983284622722198,5.542,98.3284622722198
0.005543,0.983284266249037,5.543,98.3284266249037
0.005544,0.983283887027578,5.544,98.3283887027578
0.005545,0.983283485080887,5.545,98.3283485080887
0.005546,0.983283060432712,5.546,98.3283060432712
0.005547,0.983282613107487,5.547,98.3282613107487
0.005548,0.983282143130324,5.548,98.3282143130324
0.005549,0.983281650527018,5.549,98.3281650527018
0.00555,0.983281135324044,5.55,98.3281135324044
0.005551,0.983280597548555,5.551,98.3280597548555
0.005552,0.983280037228381,5.552,98.3280037228381
0.005553,0.983279454392029,5.553,98.3279454392029
0.005554,0.983278849068679,5.554,98.3278849068679
0.005555,0.983278221288188,5.555,98.3278221288188
0.005556,0.983277571081081,5.556,98.3277571081081
0.005557,0.98327689847856,5.557,98.327689847856
0.005558,0.983276203512491,5.558,98.3276203512491
0.005559,0.983275486215412,5.559,98.3275486215412
0.00556,0.983274746620525,5.56,98.3274746620525
0.005561,0.983273984761696,5.561,98.3273984761696
0.005562,0.983273200673458,5.562,98.3273200673458
0.005563,0.983272394391001,5.563,98.3272394391001
0.005564,0.983271565950184,5.564,98.3271565950184
0.005565,0.983270715387515,5.565,98.3270715387515
0.005566,0.983269842740167,5.566,98.3269842740167
0.005567,0.983268948045967,5.567,98.3268948045967
0.005568,0.983268031343396,5.568,98.3268031343396
0.005569,0.983267092671587,5.569,98.3267092671587
0.00557,0.983266132070325,5.57,98.3266132070325
0.005571,0.98326514958005,5.571,98.326514958005
0.005572,0.983264145241845,5.572,98.3264145241845
0.005573,0.98326311909744,5.573,98.326311909744
0.005574,0.983262071189213,5.574,98.3262071189213
0.005575,0.983261001560185,5.575,98.3261001560185
0.005576,0.983259910254014,5.576,98.3259910254014
0.005577,0.983258797315002,5.577,98.3258797315002
0.005578,0.983257662788087,5.578,98.3257662788087
0.005579,0.983256506718842,5.579,98.3256506718842
0.00558,0.983255329153475,5.58,98.3255329153475
0.005581,0.983254130138829,5.581,98.3254130138829
0.005582,0.983252909722375,5.582,98.3252909722375
0.005583,0.983251667952216,5.583,98.3251667952216
0.005584,0.983250404877081,5.584,98.3250404877081
0.005585,0.983249120546325,5.585,98.3249120546325
0.005586,0.983247815009924,5.586,98.3247815009924
0.005587,0.983246488318479,5.587,98.3246488318479
0.005588,0.983245140523204,5.588,98.3245140523204
0.005589,0.983243771675938,5.589,98.3243771675938
0.00559,0.983242381829132,5.59,98.3242381829132
0.005591,0.983240971035849,5.591,98.3240971035849
0.005592,0.983239539349768,5.592,98.3239539349768
0.005593,0.983238086825175,5.593,98.3238086825175
0.005594,0.983236613516962,5.594,98.3236613516962
0.005595,0.983235119480629,5.595,98.3235119480629
0.005596,0.983233604772278,5.596,98.3233604772278
0.005597,0.983232069448613,5.597,98.3232069448613
0.005598,0.983230513566938,5.598,98.3230513566938
0.005599,0.983228937185153,5.599,98.3228937185153
0.0056,0.983227340361755,5.6,98.3227340361755
0.005601,0.983225723155831,5.601,98.3225723155831
0.005602,0.983224085627063,5.602,98.3224085627063
0.005603,0.983222427835716,5.603,98.3222427835716
0.005604,0.983220749842644,5.604,98.3220749842644
0.005605,0.983219051709284,5.605,98.3219051709284
0.005606,0.983217333497654,5.606,98.3217333497654
0.005607,0.983215595270351,5.607,98.3215595270351
0.005608,0.98321383709055,5.608,98.321383709055
0.005609,0.983212059022002,5.609,98.3212059022002
0.00561,0.98321026112903,5.61,98.321026112903
0.005611,0.983208443476527,5.611,98.3208443476527
0.005612,0.983206606129956,5.612,98.3206606129956
0.005613,0.983204749155342,5.613,98.3204749155342
0.005614,0.983202872619276,5.614,98.3202872619276
0.005615,0.983200976588908,5.615,98.3200976588908
0.005616,0.983199061131946,5.616,98.3199061131946
0.005617,0.983197126316656,5.617,98.3197126316656
0.005618,0.983195172211858,5.618,98.3195172211858
0.005619,0.98319319888692,5.619,98.319319888692
0.00562,0.98319120641176,5.62,98.319120641176
0.005621,0.983189194856843,5.621,98.3189194856843
0.005622,0.983187164293177,5.622,98.3187164293177
0.005623,0.983185114792312,5.623,98.3185114792312
0.005624,0.983183046426334,5.624,98.3183046426334
0.005625,0.983180959267869,5.625,98.3180959267869
0.005626,0.983178853390073,5.626,98.3178853390073
0.005627,0.983176728866635,5.627,98.3176728866635
0.005628,0.983174585771772,5.628,98.3174585771772
0.005629,0.983172424180225,5.629,98.3172424180225
0.00563,0.983170244167262,5.63,98.3170244167262
0.005631,0.983168045808668,5.631,98.3168045808668
0.005632,0.983165829180746,5.632,98.3165829180746
0.005633,0.98316359436031,5.633,98.316359436031
0.005634,0.983161341424693,5.634,98.3161341424693
0.005635,0.983159070451734,5.635,98.3159070451734
0.005636,0.98315678151978,5.636,98.315678151978
0.005637,0.983154474707683,5.637,98.3154474707683
0.005638,0.983152150094799,5.638,98.3152150094799
0.005639,0.983149807760979,5.639,98.3149807760979
0.00564,0.983147447786572,5.64,98.3147447786572
0.005641,0.98314507025242,5.641,98.314507025242
0.005642,0.983142675239858,5.642,98.3142675239858
0.005643,0.983140262830706,5.643,98.3140262830706
0.005644,0.983137833107268,5.644,98.3137833107268
0.005645,0.983135386152334,5.645,98.3135386152334
0.005646,0.983132922049171,5.646,98.3132922049171
0.005647,0.983130440881521,5.647,98.3130440881521
0.005648,0.983127942733604,5.648,98.3127942733604
0.005649,0.983125427690106,5.649,98.3125427690106
0.00565,0.983122895836184,5.65,98.3122895836184
0.005651,0.983120347257459,5.651,98.3120347257459
0.005652,0.983117782040013,5.652,98.3117782040013
0.005653,0.983115200270387,5.653,98.3115200270387
0.005654,0.98311260203558,5.654,98.311260203558
0.005655,0.983109987423044,5.655,98.3109987423044
0.005656,0.983107356520681,5.656,98.3107356520681
0.005657,0.983104709416842,5.657,98.3104709416842
0.005658,0.983102046200318,5.658,98.3102046200318
0.005659,0.983099366960344,5.659,98.3099366960344
0.00566,0.983096671786592,5.66,98.3096671786592
0.005661,0.983093960769171,5.661,98.3093960769171
0.005662,0.983091233998619,5.662,98.3091233998619
0.005663,0.983088491565906,5.663,98.3088491565906
0.005664,0.983085733562429,5.664,98.3085733562429
0.005665,0.983082960080004,5.665,98.3082960080004
0.005666,0.983080171210871,5.666,98.3080171210871
0.005667,0.983077367047686,5.667,98.3077367047686
0.005668,0.983074547683519,5.668,98.3074547683519
0.005669,0.983071713211849,5.669,98.3071713211849
0.00567,0.983068863726564,5.67,98.3068863726564
0.005671,0.983065999321958,5.671,98.3065999321958
0.005672,0.98306312009272,5.672,98.306312009272
0.005673,0.983060226133943,5.673,98.3060226133943
0.005674,0.983057317541113,5.674,98.3057317541113
0.005675,0.983054394410107,5.675,98.3054394410107
0.005676,0.983051456837194,5.676,98.3051456837194
0.005677,0.983048504919024,5.677,98.3048504919024
0.005678,0.983045538752633,5.678,98.3045538752633
0.005679,0.983042558435432,5.679,98.3042558435432
0.00568,0.98303956406521,5.68,98.303956406521
0.005681,0.983036555740129,5.681,98.3036555740129
0.005682,0.98303353355872,5.682,98.303353355872
0.005683,0.983030497619879,5.683,98.3030497619879
0.005684,0.983027448022868,5.684,98.3027448022868
0.005685,0.983024384867304,5.685,98.3024384867304
0.005686,0.983021308253165,5.686,98.3021308253165
0.005687,0.983018218280777,5.687,98.3018218280777
0.005688,0.983015115050816,5.688,98.3015115050816
0.005689,0.983011998664307,5.689,98.3011998664307
0.00569,0.983008869222617,5.69,98.3008869222617
0.005691,0.983005726827451,5.691,98.3005726827451
0.005692,0.983002571580853,5.692,98.3002571580853
0.005693,0.982999403585198,5.693,98.2999403585198
0.005694,0.982996222943192,5.694,98.2996222943192
0.005695,0.982993029757867,5.695,98.2993029757867
0.005696,0.982989824132577,5.696,98.2989824132577
0.005697,0.982986606170998,5.697,98.2986606170998
0.005698,0.982983375977119,5.698,98.2983375977119
0.005699,0.982980133655244,5.699,98.2980133655244
0.0057,0.982976879309982,5.7,98.2976879309982
0.005701,0.982973613046253,5.701,98.2973613046253
0.005702,0.982970334969276,5.702,98.2970334969276
0.005703,0.982967045184572,5.703,98.2967045184572
0.005704,0.982963743797956,5.704,98.2963743797956
0.005705,0.982960430915536,5.705,98.2960430915536
0.005706,0.982957106643708,5.706,98.2957106643708
0.005707,0.982953771089154,5.707,98.2953771089154
0.005708,0.982950424358837,5.708,98.2950424358837
0.005709,0.98294706656,5.709,98.294706656
0.00571,0.982943697800161,5.71,98.2943697800161
0.005711,0.98294031818711,5.711,98.294031818711
0.005712,0.982936927828905,5.712,98.2936927828905
0.005713,0.982933526833868,5.713,98.2933526833868
0.005714,0.982930115310582,5.714,98.2930115310582
0.005715,0.982926693367888,5.715,98.2926693367888
0.005716,0.982923261114881,5.716,98.2923261114881
0.005717,0.982919818660906,5.717,98.2919818660906
0.005718,0.982916366115555,5.718,98.2916366115555
0.005719,0.982912903588664,5.719,98.2912903588664
0.00572,0.982909431190308,5.72,98.2909431190308
0.005721,0.9829059490308,5.721,98.29059490308
0.005722,0.982902457220685,5.722,98.2902457220685
0.005723,0.982898955870738,5.723,98.2898955870738
0.005724,0.982895445091959,5.724,98.2895445091959
0.005725,0.982891924995574,5.725,98.2891924995574
0.005726,0.982888395693023,5.726,98.2888395693023
0.005727,0.982884857295963,5.727,98.2884857295963
0.005728,0.982881309916261,5.728,98.2881309916261
0.005729,0.982877753665995,5.729,98.2877753665995
0.00573,0.982874188657445,5.73,98.2874188657445
0.005731,0.982870615003096,5.731,98.2870615003096
0.005732,0.982867032815626,5.732,98.2867032815626
0.005733,0.982863442207909,5.733,98.2863442207909
0.005734,0.982859843293008,5.734,98.2859843293008
0.005735,0.982856236184175,5.735,98.2856236184175
0.005736,0.98285262099484,5.736,98.285262099484
0.005737,0.98284899783862,5.737,98.284899783862
0.005738,0.982845366829302,5.738,98.2845366829302
0.005739,0.982841728080845,5.739,98.2841728080845
0.00574,0.982838081707382,5.74,98.2838081707382
0.005741,0.982834427823206,5.741,98.2834427823206
0.005742,0.982830766542774,5.742,98.2830766542774
0.005743,0.982827097980698,5.743,98.2827097980698
0.005744,0.982823422251748,5.744,98.2823422251748
0.005745,0.982819739470841,5.745,98.2819739470841
0.005746,0.982816049753043,5.746,98.2816049753043
0.005747,0.982812353213561,5.747,98.2812353213561
0.005748,0.982808649967743,5.748,98.2808649967743
0.005749,0.982804940131073,5.749,98.2804940131073
0.00575,0.98280122381917,5.75,98.280122381917
0.005751,0.982797501147775,5.751,98.2797501147775
0.005752,0.982793772232763,5.752,98.2793772232763
0.005753,0.982790037190126,5.753,98.2790037190126
0.005754,0.982786296135971,5.754,98.2786296135971
0.005755,0.982782549186525,5.755,98.2782549186525
0.005756,0.982778796458119,5.756,98.2778796458119
0.005757,0.982775038067195,5.757,98.2775038067195
0.005758,0.982771274130296,5.758,98.2771274130296
0.005759,0.982767504764068,5.759,98.2767504764068
0.00576,0.98276373008525,5.76,98.276373008525
0.005761,0.982759950210673,5.761,98.2759950210673
0.005762,0.982756165257259,5.762,98.2756165257259
0.005763,0.982752375342014,5.763,98.2752375342014
0.005764,0.982748580582024,5.764,98.2748580582024
0.005765,0.982744781094455,5.765,98.2744781094455
0.005766,0.982740976996545,5.766,98.2740976996545
0.005767,0.982737168405606,5.767,98.2737168405606
0.005768,0.982733355439012,5.768,98.2733355439012
0.005769,0.982729538214204,5.769,98.2729538214204
0.00577,0.982725716848681,5.77,98.2725716848681
0.005771,0.982721891459997,5.771,98.2721891459997
0.005772,0.98271806216576,5.772,98.271806216576
0.005773,0.982714229083625,5.773,98.2714229083625
0.005774,0.982710392331292,5.774,98.2710392331292
0.005775,0.982706552026503,5.775,98.2706552026503
0.005776,0.982702708287036,5.776,98.2702708287036
0.005777,0.982698861230704,5.777,98.2698861230704
0.005778,0.98269501097535,5.778,98.269501097535
0.005779,0.982691157638846,5.779,98.2691157638846
0.00578,0.982687301339085,5.78,98.2687301339085
0.005781,0.982683442193979,5.781,98.2683442193979
0.005782,0.982679580321458,5.782,98.2679580321458
0.005783,0.982675715839463,5.783,98.2675715839463
0.005784,0.982671848865941,5.784,98.2671848865941
0.005785,0.982667979518848,5.785,98.2667979518848
0.005786,0.982664107916138,5.786,98.2664107916138
0.005787,0.982660234175764,5.787,98.2660234175764
0.005788,0.982656358415672,5.788,98.2656358415672
0.005789,0.982652480753801,5.789,98.2652480753801
0.00579,0.982648601308076,5.79,98.2648601308076
0.005791,0.9826447201964,5.791,98.26447201964
0.005792,0.982640837536661,5.792,98.2640837536661
0.005793,0.982636953446722,5.793,98.2636953446722
0.005794,0.982633068044418,5.794,98.2633068044418
0.005795,0.98262918144755,5.795,98.262918144755
0.005796,0.982625293773887,5.796,98.2625293773887
0.005797,0.98262140514116,5.797,98.262140514116
0.005798,0.982617515667055,5.798,98.2617515667055
0.005799,0.982613625469216,5.799,98.2613625469216
0.0058,0.982609734665235,5.8,98.2609734665235
0.005801,0.982605843372654,5.801,98.2605843372654
0.005802,0.982601951708955,5.802,98.2601951708955
0.005803,0.982598059791563,5.803,98.2598059791563
0.005804,0.982594167737837,5.804,98.2594167737837
0.005805,0.982590275665069,5.805,98.2590275665069
0.005806,0.982586383690484,5.806,98.2586383690484
0.005807,0.982582491931227,5.807,98.2582491931227
0.005808,0.982578600504372,5.808,98.2578600504372
0.005809,0.982574709526904,5.809,98.2574709526904
0.00581,0.98257081911573,5.81,98.257081911573
0.005811,0.982566929387664,5.811,98.2566929387664
0.005812,0.98256304045943,5.812,98.256304045943
0.005813,0.982559152447656,5.813,98.2559152447656
0.005814,0.98255526546887,5.814,98.255526546887
0.005815,0.982551379639498,5.815,98.2551379639498
0.005816,0.98254749507586,5.816,98.254749507586
0.005817,0.982543611894165,5.817,98.2543611894165
0.005818,0.982539730210511,5.818,98.2539730210511
0.005819,0.982535850140878,5.819,98.2535850140878
0.00582,0.982531971801125,5.82,98.2531971801125
0.005821,0.982528095306992,5.821,98.2528095306992
0.005822,0.982524220774085,5.822,98.2524220774085
0.005823,0.982520348317885,5.823,98.2520348317885
0.005824,0.982516478053737,5.824,98.2516478053737
0.005825,0.982512610096847,5.825,98.2512610096847
0.005826,0.982508744562282,5.826,98.2508744562282
0.005827,0.982504881564964,5.827,98.2504881564964
0.005828,0.982501021219668,5.828,98.2501021219668
0.005829,0.982497163641015,5.829,98.2497163641015
0.00583,0.982493308943474,5.83,98.2493308943474
0.005831,0.982489457241354,5.831,98.2489457241354
0.005832,0.982485608648803,5.832,98.2485608648803
0.005833,0.982481763279805,5.833,98.2481763279805
0.005834,0.982477921248173,5.834,98.2477921248173
0.005835,0.98247408266755,5.835,98.247408266755
0.005836,0.982470247651405,5.836,98.2470247651405
0.005837,0.982466416313027,5.837,98.2466416313027
0.005838,0.982462588765522,5.838,98.2462588765522
0.005839,0.982458765121815,5.839,98.2458765121815
0.00584,0.982454945494637,5.84,98.2454945494637
0.005841,0.982451129996531,5.841,98.2451129996531
0.005842,0.982447318739843,5.842,98.2447318739843
0.005843,0.98244351183672,5.843,98.244351183672
0.005844,0.982439709399107,5.844,98.2439709399107
0.005845,0.982435911538745,5.845,98.2435911538745
0.005846,0.982432118367163,5.846,98.2432118367163
0.005847,0.982428329995681,5.847,98.2428329995681
0.005848,0.982424546535404,5.848,98.2424546535404
0.005849,0.982420768097217,5.849,98.2420768097217
0.00585,0.982416994791783,5.85,98.2416994791783
0.005851,0.982413226729542,5.851,98.2413226729542
0.005852,0.982409464020702,5.852,98.2409464020702
0.005853,0.982405706775243,5.853,98.2405706775243
0.005854,0.982401955102908,5.854,98.2401955102908
0.005855,0.982398209113202,5.855,98.2398209113202
0.005856,0.98239446891539,5.856,98.239446891539
0.005857,0.982390734618493,5.857,98.2390734618493
0.005858,0.982387006331283,5.858,98.2387006331283
0.005859,0.982383284162281,5.859,98.2383284162281
0.00586,0.982379568219755,5.86,98.2379568219755
0.005861,0.982375858611716,5.861,98.2375858611716
0.005862,0.982372155445911,5.862,98.2372155445911
0.005863,0.98236845882983,5.863,98.236845882983
0.005864,0.982364768870689,5.864,98.2364768870689
0.005865,0.98236108567544,5.865,98.236108567544
0.005866,0.982357409350757,5.866,98.2357409350757
0.005867,0.982353740003044,5.867,98.2353740003044
0.005868,0.982350077738419,5.868,98.2350077738419
0.005869,0.982346422662723,5.869,98.2346422662723
0.00587,0.98234277488151,5.87,98.234277488151
0.005871,0.982339134500045,5.871,98.2339134500045
0.005872,0.982335501623303,5.872,98.2335501623303
0.005873,0.982331876355964,5.873,98.2331876355964
0.005874,0.982328258802408,5.874,98.2328258802408
0.005875,0.982324649066719,5.875,98.2324649066719
0.005876,0.982321047252672,5.876,98.2321047252672
0.005877,0.982317453463741,5.877,98.2317453463741
0.005878,0.982313867803085,5.878,98.2313867803085
0.005879,0.982310290373556,5.879,98.2310290373556
0.00588,0.982306721277685,5.88,98.2306721277685
0.005881,0.982303160617689,5.881,98.2303160617689
0.005882,0.98229960849546,5.882,98.229960849546
0.005883,0.982296065012569,5.883,98.2296065012569
0.005884,0.982292530270255,5.884,98.2292530270255
0.005885,0.982289004369431,5.885,98.2289004369431
0.005886,0.982285487410676,5.886,98.2285487410676
0.005887,0.98228197949423,5.887,98.228197949423
0.005888,0.982278480719997,5.888,98.2278480719997
0.005889,0.982274991187538,5.889,98.2274991187538
0.00589,0.982271510996072,5.89,98.2271510996072
0.005891,0.982268040244465,5.891,98.2268040244465
0.005892,0.982264579031236,5.892,98.2264579031236
0.005893,0.982261127454552,5.893,98.2261127454552
0.005894,0.982257685612221,5.894,98.2257685612221
0.005895,0.982254253601698,5.895,98.2254253601698
0.005896,0.982250831520068,5.896,98.2250831520068
0.005897,0.982247419464059,5.897,98.2247419464059
0.005898,0.982244017530029,5.898,98.2244017530029
0.005899,0.982240625813968,5.899,98.2240625813968
0.0059,0.982237244411492,5.9,98.2237244411492
0.005901,0.982233873417842,5.901,98.2233873417842
0.005902,0.982230512927881,5.902,98.2230512927881
0.005903,0.982227163036091,5.903,98.2227163036091
0.005904,0.982223823836571,5.904,98.2223823836571
0.005905,0.982220495423035,5.905,98.2220495423035
0.005906,0.982217177888806,5.906,98.2217177888806
0.005907,0.98221387132682,5.907,98.221387132682
0.005908,0.982210575829617,5.908,98.2210575829617
0.005909,0.982207291489337,5.909,98.2207291489337
0.00591,0.982204018397728,5.91,98.2204018397728
0.005911,0.982200756646131,5.911,98.2200756646131
0.005912,0.982197506325485,5.912,98.2197506325485
0.005913,0.982194267526322,5.913,98.2194267526322
0.005914,0.982191040338764,5.914,98.2191040338764
0.005915,0.982187824852523,5.915,98.2187824852523
0.005916,0.982184621156894,5.916,98.2184621156894
0.005917,0.982181429340759,5.917,98.2181429340759
0.005918,0.982178249492578,5.918,98.2178249492578
0.005919,0.982175081700389,5.919,98.2175081700389
0.00592,0.982171926051807,5.92,98.2171926051807
0.005921,0.982168782634021,5.921,98.2168782634021
0.005922,0.98216565153379,5.922,98.216565153379
0.005923,0.982162532837441,5.923,98.2162532837441
0.005924,0.982159426630869,5.924,98.2159426630869
0.005925,0.982156332999529,5.925,98.2156332999529
0.005926,0.982153252028441,5.926,98.2153252028441
0.005927,0.982150183802185,5.927,98.2150183802185
0.005928,0.982147128404893,5.928,98.2147128404893
0.005929,0.982144085920256,5.929,98.2144085920256
0.00593,0.982141056431515,5.93,98.2141056431515
0.005931,0.982138040021462,5.931,98.2138040021462
0.005932,0.982135036772436,5.932,98.2135036772436
0.005933,0.982132046766321,5.933,98.2132046766321
0.005934,0.982129070084546,5.934,98.2129070084546
0.005935,0.982126106808079,5.935,98.2126106808079
0.005936,0.982123157017428,5.936,98.2123157017428
0.005937,0.982120220792634,5.937,98.2120220792634
0.005938,0.982117298213278,5.938,98.2117298213278
0.005939,0.982114389358469,5.939,98.2114389358469
0.00594,0.982111494306846,5.94,98.2111494306846
0.005941,0.982108613136578,5.941,98.2108613136578
0.005942,0.982105745925358,5.942,98.2105745925358
0.005943,0.982102892750404,5.943,98.2102892750404
0.005944,0.982100053688455,5.944,98.2100053688455
0.005945,0.982097228815768,5.945,98.2097228815768
0.005946,0.982094418208119,5.946,98.2094418208119
0.005947,0.982091621940801,5.947,98.2091621940801
0.005948,0.982088840088615,5.948,98.2088840088615
0.005949,0.982086072725879,5.949,98.2086072725879
0.00595,0.982083319926418,5.95,98.2083319926418
0.005951,0.982080581763565,5.951,98.2080581763565
0.005952,0.982077858310158,5.952,98.2077858310158
0.005953,0.982075149638537,5.953,98.2075149638537
0.005954,0.982072455820546,5.954,98.2072455820546
0.005955,0.982069776927527,5.955,98.2069776927527
0.005956,0.982067113030322,5.956,98.2067113030322
0.005957,0.982064464199267,5.957,98.2064464199267
0.005958,0.982061830504191,5.958,98.2061830504191
0.005959,0.98205921201442,5.959,98.205921201442
0.00596,0.982056608798765,5.96,98.2056608798765
0.005961,0.982054020925529,5.961,98.2054020925529
0.005962,0.9820514484625,5.962,98.20514484625
0.005963,0.982048891476951,5.963,98.2048891476951
0.005964,0.982046350035639,5.964,98.2046350035639
0.005965,0.982043824204802,5.965,98.2043824204802
0.005966,0.982041314050158,5.966,98.2041314050158
0.005967,0.982038819636902,5.967,98.2038819636902
0.005968,0.982036341029709,5.968,98.2036341029709
0.005969,0.982033878292726,5.969,98.2033878292726
0.00597,0.982031431489572,5.97,98.2031431489572
0.005971,0.982029000683342,5.971,98.2029000683342
0.005972,0.982026585936594,5.972,98.2026585936594
0.005973,0.982024187311362,5.973,98.2024187311362
0.005974,0.982021804869143,5.974,98.2021804869143
0.005975,0.982019438670897,5.975,98.2019438670897
0.005976,0.98201708877705,5.976,98.201708877705
0.005977,0.982014755247489,5.977,98.2014755247489
0.005978,0.982012438141565,5.978,98.2012438141565
0.005979,0.982010137518081,5.979,98.2010137518081
0.00598,0.982007853435303,5.98,98.2007853435303
0.005981,0.982005585950952,5.981,98.2005585950952
0.005982,0.982003335122203,5.982,98.2003335122203
0.005983,0.982001101005684,5.983,98.2001101005684
0.005984,0.981998883657476,5.984,98.1998883657476
0.005985,0.981996683133108,5.985,98.1996683133108
0.005986,0.98199449948756,5.986,98.199449948756
0.005987,0.981992332775259,5.987,98.1992332775259
0.005988,0.981990183050078,5.988,98.1990183050078
0.005989,0.981988050365336,5.989,98.1988050365336
0.00599,0.981985934773793,5.99,98.1985934773793
0.005991,0.981983836327657,5.991,98.1983836327657
0.005992,0.98198175507857,5.992,98.198175507857
0.005993,0.98197969107762,5.993,98.197969107762
0.005994,0.98197764437533,5.994,98.197764437533
0.005995,0.981975615021662,5.995,98.1975615021662
0.005996,0.981973603066015,5.996,98.1973603066015
0.005997,0.981971608557222,5.997,98.1971608557222
0.005998,0.981969631543549,5.998,98.1969631543549
0.005999,0.981967672072696,5.999,98.1967672072696
0.006,0.981965730191795,6,98.1965730191795
0.006001,0.981963805947406,6.001,98.1963805947406
0.006002,0.981961899385522,6.002,98.1961899385522
0.006003,0.981960010551563,6.003,98.1960010551563
0.006004,0.981958139490375,6.004,98.1958139490375
0.006005,0.981956286246233,6.005,98.1956286246233
0.006006,0.981954450862834,6.006,98.1954450862834
0.006007,0.981952633383302,6.007,98.1952633383302
0.006008,0.981950833850184,6.008,98.1950833850184
0.006009,0.981949052305449,6.009,98.1949052305449
0.00601,0.981947288790487,6.01,98.1947288790487
0.006011,0.981945543346109,6.011,98.1945543346109
0.006012,0.981943816012547,6.012,98.1943816012547
0.006013,0.981942106829449,6.013,98.1942106829449
0.006014,0.981940415835883,6.014,98.1940415835883
0.006015,0.981938743070332,6.015,98.1938743070332
0.006016,0.981937088570698,6.016,98.1937088570698
0.006017,0.981935452374295,6.017,98.1935452374295
0.006018,0.981933834517855,6.018,98.1933834517855
0.006019,0.981932235037522,6.019,98.1932235037522
0.00602,0.981930653968851,6.02,98.1930653968851
0.006021,0.981929091346816,6.021,98.1929091346816
0.006022,0.981927547205793,6.022,98.1927547205793
0.006023,0.981926021579578,6.023,98.1926021579578
0.006024,0.981924514501372,6.024,98.1924514501372
0.006025,0.981923026003786,6.025,98.1923026003786
0.006026,0.981921556118841,6.026,98.1921556118841
0.006027,0.981920104877966,6.027,98.1920104877966
0.006028,0.981918672311999,6.028,98.1918672311999
0.006029,0.981917258451181,6.029,98.1917258451181
0.00603,0.981915863325164,6.03,98.1915863325164
0.006031,0.981914486963005,6.031,98.1914486963005
0.006032,0.981913129393165,6.032,98.1913129393165
0.006033,0.98191179064351,6.033,98.191179064351
0.006034,0.981910470741313,6.034,98.1910470741313
0.006035,0.981909169713249,6.035,98.1909169713249
0.006036,0.981907887585395,6.036,98.1907887585395
0.006037,0.981906624383235,6.037,98.1906624383235
0.006038,0.981905380131653,6.038,98.1905380131653
0.006039,0.981904154854934,6.039,98.1904154854934
0.00604,0.981902948576768,6.04,98.1902948576768
0.006041,0.981901761320244,6.041,98.1901761320244
0.006042,0.981900593107854,6.042,98.1900593107854
0.006043,0.981899443961488,6.043,98.1899443961488
0.006044,0.981898313902439,6.044,98.1898313902439
0.006045,0.9818972029514,6.045,98.18972029514
0.006046,0.981896111128463,6.046,98.1896111128463
0.006047,0.98189503845312,6.047,98.189503845312
0.006048,0.981893984944264,6.048,98.1893984944264
0.006049,0.981892950620185,6.049,98.1892950620185
0.00605,0.981891935498574,6.05,98.1891935498574
0.006051,0.981890939596518,6.051,98.1890939596518
0.006052,0.981889962930506,6.052,98.1889962930506
0.006053,0.981889005516423,6.053,98.1889005516423
0.006054,0.981888067369553,6.054,98.1888067369553
0.006055,0.98188714850458,6.055,98.188714850458
0.006056,0.981886248935585,6.056,98.1886248935585
0.006057,0.981885368676047,6.057,98.1885368676047
0.006058,0.981884507738842,6.058,98.1884507738842
0.006059,0.981883666136246,6.059,98.1883666136246
0.00606,0.981882843879932,6.06,98.1882843879932
0.006061,0.981882040980974,6.061,98.1882040980974
0.006062,0.981881257449838,6.062,98.1881257449838
0.006063,0.981880493296394,6.063,98.1880493296394
0.006064,0.981879748529907,6.064,98.1879748529907
0.006065,0.981879023159041,6.065,98.1879023159041
0.006066,0.981878317191858,6.066,98.1878317191858
0.006067,0.98187763063582,6.067,98.187763063582
0.006068,0.981876963497786,6.068,98.1876963497786
0.006069,0.981876315784016,6.069,98.1876315784016
0.00607,0.981875687500165,6.07,98.1875687500165
0.006071,0.981875078651292,6.071,98.1875078651292
0.006072,0.981874489241852,6.072,98.1874489241852
0.006073,0.981873919275703,6.073,98.1873919275703
0.006074,0.981873368756098,6.074,98.1873368756098
0.006075,0.981872837685694,6.075,98.1872837685694
0.006076,0.981872326066548,6.076,98.1872326066548
0.006077,0.981871833900116,6.077,98.1871833900116
0.006078,0.981871361187256,6.078,98.1871361187256
0.006079,0.981870907928227,6.079,98.1870907928227
0.00608,0.981870474122689,6.08,98.1870474122689
0.006081,0.981870059769706,6.081,98.1870059769706
0.006082,0.981869664867744,6.082,98.1869664867744
0.006083,0.981869289414669,6.083,98.1869289414669
0.006084,0.981868933407755,6.084,98.1868933407755
0.006085,0.981868596843677,6.085,98.1868596843677
0.006086,0.981868279718514,6.086,98.1868279718514
0.006087,0.981867982027749,6.087,98.1867982027749
0.006088,0.981867703766275,6.088,98.1867703766275
0.006089,0.981867444928383,6.089,98.1867444928383
0.00609,0.981867205507779,6.09,98.1867205507779
0.006091,0.981866985497568,6.091,98.1866985497568
0.006092,0.981866784890265,6.092,98.1866784890265
0.006093,0.981866603677797,6.093,98.1866603677797
0.006094,0.981866441851494,6.094,98.1866441851494
0.006095,0.981866299402097,6.095,98.1866299402097
0.006096,0.981866176319759,6.096,98.1866176319759
0.006097,0.981866072594041,6.097,98.1866072594041
0.006098,0.981865988213915,6.098,98.1865988213915
0.006099,0.981865923167767,6.099,98.1865923167767
0.0061,0.981865877443395,6.1,98.1865877443395
0.006101,0.981865851028008,6.101,98.1865851028008
0.006102,0.981865843908233,6.102,98.1865843908233
0.006103,0.981865856070108,6.103,98.1865856070108
0.006104,0.981865887499088,6.104,98.1865887499088
0.006105,0.981865938180045,6.105,98.1865938180045
0.006106,0.981866008097269,6.106,98.1866008097269
0.006107,0.981866097234465,6.107,98.1866097234465
0.006108,0.98186620557476,6.108,98.186620557476
0.006109,0.981866333100699,6.109,98.1866333100699
0.00611,0.981866479794251,6.11,98.1866479794251
0.006111,0.981866645636802,6.111,98.1866645636802
0.006112,0.981866830609163,6.112,98.1866830609163
0.006113,0.98186703469157,6.113,98.186703469157
0.006114,0.981867257863679,6.114,98.1867257863679
0.006115,0.981867500104576,6.115,98.1867500104576
0.006116,0.98186776139277,6.116,98.186776139277
0.006117,0.981868041706201,6.117,98.1868041706201
0.006118,0.981868341022232,6.118,98.1868341022232
0.006119,0.981868659317662,6.119,98.1868659317662
0.00612,0.981868996568715,6.12,98.1868996568715
0.006121,0.981869352751049,6.121,98.1869352751049
0.006122,0.981869727839754,6.122,98.1869727839754
0.006123,0.981870121809356,6.123,98.1870121809356
0.006124,0.981870534633812,6.124,98.1870534633812
0.006125,0.981870966286519,6.125,98.1870966286519
0.006126,0.981871416740308,6.126,98.1871416740308
0.006127,0.98187188596745,6.127,98.187188596745
0.006128,0.981872373939658,6.128,98.1872373939658
0.006129,0.98187288062808,6.129,98.187288062808
0.00613,0.981873406003312,6.13,98.1873406003312
0.006131,0.981873950035388,6.131,98.1873950035388
0.006132,0.981874512693791,6.132,98.1874512693791
0.006133,0.981875093947447,6.133,98.1875093947447
0.006134,0.981875693764731,6.134,98.1875693764731
0.006135,0.981876312113465,6.135,98.1876312113465
0.006136,0.981876948960921,6.136,98.1876948960921
0.006137,0.981877604273823,6.137,98.1877604273823
0.006138,0.981878278018347,6.138,98.1878278018347
0.006139,0.981878970160123,6.139,98.1878970160123
0.00614,0.981879680664234,6.14,98.1879680664234
0.006141,0.981880409495223,6.141,98.1880409495223
0.006142,0.981881156617089,6.142,98.1881156617089
0.006143,0.981881921993291,6.143,98.1881921993291
0.006144,0.981882705586748,6.144,98.1882705586748
0.006145,0.981883507359843,6.145,98.1883507359843
0.006146,0.981884327274422,6.146,98.1884327274422
0.006147,0.981885165291795,6.147,98.1885165291795
0.006148,0.98188602137274,6.148,98.188602137274
0.006149,0.981886895477507,6.149,98.1886895477507
0.00615,0.981887787565809,6.15,98.1887787565809
0.006151,0.981888697596835,6.151,98.1888697596835
0.006152,0.981889625529249,6.152,98.1889625529249
0.006153,0.981890571321183,6.153,98.1890571321183
0.006154,0.981891534930252,6.154,98.1891534930252
0.006155,0.981892516313544,6.155,98.1892516313544
0.006156,0.981893515427631,6.156,98.1893515427631
0.006157,0.981894532228563,6.157,98.1894532228563
0.006158,0.981895566671872,6.158,98.1895566671872
0.006159,0.981896618712578,6.159,98.1896618712578
0.00616,0.981897688305185,6.16,98.1897688305185
0.006161,0.981898775403683,6.161,98.1898775403683
0.006162,0.981899879961558,6.162,98.1899879961558
0.006163,0.98190100193178,6.163,98.190100193178
0.006164,0.981902141266816,6.164,98.1902141266816
0.006165,0.98190329791863,6.165,98.190329791863
0.006166,0.981904471838678,6.166,98.1904471838678
0.006167,0.981905662977916,6.167,98.1905662977916
0.006168,0.981906871286802,6.168,98.1906871286802
0.006169,0.981908096715297,6.169,98.1908096715297
0.00617,0.98190933921286,6.17,98.190933921286
0.006171,0.981910598728463,6.171,98.1910598728463
0.006172,0.98191187521058,6.172,98.191187521058
0.006173,0.9819131686072,6.173,98.19131686072
0.006174,0.98191447886582,6.174,98.191447886582
0.006175,0.981915805933451,6.175,98.1915805933451
0.006176,0.981917149756619,6.176,98.1917149756619
0.006177,0.981918510281367,6.177,98.1918510281367
0.006178,0.981919887453262,6.178,98.1919887453262
0.006179,0.981921281217384,6.179,98.1921281217384
0.00618,0.981922691518342,6.18,98.1922691518342
0.006181,0.981924118300269,6.181,98.1924118300269
0.006182,0.981925561506823,6.182,98.1925561506823
0.006183,0.981927021081195,6.183,98.1927021081195
0.006184,0.981928496966104,6.184,98.1928496966104
0.006185,0.981929989103804,6.185,98.1929989103804
0.006186,0.98193149743608,6.186,98.193149743608
0.006187,0.981933021904263,6.187,98.1933021904263
0.006188,0.981934562449216,6.188,98.1934562449216
0.006189,0.981936119011345,6.189,98.1936119011345
0.00619,0.981937691530601,6.19,98.1937691530601
0.006191,0.981939279946484,6.191,98.1939279946484
0.006192,0.981940884198033,6.192,98.1940884198033
0.006193,0.981942504223848,6.193,98.1942504223848
0.006194,0.981944139962071,6.194,98.1944139962071
0.006195,0.981945791350407,6.195,98.1945791350407
0.006196,0.981947458326112,6.196,98.1947458326112
0.006197,0.981949140826003,6.197,98.1949140826003
0.006198,0.981950838786457,6.198,98.1950838786457
0.006199,0.981952552143416,6.199,98.1952552143416
0.0062,0.981954280832384,6.2,98.1954280832384
0.006201,0.981956024788437,6.201,98.1956024788437
0.006202,0.981957783946219,6.202,98.1957783946219
0.006203,0.981959558239945,6.203,98.1959558239945
0.006204,0.981961347603407,6.204,98.1961347603407
0.006205,0.981963151969971,6.205,98.1963151969971
0.006206,0.981964971272585,6.206,98.1964971272585
0.006207,0.981966805443776,6.207,98.1966805443776
0.006208,0.981968654415656,6.208,98.1968654415656
0.006209,0.981970518119924,6.209,98.1970518119924
0.00621,0.981972396487864,6.21,98.1972396487864
0.006211,0.981974289450356,6.211,98.1974289450356
0.006212,0.981976196937868,6.212,98.1976196937868
0.006213,0.981978118880468,6.213,98.1978118880468
0.006214,0.981980055207818,6.214,98.1980055207818
0.006215,0.981982005849184,6.215,98.1982005849184
0.006216,0.981983970733432,6.216,98.1983970733432
0.006217,0.981985949789035,6.217,98.1985949789035
0.006218,0.981987942944074,6.218,98.1987942944074
0.006219,0.981989950126238,6.219,98.1989950126238
0.00622,0.98199197126283,6.22,98.199197126283
0.006221,0.981994006280769,6.221,98.1994006280769
0.006222,0.981996055106588,6.222,98.1996055106588
0.006223,0.981998117666445,6.223,98.1998117666445
0.006224,0.982000193886117,6.224,98.2000193886117
0.006225,0.982002283691007,6.225,98.2002283691007
0.006226,0.982004387006144,6.226,98.2004387006144
0.006227,0.98200650375619,6.227,98.200650375619
0.006228,0.982008633865437,6.228,98.2008633865437
0.006229,0.982010777257814,6.229,98.2010777257814
0.00623,0.982012933856887,6.23,98.2012933856887
0.006231,0.982015103585862,6.231,98.2015103585862
0.006232,0.982017286367589,6.232,98.2017286367589
0.006233,0.982019482124562,6.233,98.2019482124562
0.006234,0.982021690778925,6.234,98.2021690778925
0.006235,0.982023912252469,6.235,98.2023912252469
0.006236,0.982026146466643,6.236,98.2026146466643
0.006237,0.982028393342549,6.237,98.2028393342549
0.006238,0.982030652800948,6.238,98.2030652800948
0.006239,0.982032924762263,6.239,98.2032924762263
0.00624,0.98203520914658,6.24,98.203520914658
0.006241,0.982037505873651,6.241,98.2037505873651
0.006242,0.982039814862899,6.242,98.2039814862899
0.006243,0.982042136033417,6.243,98.2042136033417
0.006244,0.982044469303974,6.244,98.2044469303974
0.006245,0.982046814593015,6.245,98.2046814593015
0.006246,0.982049171818666,6.246,98.2049171818666
0.006247,0.982051540898735,6.247,98.2051540898735
0.006248,0.982053921750715,6.248,98.2053921750715
0.006249,0.982056314291788,6.249,98.2056314291788
0.00625,0.982058718438828,6.25,98.2058718438828
0.006251,0.982061134108399,6.251,98.2061134108399
0.006252,0.982063561216764,6.252,98.2063561216764
0.006253,0.982065999679884,6.253,98.2065999679884
0.006254,0.982068449413423,6.254,98.2068449413423
0.006255,0.982070910332749,6.255,98.2070910332749
0.006256,0.982073382352937,6.256,98.2073382352937
0.006257,0.982075865388773,6.257,98.2075865388773
0.006258,0.982078359354755,6.258,98.2078359354755
0.006259,0.982080864165098,6.259,98.2080864165098
0.00626,0.982083379733735,6.26,98.2083379733735
0.006261,0.98208590597432,6.261,98.208590597432
0.006262,0.982088442800234,6.262,98.2088442800234
0.006263,0.98209099012458,6.263,98.209099012458
0.006264,0.982093547860194,6.264,98.2093547860194
0.006265,0.982096115919646,6.265,98.2096115919646
0.006266,0.982098694215237,6.266,98.2098694215237
0.006267,0.982101282659014,6.267,98.2101282659014
0.006268,0.982103881162757,6.268,98.2103881162757
0.006269,0.982106489637996,6.269,98.2106489637996
0.00627,0.982109107996005,6.27,98.2109107996005
0.006271,0.98211173614781,6.271,98.211173614781
0.006272,0.982114374004188,6.272,98.2114374004188
0.006273,0.982117021475673,6.273,98.2117021475673
0.006274,0.982119678472558,6.274,98.2119678472558
0.006275,0.982122344904895,6.275,98.2122344904895
0.006276,0.982125020682504,6.276,98.2125020682504
0.006277,0.982127705714971,6.277,98.2127705714971
0.006278,0.98213039991165,6.278,98.213039991165
0.006279,0.982133103181671,6.279,98.2133103181671
0.00628,0.982135815433941,6.28,98.2135815433941
0.006281,0.982138536577142,6.281,98.2138536577142
0.006282,0.982141266519741,6.282,98.2141266519741
0.006283,0.982144005169991,6.283,98.2144005169991
0.006284,0.982146752435929,6.284,98.2146752435929
0.006285,0.982149508225386,6.285,98.2149508225386
0.006286,0.982152272445987,6.286,98.2152272445987
0.006287,0.982155045005152,6.287,98.2155045005152
0.006288,0.982157825810102,6.288,98.2157825810102
0.006289,0.98216061476786,6.289,98.216061476786
0.00629,0.982163411785256,6.29,98.2163411785256
0.006291,0.982166216768927,6.291,98.2166216768927
0.006292,0.982169029625322,6.292,98.2169029625322
0.006293,0.982171850260707,6.293,98.2171850260707
0.006294,0.982174678581161,6.294,98.2174678581161
0.006295,0.982177514492589,6.295,98.2177514492589
0.006296,0.982180357900716,6.296,98.2180357900716
0.006297,0.982183208711095,6.297,98.2183208711095
0.006298,0.982186066829109,6.298,98.2186066829109
0.006299,0.982188932159974,6.299,98.2188932159974
0.0063,0.98219180460874,6.3,98.219180460874
0.006301,0.982194684080298,6.301,98.2194684080298
0.006302,0.982197570479378,6.302,98.2197570479378
0.006303,0.982200463710559,6.303,98.2200463710559
0.006304,0.982203363678262,6.304,98.2203363678262
0.006305,0.982206270286765,6.305,98.2206270286765
0.006306,0.982209183440195,6.306,98.2209183440195
0.006307,0.98221210304254,6.307,98.221210304254
0.006308,0.982215028997644,6.308,98.2215028997644
0.006309,0.982217961209216,6.309,98.2217961209216
0.00631,0.982220899580831,6.31,98.2220899580831
0.006311,0.982223844015934,6.311,98.2223844015934
0.006312,0.982226794417841,6.312,98.2226794417841
0.006313,0.982229750689741,6.313,98.2229750689741
0.006314,0.982232712734706,6.314,98.2232712734706
0.006315,0.982235680455686,6.315,98.2235680455686
0.006316,0.982238653755516,6.316,98.2238653755516
0.006317,0.982241632536919,6.317,98.2241632536919
0.006318,0.982244616702508,6.318,98.2244616702508
0.006319,0.98224760615479,6.319,98.224760615479
0.00632,0.982250600796168,6.32,98.2250600796168
0.006321,0.982253600528945,6.321,98.2253600528945
0.006322,0.982256605255325,6.322,98.2256605255325
0.006323,0.982259614877422,6.323,98.2259614877422
0.006324,0.982262629297255,6.324,98.2262629297255
0.006325,0.982265648416757,6.325,98.2265648416757
0.006326,0.982268672137773,6.326,98.2268672137773
0.006327,0.982271700362071,6.327,98.2271700362071
0.006328,0.982274732991336,6.328,98.2274732991336
0.006329,0.982277769927181,6.329,98.2277769927181
0.00633,0.98228081107114,6.33,98.228081107114
0.006331,0.982283856324685,6.331,98.2283856324685
0.006332,0.982286905589215,6.332,98.2286905589215
0.006333,0.98228995876607,6.333,98.228995876607
0.006334,0.982293015756527,6.334,98.2293015756527
0.006335,0.982296076461807,6.335,98.2296076461807
0.006336,0.982299140783075,6.336,98.2299140783075
0.006337,0.982302208621447,6.337,98.2302208621447
0.006338,0.98230527987799,6.338,98.230527987799
0.006339,0.982308354453725,6.339,98.2308354453725
0.00634,0.982311432249632,6.34,98.2311432249632
0.006341,0.982314513166651,6.341,98.2314513166651
0.006342,0.982317597105687,6.342,98.2317597105687
0.006343,0.982320683967614,6.343,98.2320683967614
0.006344,0.982323773653273,6.344,98.2323773653273
0.006345,0.98232686606348,6.345,98.232686606348
0.006346,0.982329961099027,6.346,98.2329961099027
0.006347,0.982333058660687,6.347,98.2333058660687
0.006348,0.982336158649212,6.348,98.2336158649212
0.006349,0.982339260965343,6.349,98.2339260965343
0.00635,0.98234236550981,6.35,98.234236550981
0.006351,0.98234547218333,6.351,98.234547218333
0.006352,0.98234858088662,6.352,98.234858088662
0.006353,0.982351691520392,6.353,98.2351691520392
0.006354,0.98235480398536,6.354,98.235480398536
0.006355,0.982357918182241,6.355,98.2357918182241
0.006356,0.98236103401176,6.356,98.236103401176
0.006357,0.982364151374653,6.357,98.2364151374653
0.006358,0.982367270171665,6.358,98.2367270171665
0.006359,0.982370390303563,6.359,98.2370390303563
0.00636,0.982373511671128,6.36,98.2373511671128
0.006361,0.982376634175166,6.361,98.2376634175166
0.006362,0.982379757716506,6.362,98.2379757716506
0.006363,0.982382882196008,6.363,98.2382882196008
0.006364,0.982386007514564,6.364,98.2386007514564
0.006365,0.982389133573094,6.365,98.2389133573094
0.006366,0.982392260272563,6.366,98.2392260272563
0.006367,0.982395387513973,6.367,98.2395387513973
0.006368,0.982398515198369,6.368,98.2398515198369
0.006369,0.982401643226843,6.369,98.2401643226843
0.00637,0.982404771500537,6.37,98.2404771500537
0.006371,0.982407899920645,6.371,98.2407899920645
0.006372,0.982411028388415,6.372,98.2411028388415
0.006373,0.982414156805157,6.373,98.2414156805157
0.006374,0.982417285072239,6.374,98.2417285072239
0.006375,0.982420413091095,6.375,98.2420413091095
0.006376,0.982423540763228,6.376,98.2423540763228
0.006377,0.982426667990206,6.377,98.2426667990206
0.006378,0.982429794673678,6.378,98.2429794673678
0.006379,0.982432920715363,6.379,98.2432920715363
0.00638,0.982436046017062,6.38,98.2436046017062
0.006381,0.982439170480659,6.381,98.2439170480659
0.006382,0.982442294008122,6.382,98.2442294008122
0.006383,0.982445416501508,6.383,98.2445416501508
0.006384,0.982448537862964,6.384,98.2448537862964
0.006385,0.982451657994734,6.385,98.2451657994734
0.006386,0.982454776799157,6.386,98.2454776799157
0.006387,0.982457894178672,6.387,98.2457894178672
0.006388,0.982461010035822,6.388,98.2461010035822
0.006389,0.982464124273255,6.389,98.2464124273255
0.00639,0.982467236793729,6.39,98.2467236793729
0.006391,0.982470347500113,6.391,98.2470347500113
0.006392,0.98247345629539,6.392,98.247345629539
0.006393,0.982476563082662,6.393,98.2476563082662
0.006394,0.982479667765152,6.394,98.2479667765152
0.006395,0.982482770246205,6.395,98.2482770246205
0.006396,0.982485870429293,6.396,98.2485870429293
0.006397,0.982488968218016,6.397,98.2488968218016
0.006398,0.982492063516109,6.398,98.2492063516109
0.006399,0.982495156227439,6.399,98.2495156227439
0.0064,0.982498246256014,6.4,98.2498246256014
0.006401,0.982501333505979,6.401,98.2501333505979
0.006402,0.982504417881626,6.402,98.2504417881626
0.006403,0.98250749928739,6.403,98.250749928739
0.006404,0.98251057762786,6.404,98.251057762786
0.006405,0.982513652807771,6.405,98.2513652807771
0.006406,0.982516724732021,6.406,98.2516724732021
0.006407,0.982519793305658,6.407,98.2519793305658
0.006408,0.982522858433896,6.408,98.2522858433896
0.006409,0.98252592002211,6.409,98.252592002211
0.00641,0.98252897797584,6.41,98.252897797584
0.006411,0.9825320322008,6.411,98.25320322008
0.006412,0.982535082602871,6.412,98.2535082602871
0.006413,0.98253812908811,6.413,98.253812908811
0.006414,0.982541171562754,6.414,98.2541171562754
0.006415,0.982544209933216,6.415,98.2544209933216
0.006416,0.982547244106096,6.416,98.2547244106096
0.006417,0.982550273988177,6.417,98.2550273988177
0.006418,0.982553299486433,6.418,98.2553299486433
0.006419,0.982556320508025,6.419,98.2556320508025
0.00642,0.982559336960313,6.42,98.2559336960313
0.006421,0.982562348750851,6.421,98.2562348750851
0.006422,0.982565355787392,6.422,98.2565355787392
0.006423,0.982568357977893,6.423,98.2568357977893
0.006424,0.982571355230515,6.424,98.2571355230515
0.006425,0.982574347453626,6.425,98.2574347453626
0.006426,0.982577334555807,6.426,98.2577334555807
0.006427,0.982580316445847,6.427,98.2580316445847
0.006428,0.982583293032755,6.428,98.2583293032755
0.006429,0.982586264225757,6.429,98.2586264225757
0.00643,0.982589229934299,6.43,98.2589229934299
0.006431,0.982592190068052,6.431,98.2592190068052
0.006432,0.982595144536913,6.432,98.2595144536913
0.006433,0.982598093251006,6.433,98.2598093251006
0.006434,0.98260103612069,6.434,98.260103612069
0.006435,0.982603973056555,6.435,98.2603973056555
0.006436,0.98260690396943,6.436,98.260690396943
0.006437,0.98260982877038,6.437,98.260982877038
0.006438,0.982612747370716,6.438,98.2612747370716
0.006439,0.982615659681991,6.439,98.2615659681991
0.00644,0.982618565616008,6.44,98.2618565616008
0.006441,0.982621465084814,6.441,98.2621465084814
0.006442,0.982624358000715,6.442,98.2624358000715
0.006443,0.982627244276266,6.443,98.2627244276266
0.006444,0.982630123824282,6.444,98.2630123824282
0.006445,0.982632996557838,6.445,98.2632996557838
0.006446,0.982635862390273,6.446,98.2635862390273
0.006447,0.982638721235185,6.447,98.2638721235185
0.006448,0.982641573006445,6.448,98.2641573006445
0.006449,0.982644417618191,6.449,98.2644417618191
0.00645,0.982647254984835,6.45,98.2647254984835
0.006451,0.982650085021063,6.451,98.2650085021063
0.006452,0.982652907641836,6.452,98.2652907641836
0.006453,0.982655722762398,6.453,98.2655722762398
0.006454,0.982658530298274,6.454,98.2658530298274
0.006455,0.982661330165274,6.455,98.2661330165274
0.006456,0.982664122279492,6.456,98.2664122279492
0.006457,0.982666906557317,6.457,98.2666906557317
0.006458,0.982669682915423,6.458,98.2669682915423
0.006459,0.982672451270783,6.459,98.2672451270783
0.00646,0.982675211540666,6.46,98.2675211540666
0.006461,0.982677963642637,6.461,98.2677963642637
0.006462,0.982680707494565,6.462,98.2680707494565
0.006463,0.982683443014623,6.463,98.2683443014623
0.006464,0.982686170121285,6.464,98.2686170121285
0.006465,0.982688888733339,6.465,98.2688888733339
0.006466,0.982691598769882,6.466,98.2691598769882
0.006467,0.982694300150321,6.467,98.2694300150321
0.006468,0.982696992794382,6.468,98.2696992794382
0.006469,0.982699676622107,6.469,98.2699676622107
0.00647,0.982702351553855,6.47,98.2702351553855
0.006471,0.982705017510311,6.471,98.2705017510311
0.006472,0.982707674412481,6.472,98.2707674412481
0.006473,0.9827103221817,6.473,98.27103221817
0.006474,0.98271296073963,6.474,98.271296073963
0.006475,0.982715590008264,6.475,98.2715590008264
0.006476,0.982718209909929,6.476,98.2718209909929
0.006477,0.982720820367285,6.477,98.2720820367285
0.006478,0.982723421303332,6.478,98.2723421303332
0.006479,0.982726012641407,6.479,98.2726012641407
0.00648,0.982728594305192,6.48,98.2728594305192
0.006481,0.98273116621871,6.481,98.273116621871
0.006482,0.982733728306331,6.482,98.2733728306331
0.006483,0.982736280492773,6.483,98.2736280492773
0.006484,0.982738822703104,6.484,98.2738822703104
0.006485,0.982741354862745,6.485,98.2741354862745
0.006486,0.98274387689747,6.486,98.274387689747
0.006487,0.982746388733411,6.487,98.2746388733411
0.006488,0.982748890297057,6.488,98.2748890297057
0.006489,0.982751381515259,6.489,98.2751381515259
0.00649,0.982753862315229,6.49,98.2753862315229
0.006491,0.982756332624546,6.491,98.2756332624546
0.006492,0.982758792371152,6.492,98.2758792371152
0.006493,0.982761241483361,6.493,98.2761241483361
0.006494,0.982763679889856,6.494,98.2763679889856
0.006495,0.982766107519692,6.495,98.2766107519692
0.006496,0.982768524302299,6.496,98.2768524302299
0.006497,0.982770930167485,6.497,98.2770930167485
0.006498,0.982773325045434,6.498,98.2773325045434
0.006499,0.982775708866712,6.499,98.2775708866712
0.0065,0.982778081562264,6.5,98.2778081562264
0.006501,0.982780443063425,6.501,98.2780443063425
0.006502,0.982782793301911,6.502,98.2782793301911
0.006503,0.982785132209826,6.503,98.2785132209826
0.006504,0.982787459719667,6.504,98.2787459719667
0.006505,0.982789775764321,6.505,98.2789775764321
0.006506,0.982792080277066,6.506,98.2792080277066
0.006507,0.982794373191577,6.507,98.2794373191577
0.006508,0.982796654441927,6.508,98.2796654441927
0.006509,0.982798923962586,6.509,98.2798923962586
0.00651,0.982801181688426,6.51,98.2801181688426
0.006511,0.98280342755472,6.511,98.280342755472
0.006512,0.982805661497146,6.512,98.2805661497146
0.006513,0.982807883451786,6.513,98.2807883451786
0.006514,0.982810093355132,6.514,98.2810093355132
0.006515,0.982812291144084,6.515,98.2812291144084
0.006516,0.982814476755952,6.516,98.2814476755952
0.006517,0.98281665012846,6.517,98.281665012846
0.006518,0.982818811199746,6.518,98.2818811199746
0.006519,0.982820959908362,6.519,98.2820959908362
0.00652,0.982823096193281,6.52,98.2823096193281
0.006521,0.982825219993891,6.521,98.2825219993891
0.006522,0.982827331250005,6.522,98.2827331250005
0.006523,0.982829429901854,6.523,98.2829429901854
0.006524,0.982831515890097,6.524,98.2831515890097
0.006525,0.982833589155815,6.525,98.2833589155815
0.006526,0.982835649640519,6.526,98.2835649640519
0.006527,0.982837697286147,6.527,98.2837697286147
0.006528,0.982839732035066,6.528,98.2839732035066
0.006529,0.982841753830078,6.529,98.2841753830078
0.00653,0.982843762614415,6.53,98.2843762614415
0.006531,0.982845758331745,6.531,98.2845758331745
0.006532,0.982847740926172,6.532,98.2847740926172
0.006533,0.982849710342236,6.533,98.2849710342236
0.006534,0.98285166652492,6.534,98.285166652492
0.006535,0.982853609419642,6.535,98.2853609419642
0.006536,0.982855538972266,6.536,98.2855538972266
0.006537,0.982857455129096,6.537,98.2857455129096
0.006538,0.982859357836885,6.538,98.2859357836885
0.006539,0.982861247042828,6.539,98.2861247042828
0.00654,0.982863122694567,6.54,98.2863122694567
0.006541,0.982864984740196,6.541,98.2864984740196
0.006542,0.982866833128257,6.542,98.2866833128257
0.006543,0.982868667807743,6.543,98.2868667807743
0.006544,0.982870488728099,6.544,98.2870488728099
0.006545,0.982872295839227,6.545,98.2872295839227
0.006546,0.982874089091481,6.546,98.2874089091481
0.006547,0.982875868435671,6.547,98.2875868435671
0.006548,0.982877633823068,6.548,98.2877633823068
0.006549,0.982879385205399,6.549,98.2879385205399
0.00655,0.982881122534852,6.55,98.2881122534852
0.006551,0.982882845764077,6.551,98.2882845764077
0.006552,0.982884554846183,6.552,98.2884554846183
0.006553,0.982886249734747,6.553,98.2886249734747
0.006554,0.982887930383809,6.554,98.2887930383809
0.006555,0.982889596747874,6.555,98.2889596747874
0.006556,0.982891248781915,6.556,98.2891248781915
0.006557,0.982892886441371,6.557,98.2892886441371
0.006558,0.982894509682154,6.558,98.2894509682154
0.006559,0.982896118460644,6.559,98.2896118460644
0.00656,0.982897712733691,6.56,98.2897712733691
0.006561,0.982899292458618,6.561,98.2899292458618
0.006562,0.982900857593225,6.562,98.2900857593225
0.006563,0.98290240809578,6.563,98.290240809578
0.006564,0.982903943925032,6.564,98.2903943925032
0.006565,0.982905465040203,6.565,98.2905465040203
0.006566,0.982906971400995,6.566,98.2906971400995
0.006567,0.982908462967585,6.567,98.2908462967585
0.006568,0.982909939700631,6.568,98.2909939700631
0.006569,0.982911401561272,6.569,98.2911401561272
0.00657,0.982912848511126,6.57,98.2912848511126
0.006571,0.982914280512295,6.571,98.2914280512295
0.006572,0.98291569752736,6.572,98.291569752736
0.006573,0.982917099519392,6.573,98.2917099519392
0.006574,0.98291848645194,6.574,98.291848645194
0.006575,0.982919858289041,6.575,98.2919858289041
0.006576,0.982921214995222,6.576,98.2921214995222
0.006577,0.982922556535488,6.577,98.2922556535488
0.006578,0.98292388287534,6.578,98.292388287534
0.006579,0.982925193980764,6.579,98.2925193980764
0.00658,0.982926489818234,6.58,98.2926489818234
0.006581,0.982927770354716,6.581,98.2927770354716
0.006582,0.982929035557667,6.582,98.2929035557667
0.006583,0.982930285395034,6.583,98.2930285395034
0.006584,0.982931519835256,6.584,98.2931519835256
0.006585,0.982932738847266,6.585,98.2932738847266
0.006586,0.982933942400488,6.586,98.2933942400488
0.006587,0.982935130464843,6.587,98.2935130464843
0.006588,0.982936303010746,6.588,98.2936303010746
0.006589,0.982937460009104,6.589,98.2937460009104
0.00659,0.982938601431326,6.59,98.2938601431326
0.006591,0.982939727249311,6.591,98.2939727249311
0.006592,0.982940837435459,6.592,98.2940837435459
0.006593,0.982941931962666,6.593,98.2941931962666
0.006594,0.982943010804327,6.594,98.2943010804327
0.006595,0.982944073934335,6.595,98.2944073934335
0.006596,0.982945121327083,6.596,98.2945121327083
0.006597,0.98294615295746,6.597,98.294615295746
0.006598,0.98294716880086,6.598,98.294716880086
0.006599,0.982948168833176,6.599,98.2948168833176
0.0066,0.982949153030799,6.6,98.2949153030799
0.006601,0.982950121370626,6.601,98.2950121370626
0.006602,0.982951073830051,6.602,98.2951073830051
0.006603,0.982952010386975,6.603,98.2952010386975
0.006604,0.982952931019798,6.604,98.2952931019798
0.006605,0.982953835707425,6.605,98.2953835707425
0.006606,0.98295472442926,6.606,98.295472442926
0.006607,0.982955597165218,6.607,98.2955597165218
0.006608,0.982956453895712,6.608,98.2956453895712
0.006609,0.98295729460166,6.609,98.295729460166
0.00661,0.982958119264487,6.61,98.2958119264487
0.006611,0.982958927866121,6.611,98.2958927866121
0.006612,0.982959720388993,6.612,98.2959720388993
0.006613,0.982960496816044,6.613,98.2960496816044
0.006614,0.982961257130717,6.614,98.2961257130717
0.006615,0.98296200131696,6.615,98.296200131696
0.006616,0.982962729359229,6.616,98.2962729359229
0.006617,0.982963441242487,6.617,98.2963441242487
0.006618,0.982964136952199,6.618,98.2964136952199
0.006619,0.982964816474339,6.619,98.2964816474339
0.00662,0.982965479795387,6.62,98.2965479795387
0.006621,0.982966126902331,6.621,98.2966126902331
0.006622,0.982966757782664,6.622,98.2966757782664
0.006623,0.982967372424384,6.623,98.2967372424384
0.006624,0.982967970815999,6.624,98.2967970815999
0.006625,0.982968552946522,6.625,98.2968552946522
0.006626,0.982969118805474,6.626,98.2969118805474
0.006627,0.982969668382883,6.627,98.2969668382883
0.006628,0.982970201669282,6.628,98.2970201669282
0.006629,0.98297071865571,6.629,98.297071865571
0.00663,0.982971219333719,6.63,98.2971219333719
0.006631,0.98297170369536,6.631,98.297170369536
0.006632,0.982972171733195,6.632,98.2972171733195
0.006633,0.982972623440292,6.633,98.2972623440292
0.006634,0.982973058810225,6.634,98.2973058810225
0.006635,0.982973477837074,6.635,98.2973477837074
0.006636,0.982973880515427,6.636,98.2973880515427
0.006637,0.982974266840378,6.637,98.2974266840378
0.006638,0.982974636807525,6.638,98.2974636807525
0.006639,0.982974990412972,6.639,98.2974990412972
0.00664,0.98297532765333,6.64,98.297532765333
0.006641,0.982975648525716,6.641,98.2975648525716
0.006642,0.98297595302775,6.642,98.297595302775
0.006643,0.982976241157559,6.643,98.2976241157559
0.006644,0.982976512913774,6.644,98.2976512913774
0.006645,0.98297676829553,6.645,98.297676829553
0.006646,0.982977007302466,6.646,98.2977007302466
0.006647,0.982977229934727,6.647,98.2977229934727
0.006648,0.982977436192959,6.648,98.2977436192959
0.006649,0.982977626078312,6.649,98.2977626078312
0.00665,0.98297779959244,6.65,98.297779959244
0.006651,0.982977956737499,6.651,98.2977956737499
0.006652,0.982978097516145,6.652,98.2978097516145
0.006653,0.98297822193154,6.653,98.297822193154
0.006654,0.982978329987345,6.654,98.2978329987345
0.006655,0.982978421687721,6.655,98.2978421687721
0.006656,0.982978497037332,6.656,98.2978497037332
0.006657,0.98297855604134,6.657,98.297855604134
0.006658,0.982978598705409,6.658,98.2978598705409
0.006659,0.982978625035698,6.659,98.2978625035698
0.00666,0.98297863503887,6.66,98.297863503887
0.006661,0.982978628722081,6.661,98.2978628722081
0.006662,0.98297860609299,6.662,98.297860609299
0.006663,0.982978567159749,6.663,98.2978567159749
0.006664,0.982978511931007,6.664,98.2978511931007
0.006665,0.982978440415912,6.665,98.2978440415912
0.006666,0.982978352624104,6.666,98.2978352624104
0.006667,0.982978248565719,6.667,98.2978248565719
0.006668,0.982978128251387,6.668,98.2978128251387
0.006669,0.982977991692234,6.669,98.2977991692234
0.00667,0.982977838899874,6.67,98.2977838899874
0.006671,0.982977669886418,6.671,98.2977669886418
0.006672,0.982977484664467,6.672,98.2977484664467
0.006673,0.982977283247111,6.673,98.2977283247111
0.006674,0.982977065647933,6.674,98.2977065647933
0.006675,0.982976831881005,6.675,98.2976831881005
0.006676,0.982976581960886,6.676,98.2976581960886
0.006677,0.982976315902624,6.677,98.2976315902624
0.006678,0.982976033721755,6.678,98.2976033721755
0.006679,0.982975735434302,6.679,98.2975735434302
0.00668,0.982975421056771,6.68,98.2975421056771
0.006681,0.982975090606156,6.681,98.2975090606156
0.006682,0.982974744099934,6.682,98.2974744099934
0.006683,0.982974381556063,6.683,98.2974381556063
0.006684,0.982974002992988,6.684,98.2974002992988
0.006685,0.982973608429631,6.685,98.2973608429631
0.006686,0.982973197885398,6.686,98.2973197885398
0.006687,0.982972771380173,6.687,98.2972771380173
0.006688,0.982972328934319,6.688,98.2972328934319
0.006689,0.982971870568679,6.689,98.2971870568679
0.00669,0.98297139630457,6.69,98.297139630457
0.006691,0.982970906163787,6.691,98.2970906163787
0.006692,0.982970400168599,6.692,98.2970400168599
0.006693,0.982969878341751,6.693,98.2969878341751
0.006694,0.982969340706461,6.694,98.2969340706461
0.006695,0.982968787286416,6.695,98.2968787286416
0.006696,0.982968218105778,6.696,98.2968218105778
0.006697,0.982967633189175,6.697,98.2967633189175
0.006698,0.982967032561711,6.698,98.2967032561711
0.006699,0.98296641624895,6.699,98.296641624895
0.0067,0.982965784276929,6.7,98.2965784276929
0.006701,0.982965136672148,6.701,98.2965136672148
0.006702,0.982964473461572,6.702,98.2964473461572
0.006703,0.98296379467263,6.703,98.296379467263
0.006704,0.982963100333214,6.704,98.2963100333214
0.006705,0.982962390471677,6.705,98.2962390471677
0.006706,0.982961665116834,6.706,98.2961665116834
0.006707,0.982960924297954,6.707,98.2960924297954
0.006708,0.98296016804477,6.708,98.296016804477
0.006709,0.982959396387468,6.709,98.2959396387468
0.00671,0.982958609356693,6.71,98.2958609356693
0.006711,0.982957806983538,6.711,98.2957806983538
0.006712,0.982956989299555,6.712,98.2956989299555
0.006713,0.982956156336747,6.713,98.2956156336747
0.006714,0.982955308127565,6.714,98.2955308127565
0.006715,0.98295444470491,6.715,98.295444470491
0.006716,0.982953566102134,6.716,98.2953566102134
0.006717,0.982952672353031,6.717,98.2952672353031
0.006718,0.982951763491845,6.718,98.2951763491845
0.006719,0.982950839553261,6.719,98.2950839553261
0.00672,0.982949900572407,6.72,98.2949900572407
0.006721,0.982948946584855,6.721,98.2948946584855
0.006722,0.982947977626615,6.722,98.2947977626615
0.006723,0.982946993734134,6.723,98.2946993734134
0.006724,0.9829459949443,6.724,98.29459949443
0.006725,0.982944981294434,6.725,98.2944981294434
0.006726,0.982943952822292,6.726,98.2943952822292
0.006727,0.982942909566065,6.727,98.2942909566065
0.006728,0.982941851564374,6.728,98.2941851564374
0.006729,0.982940778856269,6.729,98.2940778856269
0.00673,0.98293969148123,6.73,98.293969148123
0.006731,0.982938589479167,6.731,98.2938589479167
0.006732,0.982937472890409,6.732,98.2937472890409
0.006733,0.982936341755717,6.733,98.2936341755717
0.006734,0.982935196116268,6.734,98.2935196116268
0.006735,0.982934036013664,6.735,98.2934036013664
0.006736,0.982932861489927,6.736,98.2932861489927
0.006737,0.982931672587493,6.737,98.2931672587493
0.006738,0.982930469349221,6.738,98.2930469349221
0.006739,0.982929251818379,6.739,98.2929251818379
0.00674,0.982928020038652,6.74,98.2928020038652
0.006741,0.982926774054136,6.741,98.2926774054136
0.006742,0.982925513909335,6.742,98.2925513909335
0.006743,0.982924239649166,6.743,98.2924239649166
0.006744,0.982922951318949,6.744,98.2922951318949
0.006745,0.98292164896441,6.745,98.292164896441
0.006746,0.982920332631681,6.746,98.2920332631681
0.006747,0.982919002367296,6.747,98.2919002367296
0.006748,0.982917658218184,6.748,98.2917658218184
0.006749,0.982916300231679,6.749,98.2916300231679
0.00675,0.982914928455509,6.75,98.2914928455509
0.006751,0.982913542937797,6.751,98.2913542937797
0.006752,0.982912143727061,6.752,98.2912143727061
0.006753,0.982910730872208,6.753,98.2910730872208
0.006754,0.98290930442254,6.754,98.290930442254
0.006755,0.982907864427742,6.755,98.2907864427742
0.006756,0.982906410937888,6.756,98.2906410937888
0.006757,0.982904944003438,6.757,98.2904944003438
0.006758,0.982903463675233,6.758,98.2903463675233
0.006759,0.982901970004495,6.759,98.2901970004495
0.00676,0.982900463042826,6.76,98.2900463042826
0.006761,0.982898942842207,6.761,98.2898942842207
0.006762,0.982897409454992,6.762,98.2897409454992
0.006763,0.982895862933911,6.763,98.2895862933911
0.006764,0.982894303332065,6.764,98.2894303332065
0.006765,0.982892730702925,6.765,98.2892730702925
0.006766,0.982891145100333,6.766,98.2891145100333
0.006767,0.982889546578493,6.767,98.2889546578493
0.006768,0.982887935191975,6.768,98.2887935191975
0.006769,0.982886310995714,6.769,98.2886310995714
0.00677,0.982884674045005,6.77,98.2884674045005
0.006771,0.982883024395498,6.771,98.2883024395498
0.006772,0.982881362103205,6.772,98.2881362103205
0.006773,0.98287968722449,6.773,98.287968722449
0.006774,0.982877999816071,6.774,98.2877999816071
0.006775,0.982876299935016,6.775,98.2876299935016
0.006776,0.982874587638744,6.776,98.2874587638744
0.006777,0.98287286298502,6.777,98.287286298502
0.006778,0.982871126031953,6.778,98.2871126031953
0.006779,0.982869376837996,6.779,98.2869376837996
0.00678,0.982867615461944,6.78,98.2867615461944
0.006781,0.98286584196293,6.781,98.286584196293
0.006782,0.982864056400424,6.782,98.2864056400424
0.006783,0.982862258834232,6.783,98.2862258834232
0.006784,0.982860449324492,6.784,98.2860449324492
0.006785,0.982858627931674,6.785,98.2858627931674
0.006786,0.982856794716576,6.786,98.2856794716576
0.006787,0.982854949740322,6.787,98.2854949740322
0.006788,0.982853093064362,6.788,98.2853093064362
0.006789,0.98285122475047,6.789,98.285122475047
0.00679,0.982849344860736,6.79,98.2849344860736
0.006791,0.982847453457574,6.791,98.2847453457574
0.006792,0.98284555060371,6.792,98.284555060371
0.006793,0.982843636362186,6.793,98.2843636362186
0.006794,0.982841710796356,6.794,98.2841710796356
0.006795,0.982839773969885,6.795,98.2839773969885
0.006796,0.982837825946743,6.796,98.2837825946743
0.006797,0.982835866791208,6.797,98.2835866791208
0.006798,0.982833896567861,6.798,98.2833896567861
0.006799,0.982831915341583,6.799,98.2831915341583
0.0068,0.982829923177556,6.8,98.2829923177556
0.006801,0.982827920141259,6.801,98.2827920141259
0.006802,0.982825906298463,6.802,98.2825906298463
0.006803,0.982823881715234,6.803,98.2823881715234
0.006804,0.982821846457928,6.804,98.2821846457928
0.006805,0.982819800593188,6.805,98.2819800593188
0.006806,0.982817744187944,6.806,98.2817744187944
0.006807,0.982815677309411,6.807,98.2815677309411
0.006808,0.982813600025081,6.808,98.2813600025081
0.006809,0.98281151240273,6.809,98.281151240273
0.00681,0.982809414510409,6.81,98.2809414510409
0.006811,0.982807306416441,6.811,98.2807306416441
0.006812,0.982805188189426,6.812,98.2805188189426
0.006813,0.982803059898232,6.813,98.2803059898232
0.006814,0.982800921611994,6.814,98.2800921611994
0.006815,0.982798773400114,6.815,98.2798773400114
0.006816,0.982796615332256,6.816,98.2796615332256
0.006817,0.982794447478346,6.817,98.2794447478346
0.006818,0.982792269908567,6.818,98.2792269908567
0.006819,0.982790082693362,6.819,98.2790082693362
0.00682,0.982787885903423,6.82,98.2787885903423
0.006821,0.982785679609697,6.821,98.2785679609697
0.006822,0.982783463883381,6.822,98.2783463883381
0.006823,0.982781238795915,6.823,98.2781238795915
0.006824,0.982779004418987,6.824,98.2779004418987
0.006825,0.982776760824526,6.825,98.2776760824526
0.006826,0.982774508084703,6.826,98.2774508084703
0.006827,0.982772246271925,6.827,98.2772246271925
0.006828,0.982769975458831,6.828,98.2769975458831
0.006829,0.982767695718298,6.829,98.2767695718298
0.00683,0.982765407123432,6.83,98.2765407123432
0.006831,0.982763109747565,6.831,98.2763109747565
0.006832,0.982760803664256,6.832,98.2760803664256
0.006833,0.982758488947288,6.833,98.2758488947288
0.006834,0.982756165670664,6.834,98.2756165670664
0.006835,0.982753833908605,6.835,98.2753833908605
0.006836,0.982751493735548,6.836,98.2751493735548
0.006837,0.982749145226145,6.837,98.2749145226145
0.006838,0.982746788455259,6.838,98.2746788455259
0.006839,0.98274442349796,6.839,98.274442349796
0.00684,0.982742050429526,6.84,98.2742050429526
0.006841,0.982739669325438,6.841,98.2739669325438
0.006842,0.982737280261377,6.842,98.2737280261377
0.006843,0.982734883313227,6.843,98.2734883313227
0.006844,0.982732478557066,6.844,98.2732478557066
0.006845,0.982730066069164,6.845,98.2730066069164
0.006846,0.982727645925986,6.846,98.2727645925986
0.006847,0.982725218204185,6.847,98.2725218204185
0.006848,0.982722782980601,6.848,98.2722782980601
0.006849,0.982720340332257,6.849,98.2720340332257
0.00685,0.982717890336358,6.85,98.2717890336358
0.006851,0.982715433070289,6.851,98.2715433070289
0.006852,0.982712968611611,6.852,98.2712968611611
0.006853,0.98271049703806,6.853,98.271049703806
0.006854,0.982708018427545,6.854,98.2708018427545
0.006855,0.982705532858137,6.855,98.2705532858137
0.006856,0.982703040408085,6.856,98.2703040408085
0.006857,0.982700541155795,6.857,98.2700541155795
0.006858,0.982698035179833,6.858,98.2698035179833
0.006859,0.982695522558931,6.859,98.2695522558931
0.00686,0.982693003371971,6.86,98.2693003371971
0.006861,0.982690477697994,6.861,98.2690477697994
0.006862,0.982687945616191,6.862,98.2687945616191
0.006863,0.982685407205901,6.863,98.2685407205901
0.006864,0.982682862546609,6.864,98.2682862546609
0.006865,0.982680311717948,6.865,98.2680311717948
0.006866,0.982677754799688,6.866,98.2677754799688
0.006867,0.982675191871741,6.867,98.2675191871741
0.006868,0.982672623014154,6.868,98.2672623014154
0.006869,0.982670048307107,6.869,98.2670048307107
0.00687,0.982667467830913,6.87,98.2667467830913
0.006871,0.982664881666014,6.871,98.2664881666014
0.006872,0.982662289892977,6.872,98.2662289892977
0.006873,0.982659692592491,6.873,98.2659692592491
0.006874,0.982657089845372,6.874,98.2657089845372
0.006875,0.982654481732547,6.875,98.2654481732547
0.006876,0.982651868335065,6.876,98.2651868335065
0.006877,0.982649249734085,6.877,98.2649249734085
0.006878,0.982646626010879,6.878,98.2646626010879
0.006879,0.982643997246824,6.879,98.2643997246824
0.00688,0.982641363523406,6.88,98.2641363523406
0.006881,0.982638724922214,6.881,98.2638724922214
0.006882,0.982636081524937,6.882,98.2636081524937
0.006883,0.982633433413359,6.883,98.2633433413359
0.006884,0.982630780669365,6.884,98.2630780669365
0.006885,0.982628123374928,6.885,98.2628123374928
0.006886,0.982625461612113,6.886,98.2625461612113
0.006887,0.982622795463074,6.887,98.2622795463074
0.006888,0.982620125010048,6.888,98.2620125010048
0.006889,0.982617450335357,6.889,98.2617450335357
0.00689,0.982614771521399,6.89,98.2614771521399
0.006891,0.982612088650653,6.891,98.2612088650653
0.006892,0.982609401805672,6.892,98.2609401805672
0.006893,0.982606711069079,6.893,98.2606711069079
0.006894,0.982604016523571,6.894,98.2604016523571
0.006895,0.982601318251908,6.895,98.2601318251908
0.006896,0.982598616336914,6.896,98.2598616336914
0.006897,0.982595910861479,6.897,98.2595910861479
0.006898,0.982593201908549,6.898,98.2593201908549
0.006899,0.982590489561127,6.899,98.2590489561127
0.0069,0.982587773902272,6.9,98.2587773902272
0.006901,0.982585055015091,6.901,98.2585055015091
0.006902,0.982582332982743,6.902,98.2582332982743
0.006903,0.982579607888433,6.903,98.2579607888433
0.006904,0.982576879815407,6.904,98.2576879815407
0.006905,0.982574148846957,6.905,98.2574148846957
0.006906,0.982571415066409,6.906,98.2571415066409
0.006907,0.982568678557127,6.907,98.2568678557127
0.006908,0.982565939402508,6.908,98.2565939402508
0.006909,0.98256319768598,6.909,98.256319768598
0.00691,0.982560453490998,6.91,98.2560453490998
0.006911,0.982557706901045,6.911,98.2557706901045
0.006912,0.982554957999625,6.912,98.2554957999625
0.006913,0.982552206870264,6.913,98.2552206870264
0.006914,0.982549453596503,6.914,98.2549453596503
0.006915,0.982546698261903,6.915,98.2546698261903
0.006916,0.982543940950033,6.916,98.2543940950033
0.006917,0.982541181744475,6.917,98.2541181744475
0.006918,0.982538420728819,6.918,98.2538420728819
0.006919,0.982535657986655,6.919,98.2535657986655
0.00692,0.982532893601583,6.92,98.2532893601583
0.006921,0.982530127657198,6.921,98.2530127657198
0.006922,0.982527360237092,6.922,98.2527360237092
0.006923,0.982524591424854,6.923,98.2524591424854
0.006924,0.982521821304063,6.924,98.2521821304063
0.006925,0.98251904995829,6.925,98.251904995829
0.006926,0.98251627747109,6.926,98.251627747109
0.006927,0.982513503926005,6.927,98.2513503926005
0.006928,0.982510729406558,6.928,98.2510729406558
0.006929,0.982507953996252,6.929,98.2507953996252
0.00693,0.982505177778563,6.93,98.2505177778563
0.006931,0.982502400836946,6.931,98.2502400836946
0.006932,0.982499623254827,6.932,98.2499623254827
0.006933,0.982496845115597,6.933,98.2496845115597
0.006934,0.982494066502619,6.934,98.2494066502619
0.006935,0.982491287499216,6.935,98.2491287499216
0.006936,0.982488508188675,6.936,98.2488508188675
0.006937,0.982485728654239,6.937,98.2485728654239
0.006938,0.982482948979112,6.938,98.2482948979112
0.006939,0.982480169246445,6.939,98.2480169246445
0.00694,0.982477389539349,6.94,98.2477389539349
0.006941,0.982474609940876,6.941,98.2474609940876
0.006942,0.982471830534028,6.942,98.2471830534028
0.006943,0.982469051401751,6.943,98.2469051401751
0.006944,0.982466272626931,6.944,98.2466272626931
0.006945,0.982463494292394,6.945,98.2463494292394
0.006946,0.9824607164809,6.946,98.24607164809
0.006947,0.982457939275143,6.947,98.2457939275143
0.006948,0.982455162757753,6.948,98.2455162757753
0.006949,0.982452387011282,6.949,98.2452387011282
0.00695,0.982449612118213,6.95,98.2449612118213
0.006951,0.98244683816095,6.951,98.244683816095
0.006952,0.982444065221818,6.952,98.2444065221818
0.006953,0.982441293383064,6.953,98.2441293383064
0.006954,0.982438522726848,6.954,98.2438522726848
0.006955,0.982435753335244,6.955,98.2435753335244
0.006956,0.982432985290241,6.956,98.2432985290241
0.006957,0.98243021867373,6.957,98.243021867373
0.006958,0.982427453567516,6.958,98.2427453567516
0.006959,0.982424690053302,6.959,98.2424690053302
0.00696,0.982421928212696,6.96,98.2421928212696
0.006961,0.982419168127203,6.961,98.2419168127203
0.006962,0.982416409878224,6.962,98.2416409878224
0.006963,0.982413653547059,6.963,98.2413653547059
0.006964,0.982410899214894,6.964,98.2410899214894
0.006965,0.982408146962805,6.965,98.2408146962805
0.006966,0.982405396871759,6.966,98.2405396871759
0.006967,0.982402649022602,6.967,98.2402649022602
0.006968,0.982399903496067,6.968,98.2399903496067
0.006969,0.982397160372761,6.969,98.2397160372761
0.00697,0.982394419733174,6.97,98.2394419733174
0.006971,0.982391681657667,6.971,98.2391681657667
0.006972,0.982388946226474,6.972,98.2388946226474
0.006973,0.982386213519701,6.973,98.2386213519701
0.006974,0.982383483617317,6.974,98.2383483617317
0.006975,0.982380756599161,6.975,98.2380756599161
0.006976,0.982378032544933,6.976,98.2378032544933
0.006977,0.982375311534194,6.977,98.2375311534194
0.006978,0.982372593646362,6.978,98.2372593646362
0.006979,0.98236987896071,6.979,98.236987896071
0.00698,0.982367167556367,6.98,98.2367167556367
0.006981,0.982364459512311,6.981,98.2364459512311
0.006982,0.982361754907371,6.982,98.2361754907371
0.006983,0.982359053820219,6.983,98.2359053820219
0.006984,0.982356356329373,6.984,98.2356356329373
0.006985,0.982353662513193,6.985,98.2353662513193
0.006986,0.982350972449879,6.986,98.2350972449879
0.006987,0.982348286217465,6.987,98.2348286217465
0.006988,0.982345603893823,6.988,98.2345603893823
0.006989,0.982342925556657,6.989,98.2342925556657
0.00699,0.982340251283498,6.99,98.2340251283498
0.006991,0.982337581151711,6.991,98.2337581151711
0.006992,0.982334915238481,6.992,98.2334915238481
0.006993,0.982332253620818,6.993,98.2332253620818
0.006994,0.982329596375556,6.994,98.2329596375556
0.006995,0.982326943579343,6.995,98.2326943579343
0.006996,0.982324295308648,6.996,98.2324295308648
0.006997,0.982321651639751,6.997,98.2321651639751
0.006998,0.982319012648748,6.998,98.2319012648748
0.006999,0.98231637841154,6.999,98.231637841154
0.007,0.982313749003839,7,98.2313749003839
0.007001,0.982311124501163,7.001,98.2311124501163
0.007002,0.982308504978829,7.002,98.2308504978829
0.007003,0.982305890511962,7.003,98.2305890511962
0.007004,0.98230328117548,7.004,98.230328117548
0.007005,0.9823006770441,7.005,98.23006770441
0.007006,0.982298078192332,7.006,98.2298078192332
0.007007,0.982295484694481,7.007,98.2295484694481
0.007008,0.982292896624641,7.008,98.2292896624641
0.007009,0.982290314056692,7.009,98.2290314056692
0.00701,0.982287737064304,7.01,98.2287737064304
0.007011,0.982285165720928,7.011,98.2285165720928
0.007012,0.982282600099796,7.012,98.2282600099796
0.007013,0.982280040273921,7.013,98.2280040273921
0.007014,0.982277486316095,7.014,98.2277486316095
0.007015,0.982274938298879,7.015,98.2274938298879
0.007016,0.982272396294617,7.016,98.2272396294617
0.007017,0.982269860375414,7.017,98.2269860375414
0.007018,0.982267330613151,7.018,98.2267330613151
0.007019,0.982264807079474,7.019,98.2264807079474
0.00702,0.982262289845793,7.02,98.2262289845793
0.007021,0.982259778983281,7.021,98.2259778983281
0.007022,0.982257274562873,7.022,98.2257274562873
0.007023,0.982254776655261,7.023,98.2254776655261
0.007024,0.982252285330896,7.024,98.2252285330896
0.007025,0.982249800659982,7.025,98.2249800659982
0.007026,0.982247322712474,7.026,98.2247322712474
0.007027,0.982244851558084,7.027,98.2244851558084
0.007028,0.982242387266266,7.028,98.2242387266266
0.007029,0.982239929906223,7.029,98.2239929906223
0.00703,0.982237479546903,7.03,98.2237479546903
0.007031,0.982235036256998,7.031,98.2235036256998
0.007032,0.982232600104939,7.032,98.2232600104939
0.007033,0.982230171158897,7.033,98.2230171158897
0.007034,0.982227749486778,7.034,98.2227749486778
0.007035,0.982225335156226,7.035,98.2225335156226
0.007036,0.982222928234616,7.036,98.2222928234616
0.007037,0.982220528789054,7.037,98.2220528789054
0.007038,0.982218136886378,7.038,98.2218136886378
0.007039,0.982215752593149,7.039,98.2215752593149
0.00704,0.982213375975656,7.04,98.2213375975656
0.007041,0.982211007099912,7.041,98.2211007099912
0.007042,0.982208646031652,7.042,98.2208646031652
0.007043,0.982206292836329,7.043,98.2206292836329
0.007044,0.982203947579116,7.044,98.2203947579116
0.007045,0.9822016103249,7.045,98.22016103249
0.007046,0.982199281138287,7.046,98.2199281138287
0.007047,0.982196960083589,7.047,98.2196960083589
0.007048,0.982194647224833,7.048,98.2194647224833
0.007049,0.982192342625755,7.049,98.2192342625755
0.00705,0.982190046349797,7.05,98.2190046349797
0.007051,0.982187758460106,7.051,98.2187758460106
0.007052,0.982185479019536,7.052,98.2185479019536
0.007053,0.982183208090638,7.053,98.2183208090638
0.007054,0.982180945735666,7.054,98.2180945735666
0.007055,0.982178692016572,7.055,98.2178692016572
0.007056,0.982176446995005,7.056,98.2176446995005
0.007057,0.982174210732309,7.057,98.2174210732309
0.007058,0.98217198328952,7.058,98.217198328952
0.007059,0.982169764727367,7.059,98.2169764727367
0.00706,0.982167555106269,7.06,98.2167555106269
0.007061,0.982165354486333,7.061,98.2165354486333
0.007062,0.982163162927351,7.062,98.2163162927351
0.007063,0.982160980488803,7.063,98.2160980488803
0.007064,0.982158807229849,7.064,98.2158807229849
0.007065,0.982156643209334,7.065,98.2156643209334
0.007066,0.982154488485779,7.066,98.2154488485779
0.007067,0.982152343117388,7.067,98.2152343117388
0.007068,0.982150207162039,7.068,98.2150207162039
0.007069,0.982148080677285,7.069,98.2148080677285
0.00707,0.982145963720354,7.07,98.2145963720354
0.007071,0.982143856348146,7.071,98.2143856348146
0.007072,0.982141758617232,7.072,98.2141758617232
0.007073,0.98213967058385,7.073,98.213967058385
0.007074,0.982137592303909,7.074,98.2137592303909
0.007075,0.982135523832978,7.075,98.2135523832978
0.007076,0.982133465226298,7.076,98.2133465226298
0.007077,0.982131416538768,7.077,98.2131416538768
0.007078,0.982129377824949,7.078,98.2129377824949
0.007079,0.982127349139065,7.079,98.2127349139065
0.00708,0.982125330534994,7.08,98.2125330534994
0.007081,0.982123322066274,7.081,98.2123322066274
0.007082,0.9821213237861,7.082,98.21213237861
0.007083,0.982119335747318,7.083,98.2119335747318
0.007084,0.982117358002427,7.084,98.2117358002427
0.007085,0.982115390603582,7.085,98.2115390603582
0.007086,0.982113433602582,7.086,98.2113433602582
0.007087,0.982111487050879,7.087,98.2111487050879
0.007088,0.982109550999569,7.088,98.2109550999569
0.007089,0.982107625499397,7.089,98.2107625499397
0.00709,0.982105710600751,7.09,98.2105710600751
0.007091,0.982103806353661,7.091,98.2103806353661
0.007092,0.982101912807803,7.092,98.2101912807803
0.007093,0.982100030012488,7.093,98.2100030012488
0.007094,0.982098158016672,7.094,98.2098158016672
0.007095,0.982096296868943,7.095,98.2096296868943
0.007096,0.982094446617534,7.096,98.2094446617534
0.007097,0.982092607310303,7.097,98.2092607310303
0.007098,0.982090778994752,7.098,98.2090778994752
0.007099,0.982088961718008,7.099,98.2088961718008
0.0071,0.982087155526836,7.1,98.2087155526836
0.007101,0.982085360467629,7.101,98.2085360467629
0.007102,0.982083576586408,7.102,98.2083576586408
0.007103,0.982081803928824,7.103,98.2081803928824
0.007104,0.982080042540156,7.104,98.2080042540156
0.007105,0.982078292465304,7.105,98.2078292465304
0.007106,0.9820765537488,7.106,98.20765537488
0.007107,0.982074826434793,7.107,98.2074826434793
0.007108,0.982073110567056,7.108,98.2073110567056
0.007109,0.982071406188986,7.109,98.2071406188986
0.00711,0.982069713343597,7.11,98.2069713343597
0.007111,0.982068032073524,7.111,98.2068032073524
0.007112,0.98206636242102,7.112,98.206636242102
0.007113,0.982064704427952,7.113,98.2064704427952
0.007114,0.982063058135807,7.114,98.2063058135807
0.007115,0.982061423585684,7.115,98.2061423585684
0.007116,0.982059800818298,7.116,98.2059800818298
0.007117,0.982058189873973,7.117,98.2058189873973
0.007118,0.982056590792648,7.118,98.2056590792648
0.007119,0.982055003613873,7.119,98.2055003613873
0.00712,0.982053428376807,7.12,98.2053428376807
0.007121,0.982051865120215,7.121,98.2051865120215
0.007122,0.982050313882475,7.122,98.2050313882475
0.007123,0.982048774701567,7.123,98.2048774701567
0.007124,0.982047247615082,7.124,98.2047247615082
0.007125,0.98204573266021,7.125,98.204573266021
0.007126,0.982044229873752,7.126,98.2044229873752
0.007127,0.982042739292106,7.127,98.2042739292106
0.007128,0.982041260951277,7.128,98.2041260951277
0.007129,0.982039794886869,7.129,98.2039794886869
0.00713,0.982038341134087,7.13,98.2038341134087
0.007131,0.982036899727737,7.131,98.2036899727737
0.007132,0.982035470702222,7.132,98.2035470702222
0.007133,0.982034054091545,7.133,98.2034054091545
0.007134,0.982032649929307,7.134,98.2032649929307
0.007135,0.982031258248702,7.135,98.2031258248702
0.007136,0.982029879082524,7.136,98.2029879082524
0.007137,0.982028512463159,7.137,98.2028512463159
0.007138,0.982027158422589,7.138,98.2027158422589
0.007139,0.982025816992391,7.139,98.2025816992391
0.00714,0.98202448820373,7.14,98.202448820373
0.007141,0.982023172087366,7.141,98.2023172087366
0.007142,0.982021868673653,7.142,98.2021868673653
0.007143,0.982020577992532,7.143,98.2020577992532
0.007144,0.982019300073534,7.144,98.2019300073534
0.007145,0.982018034945783,7.145,98.2018034945783
0.007146,0.982016782637987,7.146,98.2016782637987
0.007147,0.982015543178447,7.147,98.2015543178447
0.007148,0.982014316595047,7.148,98.2014316595047
0.007149,0.982013102915261,7.149,98.2013102915261
0.00715,0.982011902166149,7.15,98.2011902166149
0.007151,0.982010714374353,7.151,98.2010714374353
0.007152,0.982009539566108,7.152,98.2009539566108
0.007153,0.982008377767224,7.153,98.2008377767224
0.007154,0.982007229003102,7.154,98.2007229003102
0.007155,0.982006093298724,7.155,98.2006093298724
0.007156,0.982004970678657,7.156,98.2004970678657
0.007157,0.982003861167046,7.157,98.2003861167046
0.007158,0.982002764787621,7.158,98.2002764787621
0.007159,0.982001681563696,7.159,98.2001681563696
0.00716,0.982000611518161,7.16,98.2000611518161
0.007161,0.981999554673491,7.161,98.1999554673491
0.007162,0.981998511051737,7.162,98.1998511051737
0.007163,0.981997480674534,7.163,98.1997480674534
0.007164,0.981996463563094,7.164,98.1996463563094
0.007165,0.981995459738208,7.165,98.1995459738208
0.007166,0.981994469220244,7.166,98.1994469220244
0.007167,0.981993492029154,7.167,98.1993492029154
0.007168,0.981992528184461,7.168,98.1992528184461
0.007169,0.981991577705271,7.169,98.1991577705271
0.00717,0.981990640610261,7.17,98.1990640610261
0.007171,0.981989716917691,7.171,98.1989716917691
0.007172,0.981988806645395,7.172,98.1988806645395
0.007173,0.981987909810781,7.173,98.1987909810781
0.007174,0.981987026430839,7.174,98.1987026430839
0.007175,0.981986156522128,7.175,98.1986156522128
0.007176,0.981985300100786,7.176,98.1985300100786
0.007177,0.981984457182525,7.177,98.1984457182525
0.007178,0.981983627782634,7.178,98.1983627782634
0.007179,0.981982811915975,7.179,98.1982811915975
0.00718,0.981982009596984,7.18,98.1982009596984
0.007181,0.981981220839672,7.181,98.1981220839672
0.007182,0.981980445657627,7.182,98.1980445657627
0.007183,0.981979684064006,7.183,98.1979684064006
0.007184,0.981978936071543,7.184,98.1978936071543
0.007185,0.981978201692546,7.185,98.1978201692546
0.007186,0.981977480938896,7.186,98.1977480938896
0.007187,0.981976773822046,7.187,98.1976773822046
0.007188,0.981976080353026,7.188,98.1976080353026
0.007189,0.981975400542436,7.189,98.1975400542436
0.00719,0.98197473440045,7.19,98.197473440045
0.007191,0.981974081936817,7.191,98.1974081936817
0.007192,0.981973443160858,7.192,98.1973443160858
0.007193,0.981972818081465,7.193,98.1972818081465
0.007194,0.98197220670711,7.194,98.197220670711
0.007195,0.98197160904583,7.195,98.197160904583
0.007196,0.98197102510524,7.196,98.197102510524
0.007197,0.981970454892525,7.197,98.1970454892525
0.007198,0.981969898414448,7.198,98.1969898414448
0.007199,0.981969355677341,7.199,98.1969355677341
0.0072,0.981968826687111,7.2,98.1968826687111
0.007201,0.981968311449238,7.201,98.1968311449238
0.007202,0.981967809968777,7.202,98.1967809968777
0.007203,0.981967322250354,7.203,98.1967322250354
0.007204,0.981966848298171,7.204,98.1966848298171
0.007205,0.981966388116002,7.205,98.1966388116002
0.007206,0.981965941707198,7.206,98.1965941707198
0.007207,0.981965509074679,7.207,98.1965509074679
0.007208,0.981965090220946,7.208,98.1965090220946
0.007209,0.981964685148069,7.209,98.1964685148069
0.00721,0.981964293857696,7.21,98.1964293857696
0.007211,0.981963916351048,7.211,98.1963916351048
0.007212,0.981963552628921,7.212,98.1963552628921
0.007213,0.981963202691689,7.213,98.1963202691689
0.007214,0.981962866539297,7.214,98.1962866539297
0.007215,0.981962544171272,7.215,98.1962544171272
0.007216,0.981962235586712,7.216,98.1962235586712
0.007217,0.981961940784293,7.217,98.1961940784293
0.007218,0.981961659762269,7.218,98.1961659762269
0.007219,0.981961392518469,7.219,98.1961392518469
0.00722,0.981961139050302,7.22,98.1961139050302
0.007221,0.981960899354752,7.221,98.1960899354752
0.007222,0.981960673428382,7.222,98.1960673428382
0.007223,0.981960461267334,7.223,98.1960461267334
0.007224,0.981960262867328,7.224,98.1960262867328
0.007225,0.981960078223663,7.225,98.1960078223663
0.007226,0.98195990733122,7.226,98.195990733122
0.007227,0.981959750184455,7.227,98.1959750184455
0.007228,0.981959606777411,7.228,98.1959606777411
0.007229,0.981959477103706,7.229,98.1959477103706
0.00723,0.981959361156542,7.23,98.1959361156542
0.007231,0.981959258928703,7.231,98.1959258928703
0.007232,0.981959170412555,7.232,98.1959170412555
0.007233,0.981959095600045,7.233,98.1959095600045
0.007234,0.981959034482704,7.234,98.1959034482704
0.007235,0.98195898705165,7.235,98.195898705165
0.007236,0.981958953297581,7.236,98.1958953297581
0.007237,0.981958933210782,7.237,98.1958933210782
0.007238,0.981958926781121,7.238,98.1958926781121
0.007239,0.981958933998056,7.239,98.1958933998056
0.00724,0.981958954850627,7.24,98.1958954850627
0.007241,0.981958989327465,7.241,98.1958989327465
0.007242,0.981959037416787,7.242,98.1959037416787
0.007243,0.981959099106396,7.243,98.1959099106396
0.007244,0.981959174383687,7.244,98.1959174383687
0.007245,0.981959263235646,7.245,98.1959263235646
0.007246,0.981959365648844,7.246,98.1959365648844
0.007247,0.981959481609447,7.247,98.1959481609447
0.007248,0.981959611103212,7.248,98.1959611103212
0.007249,0.981959754115485,7.249,98.1959754115485
0.00725,0.98195991063121,7.25,98.195991063121
0.007251,0.981960080634922,7.251,98.1960080634922
0.007252,0.981960264110749,7.252,98.1960264110749
0.007253,0.981960461042416,7.253,98.1960461042416
0.007254,0.981960671413243,7.254,98.1960671413243
0.007255,0.981960895206148,7.255,98.1960895206148
0.007256,0.981961132403645,7.256,98.1961132403645
0.007257,0.981961382987846,7.257,98.1961382987846
0.007258,0.981961646940463,7.258,98.1961646940463
0.007259,0.981961924242806,7.259,98.1961924242806
0.00726,0.981962214875789,7.26,98.1962214875789
0.007261,0.981962518819923,7.261,98.1962518819923
0.007262,0.981962836055324,7.262,98.1962836055324
0.007263,0.981963166561711,7.263,98.1963166561711
0.007264,0.981963510318406,7.264,98.1963510318406
0.007265,0.981963867304337,7.265,98.1963867304337
0.007266,0.981964237498035,7.266,98.1964237498035
0.007267,0.981964620877641,7.267,98.1964620877641
0.007268,0.981965017420902,7.268,98.1965017420902
0.007269,0.981965427105174,7.269,98.1965427105174
0.00727,0.981965849907421,7.27,98.1965849907421
0.007271,0.98196628580422,7.271,98.196628580422
0.007272,0.981966734771755,7.272,98.1966734771755
0.007273,0.981967196785827,7.273,98.1967196785827
0.007274,0.981967671821848,7.274,98.1967671821848
0.007275,0.981968159854843,7.275,98.1968159854843
0.007276,0.981968660859454,7.276,98.1968660859454
0.007277,0.98196917480994,7.277,98.196917480994
0.007278,0.981969701680175,7.278,98.1969701680175
0.007279,0.981970241443652,7.279,98.1970241443652
0.00728,0.981970794073485,7.28,98.1970794073485
0.007281,0.981971359542405,7.281,98.1971359542405
0.007282,0.98197193782277,7.282,98.197193782277
0.007283,0.981972528886555,7.283,98.1972528886555
0.007284,0.98197313270536,7.284,98.197313270536
0.007285,0.981973749250412,7.285,98.1973749250412
0.007286,0.981974378492563,7.286,98.1974378492563
0.007287,0.981975020402291,7.287,98.1975020402291
0.007288,0.981975674949701,7.288,98.1975674949701
0.007289,0.98197634210453,7.289,98.197634210453
0.00729,0.981977021836147,7.29,98.1977021836147
0.007291,0.981977714113546,7.291,98.1977714113546
0.007292,0.981978418905358,7.292,98.1978418905358
0.007293,0.98197913617985,7.293,98.197913617985
0.007294,0.98197986590492,7.294,98.197986590492
0.007295,0.981980608048104,7.295,98.1980608048104
0.007296,0.981981362576577,7.296,98.1981362576577
0.007297,0.981982129457151,7.297,98.1982129457151
0.007298,0.981982908656279,7.298,98.1982908656279
0.007299,0.981983700140054,7.299,98.1983700140054
0.0073,0.981984503874214,7.3,98.1984503874214
0.007301,0.981985319824137,7.301,98.1985319824137
0.007302,0.981986147954851,7.302,98.1986147954851
0.007303,0.981986988231026,7.303,98.1986988231026
0.007304,0.981987840616983,7.304,98.1987840616983
0.007305,0.98198870507669,7.305,98.198870507669
0.007306,0.981989581573765,7.306,98.1989581573765
0.007307,0.98199047007148,7.307,98.199047007148
0.007308,0.981991370532758,7.308,98.1991370532758
0.007309,0.981992282920179,7.309,98.1992282920179
0.00731,0.981993207195973,7.31,98.1993207195973
0.007311,0.981994143322035,7.311,98.1994143322035
0.007312,0.981995091259911,7.312,98.1995091259911
0.007313,0.981996050970812,7.313,98.1996050970812
0.007314,0.981997022415609,7.314,98.1997022415609
0.007315,0.981998005554834,7.315,98.1998005554834
0.007316,0.981999000348685,7.316,98.1999000348685
0.007317,0.982000006757024,7.317,98.2000006757024
0.007318,0.982001024739381,7.318,98.2001024739381
0.007319,0.982002054254955,7.319,98.2002054254955
0.00732,0.982003095262614,7.32,98.2003095262614
0.007321,0.982004147720899,7.321,98.2004147720899
0.007322,0.982005211588019,7.322,98.2005211588019
0.007323,0.982006286821862,7.323,98.2006286821862
0.007324,0.982007373379991,7.324,98.2007373379991
0.007325,0.982008471219645,7.325,98.2008471219645
0.007326,0.982009580297743,7.326,98.2009580297743
0.007327,0.982010700570883,7.327,98.2010700570883
0.007328,0.982011831995347,7.328,98.2011831995347
0.007329,0.982012974527097,7.329,98.2012974527097
0.00733,0.982014128121784,7.33,98.2014128121784
0.007331,0.982015292734743,7.331,98.2015292734743
0.007332,0.982016468320997,7.332,98.2016468320997
0.007333,0.98201765483526,7.333,98.201765483526
0.007334,0.982018852231936,7.334,98.2018852231936
0.007335,0.982020060465123,7.335,98.2020060465123
0.007336,0.982021279488611,7.336,98.2021279488611
0.007337,0.982022509255888,7.337,98.2022509255888
0.007338,0.982023749720141,7.338,98.2023749720141
0.007339,0.982025000834253,7.339,98.2025000834253
0.00734,0.98202626255081,7.34,98.202626255081
0.007341,0.9820275348221,7.341,98.20275348221
0.007342,0.982028817600115,7.342,98.2028817600115
0.007343,0.982030110836554,7.343,98.2030110836554
0.007344,0.98203141448282,7.344,98.203141448282
0.007345,0.98203272849003,7.345,98.203272849003
0.007346,0.982034052809009,7.346,98.2034052809009
0.007347,0.982035387390294,7.347,98.2035387390294
0.007348,0.982036732184139,7.348,98.2036732184139
0.007349,0.98203808714051,7.349,98.203808714051
0.00735,0.982039452209096,7.35,98.2039452209096
0.007351,0.982040827339299,7.351,98.2040827339299
0.007352,0.982042212480248,7.352,98.2042212480248
0.007353,0.98204360758079,7.353,98.204360758079
0.007354,0.9820450125895,7.354,98.20450125895
0.007355,0.982046427454678,7.355,98.2046427454678
0.007356,0.982047852124352,7.356,98.2047852124352
0.007357,0.98204928654628,7.357,98.204928654628
0.007358,0.982050730667952,7.358,98.2050730667952
0.007359,0.982052184436591,7.359,98.2052184436591
0.00736,0.982053647799154,7.36,98.2053647799154
0.007361,0.982055120702339,7.361,98.2055120702339
0.007362,0.982056603092577,7.362,98.2056603092577
0.007363,0.982058094916044,7.363,98.2058094916044
0.007364,0.982059596118657,7.364,98.2059596118657
0.007365,0.982061106646077,7.365,98.2061106646077
0.007366,0.982062626443712,7.366,98.2062626443712
0.007367,0.982064155456715,7.367,98.2064155456715
0.007368,0.982065693629992,7.368,98.2065693629992
0.007369,0.9820672409082,7.369,98.20672409082
0.00737,0.982068797235749,7.37,98.2068797235749
0.007371,0.982070362556803,7.371,98.2070362556803
0.007372,0.982071936815284,7.372,98.2071936815284
0.007373,0.982073519954875,7.373,98.2073519954875
0.007374,0.982075111919016,7.374,98.2075111919016
0.007375,0.982076712650914,7.375,98.2076712650914
0.007376,0.982078322093537,7.376,98.2078322093537
0.007377,0.982079940189623,7.377,98.2079940189623
0.007378,0.982081566881675,7.378,98.2081566881675
0.007379,0.982083202111969,7.379,98.2083202111969
0.00738,0.982084845822551,7.38,98.2084845822551
0.007381,0.982086497955244,7.381,98.2086497955244
0.007382,0.982088158451645,7.382,98.2088158451645
0.007383,0.982089827253131,7.383,98.2089827253131
0.007384,0.982091504300857,7.384,98.2091504300857
0.007385,0.982093189535762,7.385,98.2093189535762
0.007386,0.982094882898565,7.386,98.2094882898565
0.007387,0.982096584329775,7.387,98.2096584329775
0.007388,0.98209829376969,7.388,98.209829376969
0.007389,0.982100011158391,7.389,98.2100011158391
0.00739,0.982101736435757,7.39,98.2101736435757
0.007391,0.982103469541459,7.391,98.2103469541459
0.007392,0.982105210414964,7.392,98.2105210414964
0.007393,0.982106958995535,7.393,98.2106958995535
0.007394,0.982108715222237,7.394,98.2108715222237
0.007395,0.982110479033935,7.395,98.2110479033935
0.007396,0.982112250369298,7.396,98.2112250369298
0.007397,0.982114029166802,7.397,98.2114029166802
0.007398,0.982115815364729,7.398,98.2115815364729
0.007399,0.982117608901172,7.399,98.2117608901172
0.0074,0.982119409714034,7.4,98.2119409714034
0.007401,0.982121217741036,7.401,98.2121217741036
0.007402,0.982123032919709,7.402,98.2123032919709
0.007403,0.982124855187405,7.403,98.2124855187405
0.007404,0.982126684481298,7.404,98.2126684481298
0.007405,0.982128520738379,7.405,98.2128520738379
0.007406,0.982130363895467,7.406,98.2130363895467
0.007407,0.982132213889204,7.407,98.2132213889204
0.007408,0.982134070656063,7.408,98.2134070656063
0.007409,0.982135934132346,7.409,98.2135934132346
0.00741,0.982137804254185,7.41,98.2137804254185
0.007411,0.982139680957551,7.411,98.2139680957551
0.007412,0.982141564178247,7.412,98.2141564178247
0.007413,0.982143453851916,7.413,98.2143453851916
0.007414,0.982145349914042,7.414,98.2145349914042
0.007415,0.98214725229995,7.415,98.214725229995
0.007416,0.982149160944813,7.416,98.2149160944813
0.007417,0.982151075783647,7.417,98.2151075783647
0.007418,0.982152996751318,7.418,98.2152996751318
0.007419,0.982154923782544,7.419,98.2154923782544
0.00742,0.982156856811895,7.42,98.2156856811895
0.007421,0.982158795773797,7.421,98.2158795773797
0.007422,0.982160740602532,7.422,98.2160740602532
0.007423,0.982162691232243,7.423,98.2162691232243
0.007424,0.982164647596934,7.424,98.2164647596934
0.007425,0.982166609630469,7.425,98.2166609630469
0.007426,0.982168577266585,7.426,98.2168577266585
0.007427,0.982170550438881,7.427,98.2170550438881
0.007428,0.982172529080826,7.428,98.2172529080826
0.007429,0.982174513125765,7.429,98.2174513125765
0.00743,0.982176502506915,7.43,98.2176502506915
0.007431,0.982178497157368,7.431,98.2178497157368
0.007432,0.982180497010095,7.432,98.2180497010095
0.007433,0.98218250199795,7.433,98.218250199795
0.007434,0.982184512053668,7.434,98.2184512053668
0.007435,0.982186527109869,7.435,98.2186527109869
0.007436,0.982188547099059,7.436,98.2188547099059
0.007437,0.982190571953635,7.437,98.2190571953635
0.007438,0.982192601605884,7.438,98.2192601605884
0.007439,0.982194635987987,7.439,98.2194635987987
0.00744,0.98219667503202,7.44,98.219667503202
0.007441,0.98219871866996,7.441,98.219871866996
0.007442,0.982200766833678,7.442,98.2200766833678
0.007443,0.982202819454953,7.443,98.2202819454953
0.007444,0.982204876465463,7.444,98.2204876465463
0.007445,0.982206937796798,7.445,98.2206937796798
0.007446,0.982209003380452,7.446,98.2209003380452
0.007447,0.982211073147831,7.447,98.2211073147831
0.007448,0.982213147030255,7.448,98.2213147030255
0.007449,0.982215224958958,7.449,98.2215224958958
0.00745,0.982217306865092,7.45,98.2217306865092
0.007451,0.982219392679727,7.451,98.2219392679727
0.007452,0.982221482333856,7.452,98.2221482333856
0.007453,0.982223575758397,7.453,98.2223575758397
0.007454,0.98222567288419,7.454,98.222567288419
0.007455,0.982227773642005,7.455,98.2227773642005
0.007456,0.982229877962544,7.456,98.2229877962544
0.007457,0.98223198577644,7.457,98.223198577644
0.007458,0.98223409701426,7.458,98.223409701426
0.007459,0.982236211606508,7.459,98.2236211606508
0.00746,0.982238329483628,7.46,98.2238329483628
0.007461,0.982240450576004,7.461,98.2240450576004
0.007462,0.982242574813965,7.462,98.2242574813965
0.007463,0.982244702127783,7.463,98.2244702127783
0.007464,0.982246832447681,7.464,98.2246832447681
0.007465,0.982248965703826,7.465,98.2248965703826
0.007466,0.982251101826346,7.466,98.2251101826346
0.007467,0.982253240745314,7.467,98.2253240745314
0.007468,0.982255382390766,7.468,98.2255382390766
0.007469,0.982257526692692,7.469,98.2257526692692
0.00747,0.982259673581047,7.47,98.2259673581047
0.007471,0.982261822985744,7.471,98.2261822985744
0.007472,0.982263974836668,7.472,98.2263974836668
0.007473,0.982266129063664,7.473,98.2266129063664
0.007474,0.98226828559655,7.474,98.226828559655
0.007475,0.982270444365118,7.475,98.2270444365118
0.007476,0.982272605299128,7.476,98.2272605299128
0.007477,0.98227476832832,7.477,98.227476832832
0.007478,0.982276933382412,7.478,98.2276933382412
0.007479,0.982279100391101,7.479,98.2279100391101
0.00748,0.982281269284069,7.48,98.2281269284069
0.007481,0.98228343999098,7.481,98.228343999098
0.007482,0.982285612441484,7.482,98.2285612441484
0.007483,0.982287786565225,7.483,98.2287786565225
0.007484,0.982289962291832,7.484,98.2289962291832
0.007485,0.982292139550934,7.485,98.2292139550934
0.007486,0.98229431827215,7.486,98.229431827215
0.007487,0.982296498385098,7.487,98.2296498385098
0.007488,0.982298679819399,7.488,98.2298679819399
0.007489,0.982300862504672,7.489,98.2300862504672
0.00749,0.982303046370544,7.49,98.2303046370544
0.007491,0.982305231346644,7.491,98.2305231346644
0.007492,0.982307417362614,7.492,98.2307417362614
0.007493,0.982309604348104,7.493,98.2309604348104
0.007494,0.982311792232777,7.494,98.2311792232777
0.007495,0.982313980946313,7.495,98.2313980946313
0.007496,0.982316170418408,7.496,98.2316170418408
0.007497,0.982318360578775,7.497,98.2318360578775
0.007498,0.982320551357152,7.498,98.2320551357152
0.007499,0.982322742683301,7.499,98.2322742683301
0.0075,0.982324934487005,7.5,98.2324934487005
0.007501,0.98232712669808,7.501,98.232712669808
0.007502,0.98232931924637,7.502,98.232931924637
0.007503,0.982331512061751,7.503,98.2331512061751
0.007504,0.982333705074134,7.504,98.2333705074134
0.007505,0.982335898213465,7.505,98.2335898213465
0.007506,0.982338091409732,7.506,98.2338091409732
0.007507,0.982340284592961,7.507,98.2340284592961
0.007508,0.982342477693219,7.508,98.2342477693219
0.007509,0.982344670640624,7.509,98.2344670640624
0.00751,0.982346863365336,7.51,98.2346863365336
0.007511,0.982349055797566,7.511,98.2349055797566
0.007512,0.982351247867575,7.512,98.2351247867575
0.007513,0.982353439505682,7.513,98.2353439505682
0.007514,0.982355630642256,7.514,98.2355630642256
0.007515,0.982357821207726,7.515,98.2357821207726
0.007516,0.982360011132581,7.516,98.2360011132581
0.007517,0.982362200347373,7.517,98.2362200347373
0.007518,0.982364388782716,7.518,98.2364388782716
0.007519,0.982366576369292,7.519,98.2366576369292
0.00752,0.982368763037848,7.52,98.2368763037848
0.007521,0.982370948719204,7.521,98.2370948719204
0.007522,0.982373133344255,7.522,98.2373133344255
0.007523,0.982375316843963,7.523,98.2375316843963
0.007524,0.982377499149374,7.524,98.2377499149374
0.007525,0.982379680191607,7.525,98.2379680191607
0.007526,0.982381859901866,7.526,98.2381859901866
0.007527,0.982384038211436,7.527,98.2384038211436
0.007528,0.982386215051685,7.528,98.2386215051685
0.007529,0.982388390354072,7.529,98.2388390354072
0.00753,0.982390564050141,7.53,98.2390564050141
0.007531,0.982392736071529,7.531,98.2392736071529
0.007532,0.982394906349966,7.532,98.2394906349966
0.007533,0.982397074817276,7.533,98.2397074817276
0.007534,0.982399241405383,7.534,98.2399241405383
0.007535,0.982401406046305,7.535,98.2401406046305
0.007536,0.982403568672167,7.536,98.2403568672167
0.007537,0.982405729215192,7.537,98.2405729215192
0.007538,0.982407887607714,7.538,98.2407887607714
0.007539,0.982410043782168,7.539,98.2410043782168
0.00754,0.982412197671102,7.54,98.2412197671102
0.007541,0.982414349207174,7.541,98.2414349207174
0.007542,0.982416498323158,7.542,98.2416498323158
0.007543,0.982418644951941,7.543,98.2418644951941
0.007544,0.982420789026525,7.544,98.2420789026525
0.007545,0.982422930480036,7.545,98.2422930480036
0.007546,0.982425069245717,7.546,98.2425069245717
0.007547,0.982427205256939,7.547,98.2427205256939
0.007548,0.982429338447193,7.548,98.2429338447193
0.007549,0.982431468750102,7.549,98.2431468750102
0.00755,0.982433596099413,7.55,98.2433596099413
0.007551,0.98243572042901,7.551,98.243572042901
0.007552,0.982437841672905,7.552,98.2437841672905
0.007553,0.982439959765247,7.553,98.2439959765247
0.007554,0.982442074640323,7.554,98.2442074640323
0.007555,0.982444186232559,7.555,98.2444186232559
0.007556,0.982446294476519,7.556,98.2446294476519
0.007557,0.982448399306912,7.557,98.2448399306912
0.007558,0.982450500658592,7.558,98.2450500658592
0.007559,0.982452598466557,7.559,98.2452598466557
0.00756,0.982454692665958,7.56,98.2454692665958
0.007561,0.982456783192092,7.561,98.2456783192092
0.007562,0.982458869980411,7.562,98.2458869980411
0.007563,0.982460952966521,7.563,98.2460952966521
0.007564,0.982463032086183,7.564,98.2463032086183
0.007565,0.982465107275316,7.565,98.2465107275316
0.007566,0.982467178469999,7.566,98.2467178469999
0.007567,0.982469245606474,7.567,98.2469245606474
0.007568,0.982471308621146,7.568,98.2471308621146
0.007569,0.982473367450585,7.569,98.2473367450585
0.00757,0.982475422031528,7.57,98.2475422031528
0.007571,0.982477472300881,7.571,98.2477472300881
0.007572,0.982479518195724,7.572,98.2479518195724
0.007573,0.982481559653306,7.573,98.2481559653306
0.007574,0.982483596611052,7.574,98.2483596611052
0.007575,0.982485629006564,7.575,98.2485629006564
0.007576,0.982487656777622,7.576,98.2487656777622
0.007577,0.982489679862186,7.577,98.2489679862186
0.007578,0.982491698198398,7.578,98.2491698198398
0.007579,0.982493711724584,7.579,98.2493711724584
0.00758,0.982495720379254,7.58,98.2495720379254
0.007581,0.982497724101106,7.581,98.2497724101106
0.007582,0.98249972282903,7.582,98.249972282903
0.007583,0.982501716502101,7.583,98.2501716502101
0.007584,0.982503705059592,7.584,98.2503705059592
0.007585,0.982505688440966,7.585,98.2505688440966
0.007586,0.982507666585887,7.586,98.2507666585887
0.007587,0.982509639434211,7.587,98.2509639434211
0.007588,0.982511606925999,7.588,98.2511606925999
0.007589,0.982513569001508,7.589,98.2513569001508
0.00759,0.982515525601201,7.59,98.2515525601201
0.007591,0.982517476665748,7.591,98.2517476665748
0.007592,0.98251942213602,7.592,98.251942213602
0.007593,0.982521361953099,7.593,98.2521361953099
0.007594,0.982523296058278,7.594,98.2523296058278
0.007595,0.982525224393058,7.595,98.2525224393058
0.007596,0.982527146899156,7.596,98.2527146899156
0.007597,0.982529063518502,7.597,98.2529063518502
0.007598,0.982530974193244,7.598,98.2530974193244
0.007599,0.982532878865748,7.599,98.2532878865748
0.0076,0.982534777478597,7.6,98.2534777478597
0.007601,0.982536669974597,7.601,98.2536669974597
0.007602,0.98253855629678,7.602,98.253855629678
0.007603,0.982540436388399,7.603,98.2540436388399
0.007604,0.982542310192933,7.604,98.2542310192933
0.007605,0.982544177654091,7.605,98.2544177654091
0.007606,0.982546038715809,7.606,98.2546038715809
0.007607,0.982547893322256,7.607,98.2547893322256
0.007608,0.982549741417833,7.608,98.2549741417833
0.007609,0.982551582947175,7.609,98.2551582947175
0.00761,0.982553417855153,7.61,98.2553417855153
0.007611,0.982555246086874,7.611,98.2555246086874
0.007612,0.982557067587685,7.612,98.2557067587685
0.007613,0.982558882303174,7.613,98.2558882303174
0.007614,0.982560690179168,7.614,98.2560690179168
0.007615,0.982562491161741,7.615,98.2562491161741
0.007616,0.982564285197209,7.616,98.2564285197209
0.007617,0.982566072232137,7.617,98.2566072232137
0.007618,0.982567852213335,7.618,98.2567852213335
0.007619,0.982569625087865,7.619,98.2569625087865
0.00762,0.982571390803038,7.62,98.2571390803038
0.007621,0.982573149306417,7.621,98.2573149306417
0.007622,0.982574900545823,7.622,98.2574900545823
0.007623,0.982576644469326,7.623,98.2576644469326
0.007624,0.982578381025257,7.624,98.2578381025257
0.007625,0.982580110162202,7.625,98.2580110162202
0.007626,0.982581831829012,7.626,98.2581831829012
0.007627,0.982583545974792,7.627,98.2583545974792
0.007628,0.982585252548913,7.628,98.2585252548913
0.007629,0.982586951501012,7.629,98.2586951501012
0.00763,0.982588642780986,7.63,98.2588642780986
0.007631,0.982590326339002,7.631,98.2590326339002
0.007632,0.982592002125495,7.632,98.2592002125495
0.007633,0.982593670091165,7.633,98.2593670091165
0.007634,0.98259533018699,7.634,98.259533018699
0.007635,0.982596982364214,7.635,98.2596982364214
0.007636,0.982598626574356,7.636,98.2598626574356
0.007637,0.982600262769212,7.637,98.2600262769212
0.007638,0.982601890900848,7.638,98.2601890900848
0.007639,0.982603510921613,7.639,98.2603510921613
0.00764,0.982605122784133,7.64,98.2605122784133
0.007641,0.982606726441313,7.641,98.2606726441313
0.007642,0.982608321846339,7.642,98.2608321846339
0.007643,0.98260990895268,7.643,98.260990895268
0.007644,0.982611487714089,7.644,98.2611487714089
0.007645,0.982613058084604,7.645,98.2613058084604
0.007646,0.982614620018548,7.646,98.2614620018548
0.007647,0.982616173470531,7.647,98.2616173470531
0.007648,0.982617718395454,7.648,98.2617718395454
0.007649,0.982619254748505,7.649,98.2619254748505
0.00765,0.982620782485166,7.65,98.2620782485166
0.007651,0.982622301561208,7.651,98.2622301561208
0.007652,0.982623811932698,7.652,98.2623811932698
0.007653,0.982625313555998,7.653,98.2625313555998
0.007654,0.98262680638776,7.654,98.262680638776
0.007655,0.982628290384941,7.655,98.2628290384941
0.007656,0.982629765504791,7.656,98.2629765504791
0.007657,0.98263123170486,7.657,98.263123170486
0.007658,0.982632688942999,7.658,98.2632688942999
0.007659,0.98263413717736,7.659,98.263413717736
0.00766,0.982635576366397,7.66,98.2635576366397
0.007661,0.982637006468869,7.661,98.2637006468869
0.007662,0.982638427443838,7.662,98.2638427443838
0.007663,0.982639839250673,7.663,98.2639839250673
0.007664,0.982641241849049,7.664,98.2641241849049
0.007665,0.98264263519895,7.665,98.264263519895
0.007666,0.982644019260667,7.666,98.2644019260667
0.007667,0.982645393994804,7.667,98.2645393994804
0.007668,0.982646759362273,7.668,98.2646759362273
0.007669,0.982648115324298,7.669,98.2648115324298
0.00767,0.98264946184242,7.67,98.264946184242
0.007671,0.982650798878489,7.671,98.2650798878489
0.007672,0.982652126394673,7.672,98.2652126394673
0.007673,0.982653444353454,7.673,98.2653444353454
0.007674,0.982654752717633,7.674,98.2654752717633
0.007675,0.982656051450327,7.675,98.2656051450327
0.007676,0.982657340514975,7.676,98.2657340514975
0.007677,0.982658619875329,7.677,98.2658619875329
0.007678,0.982659889495471,7.678,98.2659889495471
0.007679,0.982661149339796,7.679,98.2661149339796
0.00768,0.982662399373027,7.68,98.2662399373027
0.007681,0.982663639560207,7.681,98.2663639560207
0.007682,0.982664869866706,7.682,98.2664869866706
0.007683,0.982666090258218,7.683,98.2666090258218
0.007684,0.982667300700762,7.684,98.2667300700762
0.007685,0.982668501160685,7.685,98.2668501160685
0.007686,0.98266969160466,7.686,98.266969160466
0.007687,0.982670871999691,7.687,98.2670871999691
0.007688,0.98267204231311,7.688,98.267204231311
0.007689,0.98267320251258,7.689,98.267320251258
0.00769,0.982674352566093,7.69,98.2674352566093
0.007691,0.982675492441973,7.691,98.2675492441973
0.007692,0.982676622108878,7.692,98.2676622108878
0.007693,0.982677741535799,7.693,98.2677741535799
0.007694,0.982678850692059,7.694,98.2678850692059
0.007695,0.982679949547318,7.695,98.2679949547318
0.007696,0.982681038071571,7.696,98.2681038071571
0.007697,0.982682116235148,7.697,98.2682116235148
0.007698,0.982683184008716,7.698,98.2683184008716
0.007699,0.982684241363281,7.699,98.2684241363281
0.0077,0.982685288270185,7.7,98.2685288270185
0.007701,0.982686324701113,7.701,98.2686324701113
0.007702,0.982687350628085,7.702,98.2687350628085
0.007703,0.982688366023464,7.703,98.2688366023464
0.007704,0.982689370859951,7.704,98.2689370859951
0.007705,0.982690365110594,7.705,98.2690365110594
0.007706,0.982691348748777,7.706,98.2691348748777
0.007707,0.982692321748231,7.707,98.2692321748231
0.007708,0.982693284083028,7.708,98.2693284083028
0.007709,0.982694235727585,7.709,98.2694235727585
0.00771,0.982695176656663,7.71,98.2695176656663
0.007711,0.98269610684537,7.711,98.269610684537
0.007712,0.982697026269158,7.712,98.2697026269158
0.007713,0.982697934903823,7.713,98.2697934903823
0.007714,0.982698832725513,7.714,98.2698832725513
0.007715,0.982699719710718,7.715,98.2699719710718
0.007716,0.982700595836278,7.716,98.2700595836278
0.007717,0.982701461079384,7.717,98.2701461079384
0.007718,0.982702315417571,7.718,98.2702315417571
0.007719,0.982703158828726,7.719,98.2703158828726
0.00772,0.982703991291085,7.72,98.2703991291085
0.007721,0.982704812783234,7.721,98.2704812783234
0.007722,0.982705623284111,7.722,98.2705623284111
0.007723,0.982706422773002,7.723,98.2706422773002
0.007724,0.982707211229548,7.724,98.2707211229548
0.007725,0.98270798863374,7.725,98.270798863374
0.007726,0.982708754965922,7.726,98.2708754965922
0.007727,0.982709510206789,7.727,98.2709510206789
0.007728,0.982710254337391,7.728,98.2710254337391
0.007729,0.982710987339131,7.729,98.2710987339131
0.00773,0.982711709193766,7.73,98.2711709193766
0.007731,0.982712419883406,7.731,98.2712419883406
0.007732,0.982713119390516,7.732,98.2713119390516
0.007733,0.982713807697917,7.733,98.2713807697917
0.007734,0.982714484788783,7.734,98.2714484788783
0.007735,0.982715150646645,7.735,98.2715150646645
0.007736,0.982715805255389,7.736,98.2715805255389
0.007737,0.982716448599258,7.737,98.2716448599258
0.007738,0.982717080662849,7.738,98.2717080662849
0.007739,0.982717701431118,7.739,98.2717701431118
0.00774,0.982718310889376,7.74,98.2718310889376
0.007741,0.982718909023294,7.741,98.2718909023294
0.007742,0.982719495818895,7.742,98.2719495818895
0.007743,0.982720071262562,7.743,98.2720071262562
0.007744,0.982720635341039,7.744,98.2720635341039
0.007745,0.982721188041423,7.745,98.2721188041423
0.007746,0.982721729351171,7.746,98.2721729351171
0.007747,0.982722259258098,7.747,98.2722259258098
0.007748,0.982722777750377,7.748,98.2722777750377
0.007749,0.98272328481654,7.749,98.272328481654
0.00775,0.982723780445478,7.75,98.2723780445478
0.007751,0.982724264626439,7.751,98.2724264626439
0.007752,0.982724737349032,7.752,98.2724737349032
0.007753,0.982725198603223,7.753,98.2725198603223
0.007754,0.982725648379338,7.754,98.2725648379338
0.007755,0.982726086668064,7.755,98.2726086668064
0.007756,0.982726513460441,7.756,98.2726513460441
0.007757,0.982726928747877,7.757,98.2726928747877
0.007758,0.982727332522134,7.758,98.2727332522134
0.007759,0.982727724775332,7.759,98.2727724775332
0.00776,0.982728105499953,7.76,98.2728105499953
0.007761,0.98272847468884,7.761,98.272847468884
0.007762,0.982728832335191,7.762,98.2728832335191
0.007763,0.982729178432566,7.763,98.2729178432566
0.007764,0.982729512974884,7.764,98.2729512974884
0.007765,0.982729835956424,7.765,98.2729835956424
0.007766,0.982730147371823,7.766,98.2730147371823
0.007767,0.982730447216078,7.767,98.2730447216078
0.007768,0.982730735484543,7.768,98.2730735484543
0.007769,0.982731012172934,7.769,98.2731012172934
0.00777,0.982731277277327,7.77,98.2731277277327
0.007771,0.982731530794152,7.771,98.2731530794152
0.007772,0.982731772720202,7.772,98.2731772720202
0.007773,0.982732003052627,7.773,98.2732003052627
0.007774,0.982732221788935,7.774,98.2732221788935
0.007775,0.982732428926993,7.775,98.2732428926993
0.007776,0.982732624465028,7.776,98.2732624465028
0.007777,0.982732808401623,7.777,98.2732808401623
0.007778,0.982732980735718,7.778,98.2732980735718
0.007779,0.982733141466613,7.779,98.2733141466613
0.00778,0.982733290593965,7.78,98.2733290593965
0.007781,0.982733428117788,7.781,98.2733428117788
0.007782,0.982733554038452,7.782,98.2733554038452
0.007783,0.982733668356685,7.783,98.2733668356685
0.007784,0.982733771073573,7.784,98.2733771073573
0.007785,0.982733862190555,7.785,98.2733862190555
0.007786,0.982733941709429,7.786,98.2733941709429
0.007787,0.982734009632348,7.787,98.2734009632348
0.007788,0.98273406596182,7.788,98.273406596182
0.007789,0.98273411070071,7.789,98.273411070071
0.00779,0.982734143852234,7.79,98.2734143852234
0.007791,0.982734165419968,7.791,98.2734165419968
0.007792,0.982734175407838,7.792,98.2734175407838
0.007793,0.982734173820126,7.793,98.2734173820126
0.007794,0.982734160661468,7.794,98.2734160661468
0.007795,0.982734135936852,7.795,98.2734135936852
0.007796,0.982734099651619,7.796,98.2734099651619
0.007797,0.982734051811464,7.797,98.2734051811464
0.007798,0.982733992422432,7.798,98.2733992422432
0.007799,0.982733921490924,7.799,98.2733921490924
0.0078,0.982733839023685,7.8,98.2733839023685
0.007801,0.982733745027817,7.801,98.2733745027817
0.007802,0.982733639510772,7.802,98.2733639510772
0.007803,0.98273352248035,7.803,98.273352248035
0.007804,0.982733393944699,7.804,98.2733393944699
0.007805,0.982733253912323,7.805,98.2733253912323
0.007806,0.982733102392066,7.806,98.2733102392066
0.007807,0.982732939393127,7.807,98.2732939393127
0.007808,0.982732764925049,7.808,98.2732764925049
0.007809,0.982732578997722,7.809,98.2732578997722
0.00781,0.982732381621385,7.81,98.2732381621385
0.007811,0.982732172806623,7.811,98.2732172806623
0.007812,0.982731952564363,7.812,98.2731952564363
0.007813,0.982731720905882,7.813,98.2731720905882
0.007814,0.982731477842798,7.814,98.2731477842798
0.007815,0.982731223387074,7.815,98.2731223387074
0.007816,0.982730957551016,7.816,98.2730957551016
0.007817,0.982730680347274,7.817,98.2730680347274
0.007818,0.982730391788838,7.818,98.2730391788838
0.007819,0.982730091889042,7.819,98.2730091889042
0.00782,0.982729780661561,7.82,98.2729780661561
0.007821,0.982729458120406,7.821,98.2729458120406
0.007822,0.982729124279933,7.822,98.2729124279933
0.007823,0.982728779154834,7.823,98.2728779154834
0.007824,0.982728422760141,7.824,98.2728422760141
0.007825,0.982728055111223,7.825,98.2728055111223
0.007826,0.982727676223784,7.826,98.2727676223784
0.007827,0.982727286113867,7.827,98.2727286113867
0.007828,0.982726884797851,7.828,98.2726884797851
0.007829,0.982726472292448,7.829,98.2726472292448
0.00783,0.982726048614705,7.83,98.2726048614705
0.007831,0.982725613782002,7.831,98.2725613782002
0.007832,0.982725167812054,7.832,98.2725167812054
0.007833,0.982724710722905,7.833,98.2724710722905
0.007834,0.982724242532931,7.834,98.2724242532931
0.007835,0.982723763260839,7.835,98.2723763260839
0.007836,0.982723272925667,7.836,98.2723272925667
0.007837,0.98272277154678,7.837,98.272277154678
0.007838,0.982722259143871,7.838,98.2722259143871
0.007839,0.982721735736961,7.839,98.2721735736961
0.00784,0.982721201346398,7.84,98.2721201346398
0.007841,0.982720655992855,7.841,98.2720655992855
0.007842,0.98272009969733,7.842,98.272009969733
0.007843,0.982719532481145,7.843,98.2719532481145
0.007844,0.982718954365945,7.844,98.2718954365945
0.007845,0.982718365373698,7.845,98.2718365373698
0.007846,0.982717765526691,7.846,98.2717765526691
0.007847,0.982717154847537,7.847,98.2717154847537
0.007848,0.982716533359161,7.848,98.2716533359161
0.007849,0.982715901084812,7.849,98.2715901084812
0.00785,0.982715258048056,7.85,98.2715258048056
0.007851,0.982714604272776,7.851,98.2714604272776
0.007852,0.982713939783169,7.852,98.2713939783169
0.007853,0.982713264603749,7.853,98.2713264603749
0.007854,0.982712578759345,7.854,98.2712578759345
0.007855,0.982711882275095,7.855,98.2711882275095
0.007856,0.982711175176454,7.856,98.2711175176454
0.007857,0.982710457489185,7.857,98.2710457489185
0.007858,0.982709729239363,7.858,98.2709729239363
0.007859,0.982708990453371,7.859,98.2708990453371
0.00786,0.982708241157901,7.86,98.2708241157901
0.007861,0.982707481379952,7.861,98.2707481379952
0.007862,0.98270671114683,7.862,98.270671114683
0.007863,0.982705930486144,7.863,98.2705930486144
0.007864,0.982705139425809,7.864,98.2705139425809
0.007865,0.982704337994042,7.865,98.2704337994042
0.007866,0.982703526219365,7.866,98.2703526219365
0.007867,0.982702704130595,7.867,98.2702704130595
0.007868,0.982701871756857,7.868,98.2701871756857
0.007869,0.982701029127567,7.869,98.2701029127567
0.00787,0.982700176272442,7.87,98.2700176272442
0.007871,0.982699313221499,7.871,98.2699313221499
0.007872,0.982698440005045,7.872,98.2698440005045
0.007873,0.982697556653684,7.873,98.2697556653684
0.007874,0.982696663198314,7.874,98.2696663198314
0.007875,0.982695759670122,7.875,98.2695759670122
0.007876,0.982694846100592,7.876,98.2694846100592
0.007877,0.982693922521492,7.877,98.2693922521492
0.007878,0.982692988964881,7.878,98.2692988964881
0.007879,0.982692045463107,7.879,98.2692045463107
0.00788,0.982691092048802,7.88,98.2691092048802
0.007881,0.982690128754884,7.881,98.2690128754884
0.007882,0.982689155614557,7.882,98.2689155614557
0.007883,0.982688172661304,7.883,98.2688172661304
0.007884,0.982687179928893,7.884,98.2687179928893
0.007885,0.982686177451372,7.885,98.2686177451372
0.007886,0.982685165263067,7.886,98.2685165263067
0.007887,0.982684143398582,7.887,98.2684143398582
0.007888,0.982683111892799,7.888,98.2683111892799
0.007889,0.982682070780875,7.889,98.2682070780875
0.00789,0.98268102009824,7.89,98.268102009824
0.007891,0.9826799598806,7.891,98.26799598806
0.007892,0.982678890163929,7.892,98.2678890163929
0.007893,0.982677810984476,7.893,98.2677810984476
0.007894,0.982676722378754,7.894,98.2676722378754
0.007895,0.982675624383547,7.895,98.2675624383547
0.007896,0.982674517035907,7.896,98.2674517035907
0.007897,0.982673400373148,7.897,98.2673400373148
0.007898,0.982672274432849,7.898,98.2672274432849
0.007899,0.982671139252853,7.899,98.2671139252853
0.0079,0.982669994871264,7.9,98.2669994871264
0.007901,0.982668841326445,7.901,98.2668841326445
0.007902,0.982667678657018,7.902,98.2667678657018
0.007903,0.982666506901864,7.903,98.2666506901864
0.007904,0.982665326100118,7.904,98.2665326100118
0.007905,0.98266413629117,7.905,98.266413629117
0.007906,0.982662937514663,7.906,98.2662937514663
0.007907,0.982661729810493,7.907,98.2661729810493
0.007908,0.982660513218807,7.908,98.2660513218807
0.007909,0.98265928778,7.909,98.265928778
0.00791,0.982658053534712,7.91,98.2658053534712
0.007911,0.982656810523836,7.911,98.2656810523836
0.007912,0.982655558788505,7.912,98.2655558788505
0.007913,0.982654298370096,7.913,98.2654298370096
0.007914,0.982653029310228,7.914,98.2653029310228
0.007915,0.982651751650764,7.915,98.2651751650764
0.007916,0.982650465433801,7.916,98.2650465433801
0.007917,0.982649170701678,7.917,98.2649170701678
0.007918,0.982647867496968,7.918,98.2647867496968
0.007919,0.98264655586248,7.919,98.264655586248
0.00792,0.982645235841256,7.92,98.2645235841256
0.007921,0.98264390747657,7.921,98.264390747657
0.007922,0.982642570811927,7.922,98.2642570811927
0.007923,0.982641225891061,7.923,98.2641225891061
0.007924,0.982639872757931,7.924,98.2639872757931
0.007925,0.982638511456726,7.925,98.2638511456726
0.007926,0.982637142031857,7.926,98.2637142031857
0.007927,0.982635764527959,7.927,98.2635764527959
0.007928,0.982634378989887,7.928,98.2634378989887
0.007929,0.982632985462719,7.929,98.2632985462719
0.00793,0.982631583991748,7.93,98.2631583991748
0.007931,0.982630174622487,7.931,98.2630174622487
0.007932,0.982628757400662,7.932,98.2628757400662
0.007933,0.982627332372215,7.933,98.2627332372215
0.007934,0.982625899583299,7.934,98.2625899583299
0.007935,0.982624459080278,7.935,98.2624459080278
0.007936,0.982623010909725,7.936,98.2623010909725
0.007937,0.982621555118421,7.937,98.2621555118421
0.007938,0.982620091753354,7.938,98.2620091753354
0.007939,0.982618620861715,7.939,98.2618620861715
0.00794,0.982617142490898,7.94,98.2617142490898
0.007941,0.982615656688501,7.941,98.2615656688501
0.007942,0.982614163502318,7.942,98.2614163502318
0.007943,0.982612662980344,7.943,98.2612662980344
0.007944,0.98261115517077,7.944,98.261115517077
0.007945,0.98260964012198,7.945,98.260964012198
0.007946,0.982608117882554,7.946,98.2608117882554
0.007947,0.982606588501263,7.947,98.2606588501263
0.007948,0.982605052027069,7.948,98.2605052027069
0.007949,0.98260350850912,7.949,98.260350850912
0.00795,0.982601957996752,7.95,98.2601957996752
0.007951,0.982600400539489,7.951,98.2600400539489
0.007952,0.982598836187034,7.952,98.2598836187034
0.007953,0.982597264989275,7.953,98.2597264989275
0.007954,0.982595686996282,7.954,98.2595686996282
0.007955,0.982594102258298,7.955,98.2594102258298
0.007956,0.982592510825749,7.956,98.2592510825749
0.007957,0.982590912749233,7.957,98.2590912749233
0.007958,0.982589308079523,7.958,98.2589308079523
0.007959,0.982587696867563,7.959,98.2587696867563
0.00796,0.982586079164469,7.96,98.2586079164469
0.007961,0.982584455021525,7.961,98.2584455021525
0.007962,0.982582824490181,7.962,98.2582824490181
0.007963,0.982581187622053,7.963,98.2581187622053
0.007964,0.982579544468922,7.964,98.2579544468922
0.007965,0.982577895082729,7.965,98.2577895082729
0.007966,0.982576239515576,7.966,98.2576239515576
0.007967,0.982574577819724,7.967,98.2574577819724
0.007968,0.982572910047592,7.968,98.2572910047592
0.007969,0.982571236251751,7.969,98.2571236251751
0.00797,0.982569556484927,7.97,98.2569556484927
0.007971,0.982567870799997,7.971,98.2567870799997
0.007972,0.982566179249991,7.972,98.2566179249991
0.007973,0.982564481888085,7.973,98.2564481888085
0.007974,0.982562778767601,7.974,98.2562778767601
0.007975,0.982561069942006,7.975,98.2561069942006
0.007976,0.982559355464911,7.976,98.2559355464911
0.007977,0.982557635390068,7.977,98.2557635390068
0.007978,0.98255590977137,7.978,98.255590977137
0.007979,0.982554178662843,7.979,98.2554178662843
0.00798,0.982552442118657,7.98,98.2552442118657
0.007981,0.982550700193109,7.981,98.2550700193109
0.007982,0.982548952940633,7.982,98.2548952940633
0.007983,0.982547200415792,7.983,98.2547200415792
0.007984,0.982545442673278,7.984,98.2545442673278
0.007985,0.982543679767912,7.985,98.2543679767912
0.007986,0.982541911754639,7.986,98.2541911754639
0.007987,0.982540138688528,7.987,98.2540138688528
0.007988,0.98253836062477,7.988,98.253836062477
0.007989,0.982536577618678,7.989,98.2536577618678
0.00799,0.982534789725681,7.99,98.2534789725681
0.007991,0.982532997001327,7.991,98.2532997001327
0.007992,0.982531199501277,7.992,98.2531199501277
0.007993,0.982529397281307,7.993,98.2529397281307
0.007994,0.982527590397301,7.994,98.2527590397301
0.007995,0.982525778905256,7.995,98.2525778905256
0.007996,0.982523962861278,7.996,98.2523962861278
0.007997,0.982522142321574,7.997,98.2522142321574
0.007998,0.982520317342458,7.998,98.2520317342458
0.007999,0.982518487980347,7.999,98.2518487980347
0.008,0.982516654291757,8,98.2516654291757
0.008001,0.982514816333306,8.001,98.2514816333306
0.008002,0.982512974161705,8.002,98.2512974161705
0.008003,0.982511127833763,8.003,98.2511127833763
0.008004,0.98250927740638,8.004,98.250927740638
0.008005,0.982507422936549,8.005,98.2507422936549
0.008006,0.982505564481354,8.006,98.2505564481354
0.008007,0.982503702097964,8.007,98.2503702097964
0.008008,0.982501835843638,8.008,98.2501835843638
0.008009,0.982499965775716,8.009,98.2499965775716
0.00801,0.982498091951621,8.01,98.2498091951621
0.008011,0.982496214428859,8.011,98.2496214428859
0.008012,0.982494333265011,8.012,98.2494333265011
0.008013,0.982492448517739,8.013,98.2492448517739
0.008014,0.982490560244779,8.014,98.2490560244779
0.008015,0.982488668503938,8.015,98.2488668503938
0.008016,0.9824867733531,8.016,98.24867733531
0.008017,0.982484874850212,8.017,98.2484874850212
0.008018,0.982482973053294,8.018,98.2482973053294
0.008019,0.98248106802043,8.019,98.248106802043
0.00802,0.982479159809769,8.02,98.2479159809769
0.008021,0.982477248479523,8.021,98.2477248479523
0.008022,0.982475334087963,8.022,98.2475334087963
0.008023,0.982473416693419,8.023,98.2473416693419
0.008024,0.982471496354279,8.024,98.2471496354279
0.008025,0.982469573128986,8.025,98.2469573128986
0.008026,0.982467647076037,8.026,98.2467647076037
0.008027,0.982465718253978,8.027,98.2465718253978
0.008028,0.982463786721408,8.028,98.2463786721408
0.008029,0.98246185253697,8.029,98.246185253697
0.00803,0.982459915759357,8.03,98.2459915759357
0.008031,0.982457976447303,8.031,98.2457976447303
0.008032,0.982456034659585,8.032,98.2456034659585
0.008033,0.982454090455021,8.033,98.2454090455021
0.008034,0.982452143892469,8.034,98.2452143892469
0.008035,0.982450195030822,8.035,98.2450195030822
0.008036,0.982448243929006,8.036,98.2448243929006
0.008037,0.982446290645986,8.037,98.2446290645986
0.008038,0.982444335240752,8.038,98.2444335240752
0.008039,0.982442377772327,8.039,98.2442377772327
0.00804,0.982440418299762,8.04,98.2440418299762
0.008041,0.982438456882131,8.041,98.2438456882131
0.008042,0.982436493578535,8.042,98.2436493578535
0.008043,0.982434528448094,8.043,98.2434528448094
0.008044,0.982432561549951,8.044,98.2432561549951
0.008045,0.982430592943267,8.045,98.2430592943267
0.008046,0.982428622687219,8.046,98.2428622687219
0.008047,0.982426650840999,8.047,98.2426650840999
0.008048,0.982424677463811,8.048,98.2424677463811
0.008049,0.982422702614871,8.049,98.2422702614871
0.00805,0.982420726353405,8.05,98.2420726353405
0.008051,0.982418748738645,8.051,98.2418748738645
0.008052,0.982416769829831,8.052,98.2416769829831
0.008053,0.982414789686204,8.053,98.2414789686204
0.008054,0.982412808367008,8.054,98.2412808367008
0.008055,0.982410825931489,8.055,98.2410825931489
0.008056,0.982408842438889,8.056,98.2408842438889
0.008057,0.982406857948447,8.057,98.2406857948447
0.008058,0.982404872519396,8.058,98.2404872519396
0.008059,0.982402886210966,8.059,98.2402886210966
0.00806,0.982400899082372,8.06,98.2400899082372
0.008061,0.982398911192823,8.061,98.2398911192823
0.008062,0.982396922601513,8.062,98.2396922601513
0.008063,0.982394933367622,8.063,98.2394933367622
0.008064,0.982392943550315,8.064,98.2392943550315
0.008065,0.982390953208738,8.065,98.2390953208738
0.008066,0.982388962402016,8.066,98.2388962402016
0.008067,0.982386971189255,8.067,98.2386971189255
0.008068,0.982384979629536,8.068,98.2384979629536
0.008069,0.982382987781916,8.069,98.2382987781916
0.00807,0.982380995705422,8.07,98.2380995705422
0.008071,0.982379003459055,8.071,98.2379003459055
0.008072,0.982377011101784,8.072,98.2377011101784
0.008073,0.982375018692547,8.073,98.2375018692547
0.008074,0.982373026290248,8.074,98.2373026290248
0.008075,0.982371033953751,8.075,98.2371033953751
0.008076,0.982369041741887,8.076,98.2369041741887
0.008077,0.982367049713446,8.077,98.2367049713446
0.008078,0.982365057927174,8.078,98.2365057927174
0.008079,0.982363066441777,8.079,98.2363066441777
0.00808,0.982361075315916,8.08,98.2361075315916
0.008081,0.982359084608203,8.081,98.2359084608203
0.008082,0.982357094377203,8.082,98.2357094377203
0.008083,0.982355104681431,8.083,98.2355104681431
0.008084,0.982353115579349,8.084,98.2353115579349
0.008085,0.982351127129366,8.085,98.2351127129366
0.008086,0.982349139389835,8.086,98.2349139389835
0.008087,0.982347152419052,8.087,98.2347152419052
0.008088,0.982345166275253,8.088,98.2345166275253
0.008089,0.982343181016615,8.089,98.2343181016615
0.00809,0.98234119670125,8.09,98.234119670125
0.008091,0.982339213387208,8.091,98.2339213387208
0.008092,0.98233723113247,8.092,98.233723113247
0.008093,0.982335249994953,8.093,98.2335249994953
0.008094,0.982333270032503,8.094,98.2333270032503
0.008095,0.982331291302891,8.095,98.2331291302891
0.008096,0.98232931386382,8.096,98.232931386382
0.008097,0.982327337772916,8.097,98.2327337772916
0.008098,0.982325363087727,8.098,98.2325363087727
0.008099,0.982323389865727,8.099,98.2323389865727
0.0081,0.982321418164306,8.1,98.2321418164306
0.008101,0.982319448040775,8.101,98.2319448040775
0.008102,0.982317479552359,8.102,98.2317479552359
0.008103,0.982315512756199,8.103,98.2315512756199
0.008104,0.982313547709352,8.104,98.2313547709352
0.008105,0.982311584468781,8.105,98.2311584468781
0.008106,0.982309623091363,8.106,98.2309623091363
0.008107,0.982307663633882,8.107,98.2307663633882
0.008108,0.982305706153027,8.108,98.2305706153027
0.008109,0.982303750705395,8.109,98.2303750705395
0.00811,0.982301797347483,8.11,98.2301797347483
0.008111,0.98229984613569,8.111,98.229984613569
0.008112,0.982297897126314,8.112,98.2297897126314
0.008113,0.982295950375554,8.113,98.2295950375554
0.008114,0.982294005939503,8.114,98.2294005939503
0.008115,0.982292063874147,8.115,98.2292063874147
0.008116,0.982290124235369,8.116,98.2290124235369
0.008117,0.98228818707894,8.117,98.228818707894
0.008118,0.982286252460523,8.118,98.2286252460523
0.008119,0.982284320435668,8.119,98.2284320435668
0.00812,0.98228239105981,8.12,98.228239105981
0.008121,0.982280464388272,8.121,98.2280464388272
0.008122,0.982278540476257,8.122,98.2278540476257
0.008123,0.982276619378853,8.123,98.2276619378853
0.008124,0.982274701151024,8.124,98.2274701151024
0.008125,0.982272785847614,8.125,98.2272785847614
0.008126,0.982270873523345,8.126,98.2270873523345
0.008127,0.982268964232811,8.127,98.2268964232811
0.008128,0.982267058030484,8.128,98.2267058030484
0.008129,0.982265154970701,8.129,98.2265154970701
0.00813,0.982263255107678,8.13,98.2263255107678
0.008131,0.982261358495491,8.131,98.2261358495491
0.008132,0.982259465188089,8.132,98.2259465188089
0.008133,0.982257575239284,8.133,98.2257575239284
0.008134,0.982255688702753,8.134,98.2255688702753
0.008135,0.982253805632036,8.135,98.2253805632036
0.008136,0.982251926080529,8.136,98.2251926080529
0.008137,0.982250050101494,8.137,98.2250050101494
0.008138,0.982248177748047,8.138,98.2248177748047
0.008139,0.982246309073158,8.139,98.2246309073158
0.00814,0.982244444129658,8.14,98.2244444129658
0.008141,0.982242582970226,8.141,98.2242582970226
0.008142,0.982240725647393,8.142,98.2240725647393
0.008143,0.982238872213541,8.143,98.2238872213541
0.008144,0.982237022720901,8.144,98.2237022720901
0.008145,0.982235177221549,8.145,98.2235177221549
0.008146,0.982233335767409,8.146,98.2233335767409
0.008147,0.982231498410248,8.147,98.2231498410248
0.008148,0.982229665201672,8.148,98.2229665201672
0.008149,0.982227836193134,8.149,98.2227836193134
0.00815,0.982226011435922,8.15,98.2226011435922
0.008151,0.982224190981163,8.151,98.2224190981163
0.008152,0.982222374879823,8.152,98.2222374879823
0.008153,0.982220563182699,8.153,98.2220563182699
0.008154,0.982218755940424,8.154,98.2218755940424
0.008155,0.982216953203463,8.155,98.2216953203463
0.008156,0.982215155022111,8.156,98.2215155022111
0.008157,0.982213361446492,8.157,98.2213361446492
0.008158,0.982211572526559,8.158,98.2211572526559
0.008159,0.982209788312092,8.159,98.2209788312092
0.00816,0.982208008852691,8.16,98.2208008852691
0.008161,0.982206234197786,8.161,98.2206234197786
0.008162,0.982204464396626,8.162,98.2204464396626
0.008163,0.982202699498278,8.163,98.2202699498278
0.008164,0.982200939551635,8.164,98.2200939551635
0.008165,0.982199184605401,8.165,98.2199184605401
0.008166,0.982197434708101,8.166,98.2197434708101
0.008167,0.982195689908073,8.167,98.2195689908073
0.008168,0.982193950253469,8.168,98.2193950253469
0.008169,0.982192215792255,8.169,98.2192215792255
0.00817,0.982190486572205,8.17,98.2190486572205
0.008171,0.982188762640906,8.171,98.2188762640906
0.008172,0.98218704404575,8.172,98.218704404575
0.008173,0.982185330833939,8.173,98.2185330833939
0.008174,0.982183623052477,8.174,98.2183623052477
0.008175,0.982181920748177,8.175,98.2181920748177
0.008176,0.982180223967652,8.176,98.2180223967652
0.008177,0.982178532757316,8.177,98.2178532757316
0.008178,0.982176847163385,8.178,98.2176847163385
0.008179,0.982175167231873,8.179,98.2175167231873
0.00818,0.982173493008595,8.18,98.2173493008595
0.008181,0.982171824539156,8.181,98.2171824539156
0.008182,0.982170161868962,8.182,98.2170161868962
0.008183,0.982168505043211,8.183,98.2168505043211
0.008184,0.982166854106892,8.184,98.2166854106892
0.008185,0.982165209104787,8.185,98.2165209104787
0.008186,0.98216357008147,8.186,98.216357008147
0.008187,0.9821619370813,8.187,98.21619370813
0.008188,0.982160310148426,8.188,98.2160310148426
0.008189,0.982158689326785,8.189,98.2158689326785
0.00819,0.982157074660093,8.19,98.2157074660093
0.008191,0.982155466191858,8.191,98.2155466191858
0.008192,0.982153863965365,8.192,98.2153863965365
0.008193,0.982152268023684,8.193,98.2152268023684
0.008194,0.982150678409662,8.194,98.2150678409662
0.008195,0.982149095165928,8.195,98.2149095165928
0.008196,0.98214751833489,8.196,98.214751833489
0.008197,0.982145947958728,8.197,98.2145947958728
0.008198,0.982144384079402,8.198,98.2144384079402
0.008199,0.982142826738646,8.199,98.2142826738646
0.0082,0.982141275977965,8.2,98.2141275977965
0.008201,0.982139731838639,8.201,98.2139731838639
0.008202,0.982138194361718,8.202,98.2138194361718
0.008203,0.982136663588021,8.203,98.2136663588021
0.008204,0.982135139558137,8.204,98.2135139558137
0.008205,0.982133622312425,8.205,98.2133622312425
0.008206,0.982132111891005,8.206,98.2132111891005
0.008207,0.982130608333768,8.207,98.2130608333768
0.008208,0.982129111680367,8.208,98.2129111680367
0.008209,0.982127621970219,8.209,98.2127621970219
0.00821,0.982126139242501,8.21,98.2126139242501
0.008211,0.982124663536155,8.211,98.2124663536155
0.008212,0.982123194889883,8.212,98.2123194889883
0.008213,0.982121733342142,8.213,98.2121733342142
0.008214,0.982120278931152,8.214,98.2120278931152
0.008215,0.982118831694887,8.215,98.2118831694887
0.008216,0.982117391671079,8.216,98.2117391671079
0.008217,0.982115958897213,8.217,98.2115958897213
0.008218,0.982114533410529,8.218,98.2114533410529
0.008219,0.982113115248023,8.219,98.2113115248023
0.00822,0.982111704446438,8.22,98.2111704446438
0.008221,0.982110301042272,8.221,98.2110301042272
0.008222,0.98210890507177,8.222,98.210890507177
0.008223,0.98210751657093,8.223,98.210751657093
0.008224,0.982106135575494,8.224,98.2106135575494
0.008225,0.982104762120956,8.225,98.2104762120956
0.008226,0.982103396242551,8.226,98.2103396242551
0.008227,0.982102037975264,8.227,98.2102037975264
0.008228,0.98210068735382,8.228,98.210068735382
0.008229,0.982099344412693,8.229,98.2099344412693
0.00823,0.982098009186097,8.23,98.2098009186097
0.008231,0.982096681707985,8.231,98.2096681707985
0.008232,0.982095362012056,8.232,98.2095362012056
0.008233,0.982094050131744,8.233,98.2094050131744
0.008234,0.982092746100226,8.234,98.2092746100226
0.008235,0.982091449950416,8.235,98.2091449950416
0.008236,0.982090161714965,8.236,98.2090161714965
0.008237,0.98208888142626,8.237,98.208888142626
0.008238,0.982087609116426,8.238,98.2087609116426
0.008239,0.982086344817321,8.239,98.2086344817321
0.00824,0.982085088560537,8.24,98.2085088560537
0.008241,0.982083840377399,8.241,98.2083840377399
0.008242,0.982082600298967,8.242,98.2082600298967
0.008243,0.98208136835603,8.243,98.208136835603
0.008244,0.98208014457911,8.244,98.208014457911
0.008245,0.982078928998456,8.245,98.2078928998456
0.008246,0.982077721644049,8.246,98.2077721644049
0.008247,0.982076522545598,8.247,98.2076522545598
0.008248,0.982075331732541,8.248,98.2075331732541
0.008249,0.98207414923404,8.249,98.207414923404
0.00825,0.982072975078985,8.25,98.2072975078985
0.008251,0.982071809295993,8.251,98.2071809295993
0.008252,0.982070651913404,8.252,98.2070651913404
0.008253,0.982069502959284,8.253,98.2069502959284
0.008254,0.98206836246142,8.254,98.206836246142
0.008255,0.982067230447324,8.255,98.2067230447324
0.008256,0.98206610694423,8.256,98.206610694423
0.008257,0.982064991979093,8.257,98.2064991979093
0.008258,0.982063885578587,8.258,98.2063885578587
0.008259,0.98206278776911,8.259,98.206278776911
0.00826,0.982061698576777,8.26,98.2061698576777
0.008261,0.982060618027422,8.261,98.2060618027422
0.008262,0.982059546146599,8.262,98.2059546146599
0.008263,0.982058482959576,8.263,98.2058482959576
0.008264,0.982057428491343,8.264,98.2057428491343
0.008265,0.982056382766602,8.265,98.2056382766602
0.008266,0.982055345809774,8.266,98.2055345809774
0.008267,0.982054317644994,8.267,98.2054317644994
0.008268,0.982053298296112,8.268,98.2053298296112
0.008269,0.98205228778669,8.269,98.205228778669
0.00827,0.982051286140008,8.27,98.2051286140008
0.008271,0.982050293379055,8.271,98.2050293379055
0.008272,0.982049309526535,8.272,98.2049309526535
0.008273,0.982048334604863,8.273,98.2048334604863
0.008274,0.982047368636167,8.274,98.2047368636167
0.008275,0.982046411642282,8.275,98.2046411642282
0.008276,0.982045463644758,8.276,98.2045463644758
0.008277,0.982044524664854,8.277,98.2044524664854
0.008278,0.982043594723536,8.278,98.2043594723536
0.008279,0.982042673841482,8.279,98.2042673841482
0.00828,0.982041762039076,8.28,98.2041762039076
0.008281,0.982040859336413,8.281,98.2040859336413
0.008282,0.982039965753294,8.282,98.2039965753294
0.008283,0.982039081309227,8.283,98.2039081309227
0.008284,0.982038206023427,8.284,98.2038206023427
0.008285,0.982037339914818,8.285,98.2037339914818
0.008286,0.982036483002025,8.286,98.2036483002025
0.008287,0.982035635303384,8.287,98.2035635303384
0.008288,0.982034796836933,8.288,98.2034796836933
0.008289,0.982033967620415,8.289,98.2033967620415
0.00829,0.982033147671279,8.29,98.2033147671279
0.008291,0.982032337006678,8.291,98.2032337006678
0.008292,0.982031535643466,8.292,98.2031535643466
0.008293,0.982030743598205,8.293,98.2030743598205
0.008294,0.982029960887156,8.294,98.2029960887156
0.008295,0.982029187526285,8.295,98.2029187526285
0.008296,0.982028423531261,8.296,98.2028423531261
0.008297,0.982027668917455,8.297,98.2027668917455
0.008298,0.982026923699937,8.298,98.2026923699937
0.008299,0.982026187893482,8.299,98.2026187893482
0.0083,0.982025461512565,8.3,98.2025461512565
0.008301,0.982024744571364,8.301,98.2024744571364
0.008302,0.982024037083754,8.302,98.2024037083754
0.008303,0.982023339063314,8.303,98.2023339063314
0.008304,0.982022650523322,8.304,98.2022650523322
0.008305,0.982021971476756,8.305,98.2021971476756
0.008306,0.982021301936295,8.306,98.2021301936295
0.008307,0.982020641914316,8.307,98.2020641914316
0.008308,0.982019991422898,8.308,98.2019991422898
0.008309,0.982019350473815,8.309,98.2019350473815
0.00831,0.982018719078545,8.31,98.2018719078545
0.008311,0.982018097248263,8.311,98.2018097248263
0.008312,0.982017484993843,8.312,98.2017484993843
0.008313,0.982016882325855,8.313,98.2016882325855
0.008314,0.982016289254573,8.314,98.2016289254573
0.008315,0.982015705789964,8.315,98.2015705789964
0.008316,0.982015131941698,8.316,98.2015131941698
0.008317,0.982014567719138,8.317,98.2014567719138
0.008318,0.982014013131349,8.318,98.2014013131349
0.008319,0.982013468187091,8.319,98.2013468187091
0.00832,0.982012932894827,8.32,98.2012932894827
0.008321,0.982012407262712,8.321,98.2012407262712
0.008322,0.982011891298602,8.322,98.2011891298602
0.008323,0.982011385010049,8.323,98.2011385010049
0.008324,0.982010888404304,8.324,98.2010888404304
0.008325,0.982010401488314,8.325,98.2010401488314
0.008326,0.982009924268725,8.326,98.2009924268725
0.008327,0.982009456751881,8.327,98.2009456751881
0.008328,0.98200899894382,8.328,98.200899894382
0.008329,0.982008550850283,8.329,98.2008550850283
0.00833,0.982008112476704,8.33,98.2008112476704
0.008331,0.982007683828216,8.331,98.2007683828216
0.008332,0.982007264909649,8.332,98.2007264909649
0.008333,0.982006855725532,8.333,98.2006855725532
0.008334,0.982006456280092,8.334,98.2006456280092
0.008335,0.98200606657725,8.335,98.200606657725
0.008336,0.98200568662063,8.336,98.200568662063
0.008337,0.982005316413548,8.337,98.2005316413548
0.008338,0.982004955959025,8.338,98.2004955959025
0.008339,0.982004605259772,8.339,98.2004605259772
0.00834,0.982004264318205,8.34,98.2004264318205
0.008341,0.982003933136434,8.341,98.2003933136434
0.008342,0.982003611716269,8.342,98.2003611716269
0.008343,0.982003300059217,8.343,98.2003300059217
0.008344,0.982002998166487,8.344,98.2002998166487
0.008345,0.982002706038983,8.345,98.2002706038983
0.008346,0.982002423677309,8.346,98.2002423677309
0.008347,0.982002151081772,8.347,98.2002151081772
0.008348,0.982001888252369,8.348,98.2001888252369
0.008349,0.982001635188805,8.349,98.2001635188805
0.00835,0.982001391890482,8.35,98.2001391890482
0.008351,0.9820011583565,8.351,98.20011583565
0.008352,0.982000934585662,8.352,98.2000934585662
0.008353,0.982000720576469,8.353,98.2000720576469
0.008354,0.982000516327124,8.354,98.2000516327124
0.008355,0.982000321835528,8.355,98.2000321835528
0.008356,0.982000137099287,8.356,98.2000137099287
0.008357,0.981999962115704,8.357,98.1999962115704
0.008358,0.981999796881787,8.358,98.1999796881787
0.008359,0.981999641394244,8.359,98.1999641394244
0.00836,0.981999495649486,8.36,98.1999495649486
0.008361,0.981999359643623,8.361,98.1999359643623
0.008362,0.981999233372474,8.362,98.1999233372474
0.008363,0.981999116831554,8.363,98.1999116831554
0.008364,0.981999010016085,8.364,98.1999010016085
0.008365,0.981998912920993,8.365,98.1998912920993
0.008366,0.981998825540906,8.366,98.1998825540906
0.008367,0.981998747870158,8.367,98.1998747870158
0.008368,0.981998679902786,8.368,98.1998679902786
0.008369,0.981998621632532,8.369,98.1998621632532
0.00837,0.981998573052846,8.37,98.1998573052846
0.008371,0.981998534156881,8.371,98.1998534156881
0.008372,0.981998504937496,8.372,98.1998504937496
0.008373,0.981998485387258,8.373,98.1998485387258
0.008374,0.981998475498441,8.374,98.1998475498441
0.008375,0.981998475263024,8.375,98.1998475263024
0.008376,0.981998484672698,8.376,98.1998484672698
0.008377,0.981998503718857,8.377,98.1998503718857
0.008378,0.981998532392608,8.378,98.1998532392608
0.008379,0.981998570684765,8.379,98.1998570684765
0.00838,0.98199861858585,8.38,98.199861858585
0.008381,0.9819986760861,8.381,98.19986760861
0.008382,0.981998743175458,8.382,98.1998743175458
0.008383,0.981998819843579,8.383,98.1998819843579
0.008384,0.981998906079829,8.384,98.1998906079829
0.008385,0.98199900187329,8.385,98.199900187329
0.008386,0.98199910721275,8.386,98.199910721275
0.008387,0.981999222086716,8.387,98.1999222086716
0.008388,0.981999346483403,8.388,98.1999346483403
0.008389,0.981999480390745,8.389,98.1999480390745
0.00839,0.981999623796388,8.39,98.1999623796388
0.008391,0.981999776687694,8.391,98.1999776687694
0.008392,0.98199993905174,8.392,98.199993905174
0.008393,0.98200011087532,8.393,98.200011087532
0.008394,0.982000292144945,8.394,98.2000292144945
0.008395,0.982000482846841,8.395,98.2000482846841
0.008396,0.982000682966958,8.396,98.2000682966958
0.008397,0.982000892490957,8.397,98.2000892490957
0.008398,0.982001111404224,8.398,98.2001111404224
0.008399,0.982001339691864,8.399,98.2001339691864
0.0084,0.982001577338699,8.4,98.2001577338699
0.008401,0.982001824329277,8.401,98.2001824329277
0.008402,0.982002080647863,8.402,98.2002080647863
0.008403,0.98200234627845,8.403,98.200234627845
0.008404,0.982002621204749,8.404,98.2002621204749
0.008405,0.982002905410198,8.405,98.2002905410198
0.008406,0.982003198877957,8.406,98.2003198877957
0.008407,0.982003501590915,8.407,98.2003501590915
0.008408,0.982003813531682,8.408,98.2003813531682
0.008409,0.982004134682598,8.409,98.2004134682598
0.00841,0.982004465025729,8.41,98.2004465025729
0.008411,0.98200480454287,8.411,98.200480454287
0.008412,0.982005153215543,8.412,98.2005153215543
0.008413,0.982005511025,8.413,98.2005511025
0.008414,0.982005877952225,8.414,98.2005877952225
0.008415,0.982006253977931,8.415,98.2006253977931
0.008416,0.982006639082562,8.416,98.2006639082562
0.008417,0.982007033246297,8.417,98.2007033246297
0.008418,0.982007436449046,8.418,98.2007436449046
0.008419,0.982007848670455,8.419,98.2007848670455
0.00842,0.982008269889902,8.42,98.2008269889902
0.008421,0.982008700086503,8.421,98.2008700086503
0.008422,0.982009139239111,8.422,98.2009139239111
0.008423,0.982009587326312,8.423,98.2009587326312
0.008424,0.982010044326436,8.424,98.2010044326436
0.008425,0.982010510217547,8.425,98.2010510217547
0.008426,0.98201098497745,8.426,98.201098497745
0.008427,0.982011468583693,8.427,98.2011468583693
0.008428,0.982011961013561,8.428,98.2011961013561
0.008429,0.982012462244085,8.429,98.2012462244085
0.00843,0.982012972252037,8.43,98.2012972252037
0.008431,0.982013491013934,8.431,98.2013491013934
0.008432,0.982014018506038,8.432,98.2014018506038
0.008433,0.982014554704356,8.433,98.2014554704356
0.008434,0.982015099584641,8.434,98.2015099584641
0.008435,0.982015653122395,8.435,98.2015653122395
0.008436,0.982016215292867,8.436,98.2016215292867
0.008437,0.982016786071058,8.437,98.2016786071058
0.008438,0.982017365431716,8.438,98.2017365431716
0.008439,0.982017953349342,8.439,98.2017953349342
0.00844,0.982018549798188,8.44,98.2018549798188
0.008441,0.982019154752261,8.441,98.2019154752261
0.008442,0.982019768185321,8.442,98.2019768185321
0.008443,0.982020390070882,8.443,98.2020390070882
0.008444,0.982021020382215,8.444,98.2021020382215
0.008445,0.982021659092348,8.445,98.2021659092348
0.008446,0.982022306174067,8.446,98.2022306174067
0.008447,0.982022961599915,8.447,98.2022961599915
0.008448,0.982023625342198,8.448,98.2023625342198
0.008449,0.98202429737298,8.449,98.202429737298
0.00845,0.98202497766409,8.45,98.202497766409
0.008451,0.982025666187116,8.451,98.2025666187116
0.008452,0.982026362913414,8.452,98.2026362913414
0.008453,0.9820270678141,8.453,98.20270678141
0.008454,0.982027780860062,8.454,98.2027780860062
0.008455,0.98202850202195,8.455,98.202850202195
0.008456,0.982029231270184,8.456,98.2029231270184
0.008457,0.982029968574954,8.457,98.2029968574954
0.008458,0.982030713906218,8.458,98.2030713906218
0.008459,0.982031467233708,8.459,98.2031467233708
0.00846,0.982032228526924,8.46,98.2032228526924
0.008461,0.982032997755146,8.461,98.2032997755146
0.008462,0.982033774887421,8.462,98.2033774887421
0.008463,0.982034559892576,8.463,98.2034559892576
0.008464,0.982035352739214,8.464,98.2035352739214
0.008465,0.982036153395716,8.465,98.2036153395716
0.008466,0.982036961830241,8.466,98.2036961830241
0.008467,0.982037778010728,8.467,98.2037778010728
0.008468,0.982038601904898,8.468,98.2038601904898
0.008469,0.982039433480252,8.469,98.2039433480252
0.00847,0.982040272704077,8.47,98.2040272704077
0.008471,0.982041119543444,8.471,98.2041119543444
0.008472,0.982041973965208,8.472,98.2041973965208
0.008473,0.982042835936013,8.473,98.2042835936013
0.008474,0.982043705422289,8.474,98.2043705422289
0.008475,0.982044582390256,8.475,98.2044582390256
0.008476,0.982045466805923,8.476,98.2045466805923
0.008477,0.982046358635092,8.477,98.2046358635092
0.008478,0.982047257843359,8.478,98.2047257843359
0.008479,0.982048164396111,8.479,98.2048164396111
0.00848,0.982049078258531,8.48,98.2049078258531
0.008481,0.982049999395597,8.481,98.2049999395597
0.008482,0.982050927772087,8.482,98.2050927772087
0.008483,0.982051863352574,8.483,98.2051863352574
0.008484,0.982052806101436,8.484,98.2052806101436
0.008485,0.982053755982848,8.485,98.2053755982848
0.008486,0.982054712960788,8.486,98.2054712960788
0.008487,0.982055676999038,8.487,98.2055676999038
0.008488,0.982056648061183,8.488,98.2056648061183
0.008489,0.982057626110618,8.489,98.2057626110618
0.00849,0.982058611110541,8.49,98.2058611110541
0.008491,0.982059603023959,8.491,98.2059603023959
0.008492,0.982060601813693,8.492,98.2060601813693
0.008493,0.982061607442369,8.493,98.2061607442369
0.008494,0.982062619872429,8.494,98.2062619872429
0.008495,0.982063639066128,8.495,98.2063639066128
0.008496,0.982064664985535,8.496,98.2064664985535
0.008497,0.982065697592534,8.497,98.2065697592534
0.008498,0.98206673684883,8.498,98.206673684883
0.008499,0.982067782715943,8.499,98.2067782715943
0.0085,0.982068835155214,8.5,98.2068835155214
0.008501,0.982069894127806,8.501,98.2069894127806
0.008502,0.982070959594704,8.502,98.2070959594704
0.008503,0.982072031516717,8.503,98.2072031516717
0.008504,0.982073109854479,8.504,98.2073109854479
0.008505,0.982074194568451,8.505,98.2074194568451
0.008506,0.982075285618919,8.506,98.2075285618919
0.008507,0.982076382966003,8.507,98.2076382966003
0.008508,0.982077486569649,8.508,98.2077486569649
0.008509,0.982078596389639,8.509,98.2078596389639
0.00851,0.982079712385584,8.51,98.2079712385584
0.008511,0.98208083451693,8.511,98.208083451693
0.008512,0.982081962742963,8.512,98.2081962742963
0.008513,0.982083097022801,8.513,98.2083097022801
0.008514,0.982084237315405,8.514,98.2084237315405
0.008515,0.982085383579571,8.515,98.2085383579571
0.008516,0.982086535773941,8.516,98.2086535773941
0.008517,0.982087693856997,8.517,98.2087693856997
0.008518,0.982088857787065,8.518,98.2088857787065
0.008519,0.982090027522317,8.519,98.2090027522317
0.00852,0.982091203020773,8.52,98.2091203020773
0.008521,0.982092384240299,8.521,98.2092384240299
0.008522,0.982093571138611,8.522,98.2093571138611
0.008523,0.982094763673276,8.523,98.2094763673276
0.008524,0.982095961801716,8.524,98.2095961801716
0.008525,0.982097165481201,8.525,98.2097165481201
0.008526,0.982098374668862,8.526,98.2098374668862
0.008527,0.982099589321683,8.527,98.2099589321683
0.008528,0.982100809396508,8.528,98.2100809396508
0.008529,0.982102034850038,8.529,98.2102034850038
0.00853,0.982103265638838,8.53,98.2103265638838
0.008531,0.98210450171933,8.531,98.210450171933
0.008532,0.982105743047807,8.532,98.2105743047807
0.008533,0.982106989580421,8.533,98.2106989580421
0.008534,0.982108241273192,8.534,98.2108241273192
0.008535,0.982109498082009,8.535,98.2109498082009
0.008536,0.982110759962631,8.536,98.2110759962631
0.008537,0.982112026870685,8.537,98.2112026870685
0.008538,0.982113298761672,8.538,98.2113298761672
0.008539,0.982114575590968,8.539,98.2114575590968
0.00854,0.982115857313821,8.54,98.2115857313821
0.008541,0.982117143885358,8.541,98.2117143885358
0.008542,0.982118435260584,8.542,98.2118435260584
0.008543,0.982119731394382,8.543,98.2119731394382
0.008544,0.982121032241517,8.544,98.2121032241517
0.008545,0.982122337756637,8.545,98.2122337756637
0.008546,0.982123647894272,8.546,98.2123647894272
0.008547,0.982124962608839,8.547,98.2124962608839
0.008548,0.982126281854643,8.548,98.2126281854643
0.008549,0.982127605585872,8.549,98.2127605585872
0.00855,0.982128933756612,8.55,98.2128933756612
0.008551,0.982130266320832,8.551,98.2130266320832
0.008552,0.982131603232401,8.552,98.2131603232401
0.008553,0.982132944445077,8.553,98.2132944445077
0.008554,0.982134289912515,8.554,98.2134289912515
0.008555,0.982135639588269,8.555,98.2135639588269
0.008556,0.982136993425791,8.556,98.2136993425791
0.008557,0.982138351378431,8.557,98.2138351378431
0.008558,0.982139713399443,8.558,98.2139713399443
0.008559,0.982141079441985,8.559,98.2141079441985
0.00856,0.982142449459118,8.56,98.2142449459118
0.008561,0.982143823403808,8.561,98.2143823403808
0.008562,0.982145201228932,8.562,98.2145201228932
0.008563,0.982146582887274,8.563,98.2146582887274
0.008564,0.982147968331529,8.564,98.2147968331529
0.008565,0.982149357514306,8.565,98.2149357514306
0.008566,0.982150750388124,8.566,98.2150750388124
0.008567,0.982152146905421,8.567,98.2152146905421
0.008568,0.98215354701855,8.568,98.215354701855
0.008569,0.982154950679783,8.569,98.2154950679783
0.00857,0.982156357841311,8.57,98.2156357841311
0.008571,0.982157768455247,8.571,98.2157768455247
0.008572,0.982159182473627,8.572,98.2159182473627
0.008573,0.982160599848411,8.573,98.2160599848411
0.008574,0.982162020531484,8.574,98.2162020531484
0.008575,0.982163444474661,8.575,98.2163444474661
0.008576,0.982164871629683,8.576,98.2164871629683
0.008577,0.982166301948224,8.577,98.2166301948224
0.008578,0.982167735381888,8.578,98.2167735381888
0.008579,0.982169171882214,8.579,98.2169171882214
0.00858,0.982170611400675,8.58,98.2170611400675
0.008581,0.982172053888681,8.581,98.2172053888681
0.008582,0.982173499297582,8.582,98.2173499297582
0.008583,0.982174947578664,8.583,98.2174947578664
0.008584,0.982176398683157,8.584,98.2176398683157
0.008585,0.982177852562234,8.585,98.2177852562234
0.008586,0.982179309167009,8.586,98.2179309167009
0.008587,0.982180768448546,8.587,98.2180768448546
0.008588,0.982182230357853,8.588,98.2182230357853
0.008589,0.982183694845891,8.589,98.2183694845891
0.00859,0.982185161863566,8.59,98.2185161863566
0.008591,0.982186631361741,8.591,98.2186631361741
0.008592,0.982188103291229,8.592,98.2188103291229
0.008593,0.9821895776028,8.593,98.21895776028
0.008594,0.98219105424718,8.594,98.219105424718
0.008595,0.982192533175053,8.595,98.2192533175053
0.008596,0.982194014337064,8.596,98.2194014337064
0.008597,0.982195497683818,8.597,98.2195497683818
0.008598,0.982196983165882,8.598,98.2196983165882
0.008599,0.982198470733789,8.599,98.2198470733789
0.0086,0.982199960338037,8.6,98.2199960338037
0.008601,0.982201451929093,8.601,98.2201451929093
0.008602,0.98220294545739,8.602,98.220294545739
0.008603,0.982204440873334,8.603,98.2204440873334
0.008604,0.982205938127303,8.604,98.2205938127303
0.008605,0.982207437169646,8.605,98.2207437169646
0.008606,0.982208937950691,8.606,98.2208937950691
0.008607,0.98221044042074,8.607,98.221044042074
0.008608,0.982211944530073,8.608,98.2211944530073
0.008609,0.982213450228952,8.609,98.2213450228952
0.00861,0.982214957467618,8.61,98.2214957467618
0.008611,0.982216466196297,8.611,98.2216466196297
0.008612,0.982217976365199,8.612,98.2217976365199
0.008613,0.982219487924517,8.613,98.2219487924517
0.008614,0.982221000824436,8.614,98.2221000824436
0.008615,0.982222515015126,8.615,98.2222515015126
0.008616,0.982224030446751,8.616,98.2224030446751
0.008617,0.982225547069465,8.617,98.2225547069465
0.008618,0.982227064833417,8.618,98.2227064833417
0.008619,0.982228583688748,8.619,98.2228583688748
0.00862,0.982230103585601,8.62,98.2230103585601
0.008621,0.982231624474112,8.621,98.2231624474112
0.008622,0.982233146304421,8.622,98.2233146304421
0.008623,0.982234669026666,8.623,98.2234669026666
0.008624,0.982236192590992,8.624,98.2236192590992
0.008625,0.982237716947543,8.625,98.2237716947543
0.008626,0.982239242046474,8.626,98.2239242046474
0.008627,0.982240767837943,8.627,98.2240767837943
0.008628,0.98224229427212,8.628,98.224229427212
0.008629,0.982243821299186,8.629,98.2243821299186
0.00863,0.982245348869331,8.63,98.2245348869331
0.008631,0.982246876932763,8.631,98.2246876932763
0.008632,0.9822484054397,8.632,98.22484054397
0.008633,0.98224993434038,8.633,98.224993434038
0.008634,0.982251463585058,8.634,98.2251463585058
0.008635,0.98225299312401,8.635,98.225299312401
0.008636,0.98225452290753,8.636,98.225452290753
0.008637,0.982256052885939,8.637,98.2256052885939
0.008638,0.982257583009579,8.638,98.2257583009579
0.008639,0.982259113228819,8.639,98.2259113228819
0.00864,0.982260643494055,8.64,98.2260643494055
0.008641,0.982262173755712,8.641,98.2262173755712
0.008642,0.982263703964245,8.642,98.2263703964245
0.008643,0.98226523407014,8.643,98.226523407014
0.008644,0.982266764023918,8.644,98.2266764023918
0.008645,0.982268293776135,8.645,98.2268293776135
0.008646,0.982269823277379,8.646,98.2269823277379
0.008647,0.982271352478282,8.647,98.2271352478282
0.008648,0.982272881329511,8.648,98.2272881329511
0.008649,0.982274409781774,8.649,98.2274409781774
0.00865,0.982275937785824,8.65,98.2275937785824
0.008651,0.982277465292455,8.651,98.2277465292455
0.008652,0.982278992252506,8.652,98.2278992252506
0.008653,0.982280518616867,8.653,98.2280518616867
0.008654,0.982282044336471,8.654,98.2282044336471
0.008655,0.982283569362303,8.655,98.2283569362303
0.008656,0.982285093645399,8.656,98.2285093645399
0.008657,0.982286617136848,8.657,98.2286617136848
0.008658,0.982288139787794,8.658,98.2288139787794
0.008659,0.982289661549433,8.659,98.2289661549433
0.00866,0.982291182373022,8.66,98.2291182373022
0.008661,0.982292702209874,8.661,98.2292702209874
0.008662,0.982294221011363,8.662,98.2294221011363
0.008663,0.982295738728925,8.663,98.2295738728925
0.008664,0.982297255314059,8.664,98.2297255314059
0.008665,0.982298770718325,8.665,98.2298770718325
0.008666,0.982300284893354,8.666,98.2300284893354
0.008667,0.98230179779084,8.667,98.230179779084
0.008668,0.982303309362549,8.668,98.2303309362549
0.008669,0.982304819560314,8.669,98.2304819560314
0.00867,0.982306328336041,8.67,98.2306328336041
0.008671,0.982307835641711,8.671,98.2307835641711
0.008672,0.982309341429376,8.672,98.2309341429376
0.008673,0.982310845651166,8.673,98.2310845651166
0.008674,0.982312348259287,8.674,98.2312348259287
0.008675,0.982313849206027,8.675,98.2313849206027
0.008676,0.982315348443749,8.676,98.2315348443749
0.008677,0.9823168459249,8.677,98.23168459249
0.008678,0.982318341602012,8.678,98.2318341602012
0.008679,0.9823198354277,8.679,98.23198354277
0.00868,0.982321327354663,8.68,98.2321327354663
0.008681,0.98232281733569,8.681,98.232281733569
0.008682,0.982324305323656,8.682,98.2324305323656
0.008683,0.982325791271528,8.683,98.2325791271528
0.008684,0.982327275132364,8.684,98.2327275132364
0.008685,0.982328756859313,8.685,98.2328756859313
0.008686,0.982330236405621,8.686,98.2330236405621
0.008687,0.982331713724628,8.687,98.2331713724628
0.008688,0.982333188769771,8.688,98.2333188769771
0.008689,0.982334661494586,8.689,98.2334661494586
0.00869,0.982336131852706,8.69,98.2336131852706
0.008691,0.982337599797871,8.691,98.2337599797871
0.008692,0.982339065283916,8.692,98.2339065283916
0.008693,0.982340528264786,8.693,98.2340528264786
0.008694,0.982341988694527,8.694,98.2341988694527
0.008695,0.982343446527293,8.695,98.2343446527293
0.008696,0.982344901717346,8.696,98.2344901717346
0.008697,0.982346354219057,8.697,98.2346354219057
0.008698,0.982347803986907,8.698,98.2347803986907
0.008699,0.982349250975491,8.699,98.2349250975491
0.0087,0.982350695139514,8.7,98.2350695139514
0.008701,0.982352136433796,8.701,98.2352136433796
0.008702,0.982353574813275,8.702,98.2353574813275
0.008703,0.982355010233005,8.703,98.2355010233005
0.008704,0.982356442648159,8.704,98.2356442648159
0.008705,0.982357872014027,8.705,98.2357872014027
0.008706,0.982359298286023,8.706,98.2359298286023
0.008707,0.982360721419683,8.707,98.2360721419683
0.008708,0.982362141370666,8.708,98.2362141370666
0.008709,0.982363558094755,8.709,98.2363558094755
0.00871,0.982364971547861,8.71,98.2364971547861
0.008711,0.982366381686022,8.711,98.2366381686022
0.008712,0.982367788465405,8.712,98.2367788465405
0.008713,0.982369191842304,8.713,98.2369191842304
0.008714,0.982370591773149,8.714,98.2370591773149
0.008715,0.982371988214501,8.715,98.2371988214501
0.008716,0.982373381123052,8.716,98.2373381123052
0.008717,0.982374770455633,8.717,98.2374770455633
0.008718,0.98237615616921,8.718,98.237615616921
0.008719,0.982377538220885,8.719,98.2377538220885
0.00872,0.982378916567899,8.72,98.2378916567899
0.008721,0.982380291167637,8.721,98.2380291167637
0.008722,0.982381661977621,8.722,98.2381661977621
0.008723,0.982383028955516,8.723,98.2383028955516
0.008724,0.982384392059133,8.724,98.2384392059133
0.008725,0.982385751246424,8.725,98.2385751246424
0.008726,0.982387106475493,8.726,98.2387106475493
0.008727,0.982388457704585,8.727,98.2388457704585
0.008728,0.982389804892097,8.728,98.2389804892097
0.008729,0.982391147996576,8.729,98.2391147996576
0.00873,0.982392486976717,8.73,98.2392486976717
0.008731,0.982393821791372,8.731,98.2393821791372
0.008732,0.982395152399541,8.732,98.2395152399541
0.008733,0.982396478760382,8.733,98.2396478760382
0.008734,0.982397800833206,8.734,98.2397800833206
0.008735,0.982399118577482,8.735,98.2399118577482
0.008736,0.982400431952838,8.736,98.2400431952838
0.008737,0.982401740919059,8.737,98.2401740919059
0.008738,0.982403045436091,8.738,98.2403045436091
0.008739,0.982404345464043,8.739,98.2404345464043
0.00874,0.982405640963182,8.74,98.2405640963182
0.008741,0.982406931893944,8.741,98.2406931893944
0.008742,0.982408218216925,8.742,98.2408218216925
0.008743,0.982409499892891,8.743,98.2409499892891
0.008744,0.98241077688277,8.744,98.241077688277
0.008745,0.982412049147663,8.745,98.2412049147663
0.008746,0.982413316648837,8.746,98.2413316648837
0.008747,0.98241457934773,8.747,98.241457934773
0.008748,0.982415837205952,8.748,98.2415837205952
0.008749,0.982417090185283,8.749,98.2417090185283
0.00875,0.982418338247679,8.75,98.2418338247679
0.008751,0.98241958135527,8.751,98.241958135527
0.008752,0.982420819470361,8.752,98.2420819470361
0.008753,0.982422052555434,8.753,98.2422052555434
0.008754,0.982423280573145,8.754,98.2423280573145
0.008755,0.982424503486337,8.755,98.2424503486337
0.008756,0.982425721258024,8.756,98.2425721258024
0.008757,0.982426933851406,8.757,98.2426933851406
0.008758,0.982428141229863,8.758,98.2428141229863
0.008759,0.982429343356958,8.759,98.2429343356958
0.00876,0.982430540196438,8.76,98.2430540196438
0.008761,0.982431731712234,8.761,98.2431731712234
0.008762,0.982432917868464,8.762,98.2432917868464
0.008763,0.982434098629431,8.763,98.2434098629431
0.008764,0.98243527395963,8.764,98.243527395963
0.008765,0.982436443823737,8.765,98.2436443823737
0.008766,0.982437608186627,8.766,98.2437608186627
0.008767,0.982438767013359,8.767,98.2438767013359
0.008768,0.982439920269186,8.768,98.2439920269186
0.008769,0.982441067919554,8.769,98.2441067919554
0.00877,0.982442209930101,8.77,98.2442209930101
0.008771,0.98244334626666,8.771,98.244334626666
0.008772,0.982444476895261,8.772,98.2444476895261
0.008773,0.98244560178213,8.773,98.244560178213
0.008774,0.982446720893688,8.774,98.2446720893688
0.008775,0.982447834196555,8.775,98.2447834196555
0.008776,0.982448941657554,8.776,98.2448941657554
0.008777,0.982450043243702,8.777,98.2450043243702
0.008778,0.982451138922219,8.778,98.2451138922219
0.008779,0.98245222866053,8.779,98.245222866053
0.00878,0.982453312426259,8.78,98.2453312426259
0.008781,0.982454390187233,8.781,98.2454390187233
0.008782,0.982455461911488,8.782,98.2455461911488
0.008783,0.98245652756726,8.783,98.245652756726
0.008784,0.982457587122994,8.784,98.2457587122994
0.008785,0.982458640547341,8.785,98.2458640547341
0.008786,0.982459687809161,8.786,98.2459687809161
0.008787,0.982460728877521,8.787,98.2460728877521
0.008788,0.982461763721698,8.788,98.2461763721698
0.008789,0.982462792311179,8.789,98.2462792311179
0.00879,0.982463814615664,8.79,98.2463814615664
0.008791,0.982464830605062,8.791,98.2464830605062
0.008792,0.982465840249497,8.792,98.2465840249497
0.008793,0.982466843519306,8.793,98.2466843519306
0.008794,0.982467840385037,8.794,98.2467840385037
0.008795,0.982468830817459,8.795,98.2468830817459
0.008796,0.982469814787551,8.796,98.2469814787551
0.008797,0.982470792266514,8.797,98.2470792266514
0.008798,0.982471763225761,8.798,98.2471763225761
0.008799,0.982472727636926,8.799,98.2472727636926
0.0088,0.982473685471862,8.8,98.2473685471862
0.008801,0.982474636702642,8.801,98.2474636702642
0.008802,0.982475581301554,8.802,98.2475581301554
0.008803,0.982476519241116,8.803,98.2476519241116
0.008804,0.98247745049406,8.804,98.247745049406
0.008805,0.982478375033344,8.805,98.2478375033344
0.008806,0.982479292832147,8.806,98.2479292832147
0.008807,0.982480203863875,8.807,98.2480203863875
0.008808,0.982481108102156,8.808,98.2481108102156
0.008809,0.982482005520843,8.809,98.2482005520843
0.00881,0.982482896094015,8.81,98.2482896094015
0.008811,0.982483779795979,8.811,98.2483779795979
0.008812,0.982484656601269,8.812,98.2484656601269
0.008813,0.982485526484643,8.813,98.2485526484643
0.008814,0.982486389421093,8.814,98.2486389421093
0.008815,0.982487245385835,8.815,98.2487245385835
0.008816,0.982488094354318,8.816,98.2488094354318
0.008817,0.982488936302222,8.817,98.2488936302222
0.008818,0.982489771205453,8.818,98.2489771205453
0.008819,0.982490599040153,8.819,98.2490599040153
0.00882,0.982491419782695,8.82,98.2491419782695
0.008821,0.982492233409683,8.821,98.2492233409683
0.008822,0.982493039897957,8.822,98.2493039897957
0.008823,0.982493839224589,8.823,98.2493839224589
0.008824,0.982494631366884,8.824,98.2494631366884
0.008825,0.982495416302388,8.825,98.2495416302388
0.008826,0.982496194008873,8.826,98.2496194008873
0.008827,0.982496964464356,8.827,98.2496964464356
0.008828,0.982497727647084,8.828,98.2497727647084
0.008829,0.982498483535547,8.829,98.2498483535547
0.00883,0.982499232108466,8.83,98.2499232108466
0.008831,0.982499973344806,8.831,98.2499973344806
0.008832,0.982500707223767,8.832,98.2500707223767
0.008833,0.98250143372479,8.833,98.250143372479
0.008834,0.982502152827553,8.834,98.2502152827553
0.008835,0.982502864511979,8.835,98.2502864511979
0.008836,0.982503568758225,8.836,98.2503568758225
0.008837,0.982504265546696,8.837,98.2504265546696
0.008838,0.982504954858032,8.838,98.2504954858032
0.008839,0.982505636673119,8.839,98.2505636673119
0.00884,0.982506310973085,8.84,98.2506310973085
0.008841,0.982506977739301,8.841,98.2506977739301
0.008842,0.982507636953376,8.842,98.2507636953376
0.008843,0.98250828859717,8.843,98.250828859717
0.008844,0.982508932652784,8.844,98.2508932652784
0.008845,0.982509569102562,8.845,98.2509569102562
0.008846,0.982510197929095,8.846,98.2510197929095
0.008847,0.982510819115219,8.847,98.2510819115219
0.008848,0.982511432644014,8.848,98.2511432644014
0.008849,0.982512038498807,8.849,98.2512038498807
0.00885,0.982512636663173,8.85,98.2512636663173
0.008851,0.982513227120929,8.851,98.2513227120929
0.008852,0.982513809856145,8.852,98.2513809856145
0.008853,0.982514384853135,8.853,98.2514384853135
0.008854,0.98251495209646,8.854,98.251495209646
0.008855,0.982515511570931,8.855,98.2515511570931
0.008856,0.982516063261607,8.856,98.2516063261607
0.008857,0.982516607153794,8.857,98.2516607153794
0.008858,0.98251714323305,8.858,98.251714323305
0.008859,0.982517671485179,8.859,98.2517671485179
0.00886,0.982518191896237,8.86,98.2518191896237
0.008861,0.982518704452529,8.861,98.2518704452529
0.008862,0.982519209140609,8.862,98.2519209140609
0.008863,0.982519705947283,8.863,98.2519705947283
0.008864,0.982520194859607,8.864,98.2520194859607
0.008865,0.982520675864888,8.865,98.2520675864888
0.008866,0.982521148950684,8.866,98.2521148950684
0.008867,0.982521614104803,8.867,98.2521614104803
0.008868,0.982522071315308,8.868,98.2522071315308
0.008869,0.982522520570509,8.869,98.2522520570509
0.00887,0.982522961858972,8.87,98.2522961858972
0.008871,0.982523395169514,8.871,98.2523395169514
0.008872,0.982523820491204,8.872,98.2523820491204
0.008873,0.982524237813362,8.873,98.2524237813362
0.008874,0.982524647125563,8.874,98.2524647125563
0.008875,0.982525048417636,8.875,98.2525048417636
0.008876,0.98252544167966,8.876,98.252544167966
0.008877,0.982525826901967,8.877,98.2525826901967
0.008878,0.982526204075146,8.878,98.2526204075146
0.008879,0.982526573190036,8.879,98.2526573190036
0.00888,0.982526934237731,8.88,98.2526934237731
0.008881,0.982527287209579,8.881,98.2527287209579
0.008882,0.982527632097181,8.882,98.2527632097181
0.008883,0.982527968892392,8.883,98.2527968892392
0.008884,0.982528297587323,8.884,98.2528297587323
0.008885,0.982528618174335,8.885,98.2528618174335
0.008886,0.982528930646048,8.886,98.2528930646048
0.008887,0.982529234995332,8.887,98.2529234995332
0.008888,0.982529531215315,8.888,98.2529531215315
0.008889,0.982529819299377,8.889,98.2529819299377
0.00889,0.982530099241152,8.89,98.2530099241152
0.008891,0.982530371034531,8.891,98.2530371034531
0.008892,0.982530634673659,8.892,98.2530634673659
0.008893,0.982530890152933,8.893,98.2530890152933
0.008894,0.982531137467006,8.894,98.2531137467006
0.008895,0.982531376610787,8.895,98.2531376610787
0.008896,0.982531607579439,8.896,98.2531607579439
0.008897,0.982531830368377,8.897,98.2531830368377
0.008898,0.982532044973274,8.898,98.2532044973274
0.008899,0.982532251390056,8.899,98.2532251390056
0.0089,0.982532449614903,8.9,98.2532449614903
0.008901,0.98253263964425,8.901,98.253263964425
0.008902,0.982532821474787,8.902,98.2532821474787
0.008903,0.982532995103457,8.903,98.2532995103457
0.008904,0.982533160527459,8.904,98.2533160527459
0.008905,0.982533317744244,8.905,98.2533317744244
0.008906,0.982533466751521,8.906,98.2533466751521
0.008907,0.982533607547248,8.907,98.2533607547248
0.008908,0.982533740129641,8.908,98.2533740129641
0.008909,0.982533864497169,8.909,98.2533864497169
0.00891,0.982533980648552,8.91,98.2533980648552
0.008911,0.982534088582768,8.911,98.2534088582768
0.008912,0.982534188299047,8.912,98.2534188299047
0.008913,0.98253427979687,8.913,98.253427979687
0.008914,0.982534363075973,8.914,98.2534363075973
0.008915,0.982534438136348,8.915,98.2534438136348
0.008916,0.982534504978234,8.916,98.2534504978234
0.008917,0.982534563602128,8.917,98.2534563602128
0.008918,0.982534614008777,8.918,98.2534614008777
0.008919,0.982534656199181,8.919,98.2534656199181
0.00892,0.982534690174594,8.92,98.2534690174594
0.008921,0.982534715936519,8.921,98.2534715936519
0.008922,0.982534733486713,8.922,98.2534733486713
0.008923,0.982534742827183,8.923,98.2534742827183
0.008924,0.98253474396019,8.924,98.253474396019
0.008925,0.982534736888245,8.925,98.2534736888245
0.008926,0.982534721614108,8.926,98.2534721614108
0.008927,0.982534698140794,8.927,98.2534698140794
0.008928,0.982534666471565,8.928,98.2534666471565
0.008929,0.982534626609935,8.929,98.2534626609935
0.00893,0.982534578559666,8.93,98.2534578559666
0.008931,0.982534522324772,8.931,98.2534522324772
0.008932,0.982534457909517,8.932,98.2534457909517
0.008933,0.982534385318411,8.933,98.2534385318411
0.008934,0.982534304556216,8.934,98.2534304556216
0.008935,0.982534215627941,8.935,98.2534215627941
0.008936,0.982534118538843,8.936,98.2534118538843
0.008937,0.982534013294429,8.937,98.2534013294429
0.008938,0.982533899900451,8.938,98.2533899900451
0.008939,0.982533778362911,8.939,98.2533778362911
0.00894,0.982533648688056,8.94,98.2533648688056
0.008941,0.982533510882381,8.941,98.2533510882381
0.008942,0.982533364952625,8.942,98.2533364952625
0.008943,0.982533210905776,8.943,98.2533210905776
0.008944,0.982533048749065,8.944,98.2533048749065
0.008945,0.982532878489972,8.945,98.2532878489972
0.008946,0.982532700136216,8.946,98.2532700136216
0.008947,0.982532513695766,8.947,98.2532513695766
0.008948,0.982532319176833,8.948,98.2532319176833
0.008949,0.982532116587869,8.949,98.2532116587869
0.00895,0.982531905937574,8.95,98.2531905937574
0.008951,0.982531687234887,8.951,98.2531687234887
0.008952,0.982531460488992,8.952,98.2531460488992
0.008953,0.982531225709313,8.953,98.2531225709313
0.008954,0.982530982905516,8.954,98.2530982905516
0.008955,0.98253073208751,8.955,98.253073208751
0.008956,0.982530473265443,8.956,98.2530473265443
0.008957,0.982530206449703,8.957,98.2530206449703
0.008958,0.982529931650917,8.958,98.2529931650917
0.008959,0.982529648879954,8.959,98.2529648879954
0.00896,0.982529358147919,8.96,98.2529358147919
0.008961,0.982529059466156,8.961,98.2529059466156
0.008962,0.982528752846249,8.962,98.2528752846249
0.008963,0.982528438300015,8.963,98.2528438300015
0.008964,0.982528115839513,8.964,98.2528115839513
0.008965,0.982527785477033,8.965,98.2527785477033
0.008966,0.982527447225105,8.966,98.2527447225105
0.008967,0.98252710109649,8.967,98.252710109649
0.008968,0.982526747104189,8.968,98.2526747104189
0.008969,0.982526385261433,8.969,98.2526385261433
0.00897,0.982526015581687,8.97,98.2526015581687
0.008971,0.982525638078651,8.971,98.2525638078651
0.008972,0.982525252766256,8.972,98.2525252766256
0.008973,0.982524859658665,8.973,98.2524859658665
0.008974,0.982524458770272,8.974,98.2524458770272
0.008975,0.982524050115704,8.975,98.2524050115704
0.008976,0.982523633709814,8.976,98.2523633709814
0.008977,0.982523209567689,8.977,98.2523209567689
0.008978,0.982522777704642,8.978,98.2522777704642
0.008979,0.982522338136215,8.979,98.2522338136215
0.00898,0.982521890878177,8.98,98.2521890878177
0.008981,0.982521435946527,8.981,98.2521435946527
0.008982,0.982520973357487,8.982,98.2520973357487
0.008983,0.982520503127507,8.983,98.2520503127507
0.008984,0.982520025273262,8.984,98.2520025273262
0.008985,0.98251953981165,8.985,98.251953981165
0.008986,0.982519046759793,8.986,98.2519046759793
0.008987,0.982518546135039,8.987,98.2518546135039
0.008988,0.982518037954954,8.988,98.2518037954954
0.008989,0.982517522237332,8.989,98.2517522237332
0.00899,0.982516999000182,8.99,98.2516999000182
0.008991,0.982516468261736,8.991,98.2516468261736
0.008992,0.982515930040448,8.992,98.2515930040448
0.008993,0.982515384354987,8.993,98.2515384354987
0.008994,0.982514831224242,8.994,98.2514831224242
0.008995,0.982514270667322,8.995,98.2514270667322
0.008996,0.982513702703551,8.996,98.2513702703551
0.008997,0.982513127352466,8.997,98.2513127352466
0.008998,0.982512544633826,8.998,98.2512544633826
0.008999,0.982511954567601,8.999,98.2511954567601
0.009,0.982511357173974,9,98.2511357173974
0.009001,0.982510752473344,9.001,98.2510752473344
0.009002,0.98251014048632,9.002,98.251014048632
0.009003,0.982509521233725,9.003,98.2509521233725
0.009004,0.982508894736592,9.004,98.2508894736592
0.009005,0.982508261016163,9.005,98.2508261016163
0.009006,0.982507620093891,9.006,98.2507620093891
0.009007,0.982506971991438,9.007,98.2506971991438
0.009008,0.982506316730671,9.008,98.2506316730671
0.009009,0.982505654333667,9.009,98.2505654333667
0.00901,0.982504984822709,9.01,98.2504984822709
0.009011,0.982504308220284,9.011,98.2504308220284
0.009012,0.982503624549083,9.012,98.2503624549083
0.009013,0.982502933832004,9.013,98.2502933832004
0.009014,0.982502236092143,9.014,98.2502236092143
0.009015,0.982501531352804,9.015,98.2501531352804
0.009016,0.982500819637488,9.016,98.2500819637488
0.009017,0.982500100969897,9.017,98.2500100969897
0.009018,0.982499375373933,9.018,98.2499375373933
0.009019,0.9824986428737,9.019,98.24986428737
0.00902,0.982497903493492,9.02,98.2497903493492
0.009021,0.982497157257809,9.021,98.2497157257809
0.009022,0.98249640419134,9.022,98.249640419134
0.009023,0.982495644318974,9.023,98.2495644318974
0.009024,0.98249487766579,9.024,98.249487766579
0.009025,0.982494104257065,9.025,98.2494104257065
0.009026,0.982493324118266,9.026,98.2493324118266
0.009027,0.982492537275052,9.027,98.2492537275052
0.009028,0.982491743753273,9.028,98.2491743753273
0.009029,0.982490943578967,9.029,98.2490943578967
0.00903,0.982490136778365,9.03,98.2490136778365
0.009031,0.982489323377882,9.031,98.2489323377882
0.009032,0.982488503404123,9.032,98.2488503404123
0.009033,0.982487676883876,9.033,98.2487676883876
0.009034,0.982486843844116,9.034,98.2486843844116
0.009035,0.982486004312005,9.035,98.2486004312005
0.009036,0.982485158314883,9.036,98.2485158314883
0.009037,0.982484305880274,9.037,98.2484305880274
0.009038,0.982483447035887,9.038,98.2483447035887
0.009039,0.982482581809607,9.039,98.2482581809607
0.00904,0.9824817102295,9.04,98.24817102295
0.009041,0.982480832323812,9.041,98.2480832323812
0.009042,0.982479948120965,9.042,98.2479948120965
0.009043,0.982479057649556,9.043,98.2479057649556
0.009044,0.982478160938361,9.044,98.2478160938361
0.009045,0.982477258016328,9.045,98.2477258016328
0.009046,0.982476348912579,9.046,98.2476348912579
0.009047,0.98247543365641,9.047,98.247543365641
0.009048,0.982474512277287,9.048,98.2474512277287
0.009049,0.982473584804846,9.049,98.2473584804846
0.00905,0.982472651268895,9.05,98.2472651268895
0.009051,0.982471711699408,9.051,98.2471711699408
0.009052,0.982470766126528,9.052,98.2470766126528
0.009053,0.982469814580563,9.053,98.2469814580563
0.009054,0.982468857091989,9.054,98.2468857091989
0.009055,0.982467893691443,9.055,98.2467893691443
0.009056,0.982466924409728,9.056,98.2466924409728
0.009057,0.982465949277807,9.057,98.2465949277807
0.009058,0.982464968326808,9.058,98.2464968326808
0.009059,0.982463981588014,9.059,98.2463981588014
0.00906,0.982462989092871,9.06,98.2462989092871
0.009061,0.982461990872982,9.061,98.2461990872982
0.009062,0.982460986960106,9.062,98.2460986960106
0.009063,0.98245997738616,9.063,98.245997738616
0.009064,0.982458962183213,9.064,98.2458962183213
0.009065,0.98245794138349,9.065,98.245794138349
0.009066,0.982456915019368,9.066,98.2456915019368
0.009067,0.982455883123376,9.067,98.2455883123376
0.009068,0.982454845728193,9.068,98.2454845728193
0.009069,0.982453802866646,9.069,98.2453802866646
0.00907,0.982452754571712,9.07,98.2452754571712
0.009071,0.982451700876517,9.071,98.2451700876517
0.009072,0.982450641814328,9.072,98.2450641814328
0.009073,0.982449577418561,9.073,98.2449577418561
0.009074,0.982448507722775,9.074,98.2448507722775
0.009075,0.98244743276067,9.075,98.244743276067
0.009076,0.982446352566091,9.076,98.2446352566091
0.009077,0.98244526717302,9.077,98.244526717302
0.009078,0.982444176615581,9.078,98.2444176615581
0.009079,0.982443080928033,9.079,98.2443080928033
0.00908,0.982441980144776,9.08,98.2441980144776
0.009081,0.982440874300342,9.081,98.2440874300342
0.009082,0.982439763429402,9.082,98.2439763429402
0.009083,0.982438647566756,9.083,98.2438647566756
0.009084,0.98243752674734,9.084,98.243752674734
0.009085,0.98243640100622,9.085,98.243640100622
0.009086,0.982435270378592,9.086,98.2435270378592
0.009087,0.982434134899782,9.087,98.2434134899782
0.009088,0.982432994605241,9.088,98.2432994605241
0.009089,0.982431849530551,9.089,98.2431849530551
0.00909,0.982430699711415,9.09,98.2430699711415
0.009091,0.982429545183664,9.091,98.2429545183664
0.009092,0.982428385983252,9.092,98.2428385983252
0.009093,0.982427222146251,9.093,98.2427222146251
0.009094,0.982426053708857,9.094,98.2426053708857
0.009095,0.982424880707385,9.095,98.2424880707385
0.009096,0.982423703178269,9.096,98.2423703178269
0.009097,0.982422521158057,9.097,98.2422521158057
0.009098,0.98242133468342,9.098,98.242133468342
0.009099,0.982420143791135,9.099,98.2420143791135
0.0091,0.982418948518098,9.1,98.2418948518098
0.009101,0.982417748901317,9.101,98.2417748901317
0.009102,0.98241654497791,9.102,98.241654497791
0.009103,0.982415336785106,9.103,98.2415336785106
0.009104,0.982414124360241,9.104,98.2414124360241
0.009105,0.982412907740761,9.105,98.2412907740761
0.009106,0.982411686964216,9.106,98.2411686964216
0.009107,0.982410462068262,9.107,98.2410462068262
0.009108,0.982409233090661,9.108,98.2409233090661
0.009109,0.982408000069272,9.109,98.2408000069272
0.00911,0.982406763042062,9.11,98.2406763042062
0.009111,0.982405522047095,9.111,98.2405522047095
0.009112,0.982404277122532,9.112,98.2404277122532
0.009113,0.982403028306638,9.113,98.2403028306638
0.009114,0.982401775637767,9.114,98.2401775637767
0.009115,0.982400519154372,9.115,98.2400519154372
0.009116,0.982399258895,9.116,98.2399258895
0.009117,0.982397994898293,9.117,98.2397994898293
0.009118,0.982396727202979,9.118,98.2396727202979
0.009119,0.982395455847881,9.119,98.2395455847881
0.00912,0.982394180871908,9.12,98.2394180871908
0.009121,0.98239290231406,9.121,98.239290231406
0.009122,0.98239162021342,9.122,98.239162021342
0.009123,0.982390334609158,9.123,98.2390334609158
0.009124,0.982389045540527,9.124,98.2389045540527
0.009125,0.982387753046866,9.125,98.2387753046866
0.009126,0.982386457167592,9.126,98.2386457167592
0.009127,0.982385157942203,9.127,98.2385157942203
0.009128,0.982383855410277,9.128,98.2383855410277
0.009129,0.982382549611467,9.129,98.2382549611467
0.00913,0.982381240585508,9.13,98.2381240585508
0.009131,0.982379928372203,9.131,98.2379928372203
0.009132,0.982378613011434,9.132,98.2378613011434
0.009133,0.982377294543155,9.133,98.2377294543155
0.009134,0.982375973007388,9.134,98.2375973007388
0.009135,0.982374648444229,9.135,98.2374648444229
0.009136,0.982373320893842,9.136,98.2373320893842
0.009137,0.982371990396457,9.137,98.2371990396457
0.009138,0.982370656992371,9.138,98.2370656992371
0.009139,0.982369320721944,9.139,98.2369320721944
0.00914,0.982367981625605,9.14,98.2367981625605
0.009141,0.982366639743839,9.141,98.2366639743839
0.009142,0.982365295117197,9.142,98.2365295117197
0.009143,0.982363947786288,9.143,98.2363947786288
0.009144,0.982362597791777,9.144,98.2362597791777
0.009145,0.982361245174391,9.145,98.2361245174391
0.009146,0.98235988997491,9.146,98.235988997491
0.009147,0.982358532234169,9.147,98.2358532234169
0.009148,0.982357171993056,9.148,98.2357171993056
0.009149,0.982355809292513,9.149,98.2355809292513
0.00915,0.982354444173532,9.15,98.2354444173532
0.009151,0.982353076677152,9.151,98.2353076677152
0.009152,0.982351706844463,9.152,98.2351706844463
0.009153,0.982350334716601,9.153,98.2350334716601
0.009154,0.982348960334749,9.154,98.2348960334749
0.009155,0.982347583740131,9.155,98.2347583740131
0.009156,0.982346204974018,9.156,98.2346204974018
0.009157,0.982344824077719,9.157,98.2344824077719
0.009158,0.982343441092587,9.158,98.2343441092587
0.009159,0.982342056060011,9.159,98.2342056060011
0.00916,0.982340669021418,9.16,98.2340669021418
0.009161,0.982339280018275,9.161,98.2339280018275
0.009162,0.982337889092082,9.162,98.2337889092082
0.009163,0.982336496284372,9.163,98.2336496284372
0.009164,0.982335101636712,9.164,98.2335101636712
0.009165,0.982333705190698,9.165,98.2333705190698
0.009166,0.982332306987961,9.166,98.2332306987961
0.009167,0.982330907070155,9.167,98.2330907070155
0.009168,0.982329505478966,9.168,98.2329505478966
0.009169,0.982328102256102,9.169,98.2328102256102
0.00917,0.9823266974433,9.17,98.23266974433
0.009171,0.982325291082318,9.171,98.2325291082318
0.009172,0.982323883214937,9.172,98.2323883214937
0.009173,0.982322473882959,9.173,98.2322473882959
0.009174,0.982321063128205,9.174,98.2321063128205
0.009175,0.982319650992515,9.175,98.2319650992515
0.009176,0.982318237517745,9.176,98.2318237517745
0.009177,0.982316822745768,9.177,98.2316822745768
0.009178,0.982315406718472,9.178,98.2315406718472
0.009179,0.982313989477757,9.179,98.2313989477757
0.00918,0.982312571065534,9.18,98.2312571065534
0.009181,0.982311151523726,9.181,98.2311151523726
0.009182,0.982309730894265,9.182,98.2309730894265
0.009183,0.982308309219091,9.183,98.2308309219091
0.009184,0.982306886540149,9.184,98.2306886540149
0.009185,0.982305462899394,9.185,98.2305462899394
0.009186,0.982304038338779,9.186,98.2304038338779
0.009187,0.982302612900263,9.187,98.2302612900263
0.009188,0.982301186625808,9.188,98.2301186625808
0.009189,0.982299759557372,9.189,98.2299759557372
0.00919,0.982298331736916,9.19,98.2298331736916
0.009191,0.982296903206397,9.191,98.2296903206397
0.009192,0.982295474007767,9.192,98.2295474007767
0.009193,0.982294044182974,9.193,98.2294044182974
0.009194,0.982292613773962,9.194,98.2292613773962
0.009195,0.982291182822664,9.195,98.2291182822664
0.009196,0.982289751371006,9.196,98.2289751371006
0.009197,0.982288319460904,9.197,98.2288319460904
0.009198,0.982286887134261,9.198,98.2286887134261
0.009199,0.98228545443297,9.199,98.228545443297
0.0092,0.982284021398907,9.2,98.2284021398907
0.009201,0.982282588073934,9.201,98.2282588073934
0.009202,0.982281154499899,9.202,98.2281154499899
0.009203,0.982279720718628,9.203,98.2279720718628
0.009204,0.982278286771931,9.204,98.2278286771931
0.009205,0.982276852701595,9.205,98.2276852701595
0.009206,0.982275418549388,9.206,98.2275418549388
0.009207,0.982273984357053,9.207,98.2273984357053
0.009208,0.982272550166312,9.208,98.2272550166312
0.009209,0.982271116018858,9.209,98.2271116018858
0.00921,0.982269681956358,9.21,98.2269681956358
0.009211,0.982268248020452,9.211,98.2268248020452
0.009212,0.982266814252753,9.212,98.2266814252753
0.009213,0.982265380694836,9.213,98.2265380694836
0.009214,0.982263947388255,9.214,98.2263947388255
0.009215,0.982262514374521,9.215,98.2262514374521
0.009216,0.982261081695116,9.216,98.2261081695116
0.009217,0.982259649391486,9.217,98.2259649391486
0.009218,0.982258217505039,9.218,98.2258217505039
0.009219,0.982256786077146,9.219,98.2256786077146
0.00922,0.982255355149139,9.22,98.2255355149139
0.009221,0.982253924762307,9.221,98.2253924762307
0.009222,0.9822524949579,9.222,98.22524949579
0.009223,0.982251065777124,9.223,98.2251065777124
0.009224,0.982249637261141,9.224,98.2249637261141
0.009225,0.982248209451065,9.225,98.2248209451065
0.009226,0.982246782387968,9.226,98.2246782387968
0.009227,0.98224535611287,9.227,98.224535611287
0.009228,0.982243930666744,9.228,98.2243930666744
0.009229,0.982242506090512,9.229,98.2242506090512
0.00923,0.982241082425043,9.23,98.2241082425043
0.009231,0.982239659711154,9.231,98.2239659711154
0.009232,0.98223823798961,9.232,98.223823798961
0.009233,0.982236817301117,9.233,98.2236817301117
0.009234,0.982235397686326,9.234,98.2235397686326
0.009235,0.982233979185832,9.235,98.2233979185832
0.009236,0.982232561840167,9.236,98.2232561840167
0.009237,0.982231145689808,9.237,98.2231145689808
0.009238,0.982229730775164,9.238,98.2229730775164
0.009239,0.982228317136588,9.239,98.2228317136588
0.00924,0.982226904814366,9.24,98.2226904814366
0.009241,0.98222549384872,9.241,98.222549384872
0.009242,0.982224084279802,9.242,98.2224084279802
0.009243,0.982222676147701,9.243,98.2222676147701
0.009244,0.982221269492437,9.244,98.2221269492437
0.009245,0.982219864353959,9.245,98.2219864353959
0.009246,0.982218460772144,9.246,98.2218460772144
0.009247,0.982217058786798,9.247,98.2217058786798
0.009248,0.982215658437654,9.248,98.2215658437654
0.009249,0.98221425976437,9.249,98.221425976437
0.00925,0.98221286280653,9.25,98.221286280653
0.009251,0.982211467603637,9.251,98.2211467603637
0.009252,0.98221007419512,9.252,98.221007419512
0.009253,0.982208682620325,9.253,98.2208682620325
0.009254,0.982207292918522,9.254,98.2207292918522
0.009255,0.982205905128897,9.255,98.2205905128897
0.009256,0.982204519290553,9.256,98.2204519290553
0.009257,0.982203135442511,9.257,98.2203135442511
0.009258,0.982201753623703,9.258,98.2201753623703
0.009259,0.982200373872979,9.259,98.2200373872979
0.00926,0.982198996229101,9.26,98.2198996229101
0.009261,0.982197620730742,9.261,98.2197620730742
0.009262,0.982196247416482,9.262,98.2196247416482
0.009263,0.982194876324818,9.263,98.2194876324818
0.009264,0.982193507494147,9.264,98.2193507494147
0.009265,0.98219214096278,9.265,98.219214096278
0.009266,0.982190776768927,9.266,98.2190776768927
0.009267,0.982189414950709,9.267,98.2189414950709
0.009268,0.982188055546148,9.268,98.2188055546148
0.009269,0.982186698593168,9.269,98.2186698593168
0.00927,0.982185344129595,9.27,98.2185344129595
0.009271,0.982183992193156,9.271,98.2183992193156
0.009272,0.982182642821477,9.272,98.2182642821477
0.009273,0.982181296052082,9.273,98.2181296052082
0.009274,0.982179951922391,9.274,98.2179951922391
0.009275,0.982178610469721,9.275,98.2178610469721
0.009276,0.982177271731285,9.276,98.2177271731285
0.009277,0.982175935744188,9.277,98.2175935744188
0.009278,0.982174602545429,9.278,98.2174602545429
0.009279,0.982173272171898,9.279,98.2173272171898
0.00928,0.982171944660373,9.28,98.2171944660373
0.009281,0.982170620047529,9.281,98.2170620047529
0.009282,0.982169298369921,9.282,98.2169298369921
0.009283,0.982167979663997,9.283,98.2167979663997
0.009284,0.982166663966088,9.284,98.2166663966088
0.009285,0.982165351312413,9.285,98.2165351312413
0.009286,0.982164041739073,9.286,98.2164041739073
0.009287,0.982162735282053,9.287,98.2162735282053
0.009288,0.982161431977222,9.288,98.2161431977222
0.009289,0.982160131860327,9.289,98.2160131860327
0.00929,0.982158834966998,9.29,98.2158834966998
0.009291,0.982157541332741,9.291,98.2157541332741
0.009292,0.982156250992943,9.292,98.2156250992943
0.009293,0.982154963982867,9.293,98.2154963982867
0.009294,0.982153680337652,9.294,98.2153680337652
0.009295,0.98215240009231,9.295,98.215240009231
0.009296,0.982151123281732,9.296,98.2151123281732
0.009297,0.982149849940678,9.297,98.2149849940678
0.009298,0.98214858010378,9.298,98.214858010378
0.009299,0.982147313805544,9.299,98.2147313805544
0.0093,0.982146051080343,9.3,98.2146051080343
0.009301,0.982144791962421,9.301,98.2144791962421
0.009302,0.982143536485889,9.302,98.2143536485889
0.009303,0.982142284684727,9.303,98.2142284684727
0.009304,0.982141036592778,9.304,98.2141036592778
0.009305,0.982139792243754,9.305,98.2139792243754
0.009306,0.982138551671229,9.306,98.2138551671229
0.009307,0.982137314908639,9.307,98.2137314908639
0.009308,0.982136081989286,9.308,98.2136081989286
0.009309,0.982134852946331,9.309,98.2134852946331
0.00931,0.982133627812796,9.31,98.2133627812796
0.009311,0.982132406621563,9.311,98.2132406621563
0.009312,0.982131189405371,9.312,98.2131189405371
0.009313,0.982129976196819,9.313,98.2129976196819
0.009314,0.982128767028363,9.314,98.2128767028363
0.009315,0.982127561932312,9.315,98.2127561932312
0.009316,0.982126360940831,9.316,98.2126360940831
0.009317,0.982125164085942,9.317,98.2125164085942
0.009318,0.982123971399518,9.318,98.2123971399518
0.009319,0.982122782913282,9.319,98.2122782913282
0.00932,0.982121598658813,9.32,98.2121598658813
0.009321,0.982120418667536,9.321,98.2120418667536
0.009322,0.98211924297073,9.322,98.211924297073
0.009323,0.98211807159952,9.323,98.211807159952
0.009324,0.982116904584878,9.324,98.2116904584878
0.009325,0.982115741957627,9.325,98.2115741957627
0.009326,0.982114583748433,9.326,98.2114583748433
0.009327,0.982113429987807,9.327,98.2113429987807
0.009328,0.982112280706108,9.328,98.2112280706108
0.009329,0.982111135933535,9.329,98.2111135933535
0.00933,0.982109995700131,9.33,98.2109995700131
0.009331,0.982108860035782,9.331,98.2108860035782
0.009332,0.982107728970213,9.332,98.2107728970213
0.009333,0.982106602532993,9.333,98.2106602532993
0.009334,0.982105480753526,9.334,98.2105480753526
0.009335,0.982104363661059,9.335,98.2104363661059
0.009336,0.982103251284672,9.336,98.2103251284672
0.009337,0.982102143653289,9.337,98.2102143653289
0.009338,0.982101040795664,9.338,98.2101040795664
0.009339,0.982099942740389,9.339,98.2099942740389
0.00934,0.982098849515892,9.34,98.2098849515892
0.009341,0.982097761150433,9.341,98.2097761150433
0.009342,0.982096677672106,9.342,98.2096677672106
0.009343,0.982095599108838,9.343,98.2095599108838
0.009344,0.982094525488388,9.344,98.2094525488388
0.009345,0.982093456838344,9.345,98.2093456838344
0.009346,0.982092393186125,9.346,98.2092393186125
0.009347,0.982091334558982,9.347,98.2091334558982
0.009348,0.982090280983991,9.348,98.2090280983991
0.009349,0.982089232488057,9.349,98.2089232488057
0.00935,0.982088189097915,9.35,98.2088189097915
0.009351,0.982087150840124,9.351,98.2087150840124
0.009352,0.982086117741068,9.352,98.2086117741068
0.009353,0.982085089826959,9.353,98.2085089826959
0.009354,0.982084067123832,9.354,98.2084067123832
0.009355,0.982083049657546,9.355,98.2083049657546
0.009356,0.982082037453783,9.356,98.2082037453783
0.009357,0.982081030538046,9.357,98.2081030538046
0.009358,0.982080028935662,9.358,98.2080028935662
0.009359,0.982079032671778,9.359,98.2079032671778
0.00936,0.982078041771361,9.36,98.2078041771361
0.009361,0.982077056259199,9.361,98.2077056259199
0.009362,0.982076076159898,9.362,98.2076076159898
0.009363,0.982075101497881,9.363,98.2075101497881
0.009364,0.982074132297392,9.364,98.2074132297392
0.009365,0.982073168582491,9.365,98.2073168582491
0.009366,0.982072210377053,9.366,98.2072210377053
0.009367,0.98207125770477,9.367,98.207125770477
0.009368,0.98207031058915,9.368,98.207031058915
0.009369,0.982069369053513,9.369,98.2069369053513
0.00937,0.982068433120998,9.37,98.2068433120998
0.009371,0.982067502814552,9.371,98.2067502814552
0.009372,0.982066578156937,9.372,98.2066578156937
0.009373,0.98206565917073,9.373,98.206565917073
0.009374,0.982064745878315,9.374,98.2064745878315
0.009375,0.982063838301891,9.375,98.2063838301891
0.009376,0.982062936463464,9.376,98.2062936463464
0.009377,0.982062040384855,9.377,98.2062040384855
0.009378,0.982061150087688,9.378,98.2061150087688
0.009379,0.9820602655934,9.379,98.20602655934
0.00938,0.982059386923237,9.38,98.2059386923237
0.009381,0.98205851409825,9.381,98.205851409825
0.009382,0.9820576471393,9.382,98.20576471393
0.009383,0.982056786067052,9.383,98.2056786067052
0.009384,0.98205593090198,9.384,98.205593090198
0.009385,0.982055081664361,9.385,98.2055081664361
0.009386,0.98205423837428,9.386,98.205423837428
0.009387,0.982053401051623,9.387,98.2053401051623
0.009388,0.982052569716086,9.388,98.2052569716086
0.009389,0.982051744387163,9.389,98.2051744387163
0.00939,0.982050925084153,9.39,98.2050925084153
0.009391,0.98205011182616,9.391,98.205011182616
0.009392,0.982049304632087,9.392,98.2049304632087
0.009393,0.982048503520641,9.393,98.2048503520641
0.009394,0.98204770851033,9.394,98.204770851033
0.009395,0.982046919619463,9.395,98.2046919619463
0.009396,0.98204613686615,9.396,98.204613686615
0.009397,0.982045360268299,9.397,98.2045360268299
0.009398,0.982044589843619,9.398,98.2044589843619
0.009399,0.982043825609619,9.399,98.2043825609619
0.0094,0.982043067583605,9.4,98.2043067583605
0.009401,0.982042315782684,9.401,98.2042315782684
0.009402,0.982041570223758,9.402,98.2041570223758
0.009403,0.982040830923528,9.403,98.2040830923528
0.009404,0.982040097898493,9.404,98.2040097898493
0.009405,0.982039371164947,9.405,98.2039371164947
0.009406,0.982038650738982,9.406,98.2038650738982
0.009407,0.982037936636485,9.407,98.2037936636485
0.009408,0.98203722887314,9.408,98.203722887314
0.009409,0.982036527464425,9.409,98.2036527464425
0.00941,0.982035832425614,9.41,98.2035832425614
0.009411,0.982035143771774,9.411,98.2035143771774
0.009412,0.982034461517768,9.412,98.2034461517768
0.009413,0.982033785678253,9.413,98.2033785678253
0.009414,0.982033116267678,9.414,98.2033116267678
0.009415,0.982032453300287,9.415,98.2032453300287
0.009416,0.982031796790116,9.416,98.2031796790116
0.009417,0.982031146750995,9.417,98.2031146750995
0.009418,0.982030503196544,9.418,98.2030503196544
0.009419,0.982029866140178,9.419,98.2029866140178
0.00942,0.982029235595101,9.42,98.2029235595101
0.009421,0.982028611574312,9.421,98.2028611574312
0.009422,0.982027994090597,9.422,98.2027994090597
0.009423,0.982027383156537,9.423,98.2027383156537
0.009424,0.982026778784501,9.424,98.2026778784501
0.009425,0.98202618098665,9.425,98.202618098665
0.009426,0.982025589774935,9.426,98.2025589774935
0.009427,0.982025005161097,9.427,98.2025005161097
0.009428,0.982024427156665,9.428,98.2024427156665
0.009429,0.98202385577296,9.429,98.202385577296
0.00943,0.982023291021092,9.43,98.2023291021092
0.009431,0.982022732911958,9.431,98.2022732911958
0.009432,0.982022181456247,9.432,98.2022181456247
0.009433,0.982021636664434,9.433,98.2021636664434
0.009434,0.982021098546785,9.434,98.2021098546785
0.009435,0.982020567113352,9.435,98.2020567113352
0.009436,0.982020042373976,9.436,98.2020042373976
0.009437,0.982019524338286,9.437,98.2019524338286
0.009438,0.9820190130157,9.438,98.20190130157
0.009439,0.982018508415421,9.439,98.2018508415421
0.00944,0.982018010546442,9.44,98.2018010546442
0.009441,0.982017519417542,9.441,98.2017519417542
0.009442,0.982017035037288,9.442,98.2017035037288
0.009443,0.982016557414034,9.443,98.2016557414034
0.009444,0.982016086555919,9.444,98.2016086555919
0.009445,0.982015622470871,9.445,98.2015622470871
0.009446,0.982015165166605,9.446,98.2015165166605
0.009447,0.982014714650621,9.447,98.2014714650621
0.009448,0.982014270930206,9.448,98.2014270930206
0.009449,0.982013834012434,9.449,98.2013834012434
0.00945,0.982013403904163,9.45,98.2013403904163
0.009451,0.982012980612043,9.451,98.2012980612043
0.009452,0.982012564142503,9.452,98.2012564142503
0.009453,0.982012154501762,9.453,98.2012154501762
0.009454,0.982011751695825,9.454,98.2011751695825
0.009455,0.982011355730483,9.455,98.2011355730483
0.009456,0.982010966611311,9.456,98.2010966611311
0.009457,0.98201058434367,9.457,98.201058434367
0.009458,0.982010208932711,9.458,98.2010208932711
0.009459,0.982009840383367,9.459,98.2009840383367
0.00946,0.982009478700356,9.46,98.2009478700356
0.009461,0.982009123888184,9.461,98.2009123888184
0.009462,0.982008775951144,9.462,98.2008775951144
0.009463,0.98200843489331,9.463,98.200843489331
0.009464,0.982008100718547,9.464,98.2008100718547
0.009465,0.982007773430503,9.465,98.2007773430503
0.009466,0.982007453032612,9.466,98.2007453032612
0.009467,0.982007139528095,9.467,98.2007139528095
0.009468,0.982006832919957,9.468,98.2006832919957
0.009469,0.98200653321099,9.469,98.200653321099
0.00947,0.982006240403773,9.47,98.2006240403773
0.009471,0.982005954500668,9.471,98.2005954500668
0.009472,0.982005675503827,9.472,98.2005675503827
0.009473,0.982005403415185,9.473,98.2005403415185
0.009474,0.982005138236464,9.474,98.2005138236464
0.009475,0.982004879969173,9.475,98.2004879969173
0.009476,0.982004628614608,9.476,98.2004628614608
0.009477,0.982004384173847,9.477,98.2004384173847
0.009478,0.982004146647761,9.478,98.2004146647761
0.009479,0.982003916037004,9.479,98.2003916037004
0.00948,0.982003692342015,9.48,98.2003692342015
0.009481,0.982003475563025,9.481,98.2003475563025
0.009482,0.982003265700048,9.482,98.2003265700048
0.009483,0.982003062752886,9.483,98.2003062752886
0.009484,0.982002866721128,9.484,98.2002866721128
0.009485,0.982002677604151,9.485,98.2002677604151
0.009486,0.982002495401121,9.486,98.2002495401121
0.009487,0.982002320110988,9.487,98.2002320110988
0.009488,0.982002151732492,9.488,98.2002151732492
0.009489,0.982001990264164,9.489,98.2001990264164
0.00949,0.982001835704316,9.49,98.2001835704316
0.009491,0.982001688051055,9.491,98.2001688051055
0.009492,0.982001547302274,9.492,98.2001547302274
0.009493,0.982001413455655,9.493,98.2001413455655
0.009494,0.982001286508669,9.494,98.2001286508669
0.009495,0.982001166458574,9.495,98.2001166458574
0.009496,0.982001053302422,9.496,98.2001053302422
0.009497,0.982000947037051,9.497,98.2000947037051
0.009498,0.98200084765909,9.498,98.200084765909
0.009499,0.982000755164958,9.499,98.2000755164958
0.0095,0.982000669550864,9.5,98.2000669550864
0.009501,0.982000590812808,9.501,98.2000590812808
0.009502,0.982000518946579,9.502,98.2000518946579
0.009503,0.982000453947761,9.503,98.2000453947761
0.009504,0.982000395811726,9.504,98.2000395811726
0.009505,0.982000344533638,9.505,98.2000344533638
0.009506,0.982000300108454,9.506,98.2000300108454
0.009507,0.982000262530923,9.507,98.2000262530923
0.009508,0.982000231795583,9.508,98.2000231795583
0.009509,0.982000207896772,9.509,98.2000207896772
0.00951,0.982000190828614,9.51,98.2000190828614
0.009511,0.982000180585029,9.511,98.2000180585029
0.009512,0.982000177159732,9.512,98.2000177159732
0.009513,0.982000180546228,9.513,98.2000180546228
0.009514,0.982000190737822,9.514,98.2000190737822
0.009515,0.982000207727609,9.515,98.2000207727609
0.009516,0.98200023150848,9.516,98.200023150848
0.009517,0.982000262073122,9.517,98.2000262073122
0.009518,0.98200029941402,9.518,98.200029941402
0.009519,0.982000343523448,9.519,98.2000343523448
0.00952,0.982000394393483,9.52,98.2000394393483
0.009521,0.982000452015997,9.521,98.2000452015997
0.009522,0.982000516382658,9.522,98.2000516382658
0.009523,0.982000587484932,9.523,98.2000587484932
0.009524,0.982000665314084,9.524,98.2000665314084
0.009525,0.982000749861174,9.525,98.2000749861174
0.009526,0.982000841117066,9.526,98.2000841117066
0.009527,0.982000939072417,9.527,98.2000939072417
0.009528,0.982001043717688,9.528,98.2001043717688
0.009529,0.982001155043138,9.529,98.2001155043138
0.00953,0.982001273038828,9.53,98.2001273038828
0.009531,0.982001397694616,9.531,98.2001397694616
0.009532,0.982001529000165,9.532,98.2001529000165
0.009533,0.982001666944938,9.533,98.2001666944938
0.009534,0.9820018115182,9.534,98.20018115182
0.009535,0.98200196270902,9.535,98.200196270902
0.009536,0.982002120506267,9.536,98.2002120506267
0.009537,0.982002284898616,9.537,98.2002284898616
0.009538,0.982002455874544,9.538,98.2002455874544
0.009539,0.982002633422336,9.539,98.2002633422336
0.00954,0.982002817530078,9.54,98.2002817530078
0.009541,0.982003008185661,9.541,98.2003008185661
0.009542,0.982003205376785,9.542,98.2003205376785
0.009543,0.982003409090955,9.543,98.2003409090955
0.009544,0.982003619315482,9.544,98.2003619315482
0.009545,0.982003836037485,9.545,98.2003836037485
0.009546,0.982004059243891,9.546,98.2004059243891
0.009547,0.982004288921435,9.547,98.2004288921435
0.009548,0.982004525056662,9.548,98.2004525056662
0.009549,0.982004767635923,9.549,98.2004767635923
0.00955,0.982005016645384,9.55,98.2005016645384
0.009551,0.982005272071019,9.551,98.2005272071019
0.009552,0.98200553389861,9.552,98.200553389861
0.009553,0.982005802113757,9.553,98.2005802113757
0.009554,0.982006076701867,9.554,98.2006076701867
0.009555,0.982006357648161,9.555,98.2006357648161
0.009556,0.982006644937675,9.556,98.2006644937675
0.009557,0.982006938555258,9.557,98.2006938555258
0.009558,0.982007238485572,9.558,98.2007238485572
0.009559,0.982007544713095,9.559,98.2007544713095
0.00956,0.982007857222122,9.56,98.2007857222122
0.009561,0.982008175996761,9.561,98.2008175996761
0.009562,0.98200850102094,9.562,98.200850102094
0.009563,0.982008832278404,9.563,98.2008832278404
0.009564,0.982009169752714,9.564,98.2009169752714
0.009565,0.982009513427251,9.565,98.2009513427251
0.009566,0.982009863285215,9.566,98.2009863285215
0.009567,0.982010219309628,9.567,98.2010219309628
0.009568,0.982010581483327,9.568,98.2010581483327
0.009569,0.982010949788977,9.569,98.2010949788977
0.00957,0.98201132420906,9.57,98.201132420906
0.009571,0.982011704725882,9.571,98.2011704725882
0.009572,0.982012091321572,9.572,98.2012091321572
0.009573,0.982012483978084,9.573,98.2012483978084
0.009574,0.982012882677195,9.574,98.2012882677195
0.009575,0.982013287400507,9.575,98.2013287400507
0.009576,0.982013698129449,9.576,98.2013698129449
0.009577,0.982014114845275,9.577,98.2014114845275
0.009578,0.982014537529066,9.578,98.2014537529066
0.009579,0.982014966161733,9.579,98.2014966161733
0.00958,0.982015400724014,9.58,98.2015400724014
0.009581,0.982015841196477,9.581,98.2015841196477
0.009582,0.982016287559518,9.582,98.2016287559518
0.009583,0.982016739793365,9.583,98.2016739793365
0.009584,0.982017197878077,9.584,98.2017197878077
0.009585,0.982017661793546,9.585,98.2017661793546
0.009586,0.982018131519496,9.586,98.2018131519496
0.009587,0.982018607035485,9.587,98.2018607035485
0.009588,0.982019088320904,9.588,98.2019088320904
0.009589,0.98201957535498,9.589,98.201957535498
0.00959,0.982020068116775,9.59,98.2020068116775
0.009591,0.982020566585189,9.591,98.2020566585189
0.009592,0.982021070738957,9.592,98.2021070738957
0.009593,0.982021580556653,9.593,98.2021580556653
0.009594,0.982022096016691,9.594,98.2022096016691
0.009595,0.982022617097322,9.595,98.2022617097322
0.009596,0.982023143776639,9.596,98.2023143776639
0.009597,0.982023676032575,9.597,98.2023676032575
0.009598,0.982024213842905,9.598,98.2024213842905
0.009599,0.982024757185248,9.599,98.2024757185248
0.0096,0.982025306037065,9.6,98.2025306037065
0.009601,0.98202586037566,9.601,98.202586037566
0.009602,0.982026420178184,9.602,98.2026420178184
0.009603,0.982026985421633,9.603,98.2026985421633
0.009604,0.98202755608285,9.604,98.202755608285
0.009605,0.982028132138524,9.605,98.2028132138524
0.009606,0.982028713565193,9.606,98.2028713565193
0.009607,0.982029300339244,9.607,98.2029300339244
0.009608,0.982029892436914,9.608,98.2029892436914
0.009609,0.982030489834291,9.609,98.2030489834291
0.00961,0.982031092507313,9.61,98.2031092507313
0.009611,0.98203170043177,9.611,98.203170043177
0.009612,0.982032313583308,9.612,98.2032313583308
0.009613,0.982032931937424,9.613,98.2032931937424
0.009614,0.98203355546947,9.614,98.203355546947
0.009615,0.982034184154657,9.615,98.2034184154657
0.009616,0.982034817968047,9.616,98.2034817968047
0.009617,0.982035456884565,9.617,98.2035456884565
0.009618,0.982036100878989,9.618,98.2036100878989
0.009619,0.982036749925961,9.619,98.2036749925961
0.00962,0.982037403999978,9.62,98.2037403999978
0.009621,0.982038063075401,9.621,98.2038063075401
0.009622,0.982038727126453,9.622,98.2038727126453
0.009623,0.982039396127217,9.623,98.2039396127217
0.009624,0.982040070051642,9.624,98.2040070051642
0.009625,0.982040748873539,9.625,98.2040748873539
0.009626,0.982041432566587,9.626,98.2041432566587
0.009627,0.982042121104328,9.627,98.2042121104328
0.009628,0.982042814460172,9.628,98.2042814460172
0.009629,0.9820435126074,9.629,98.20435126074
0.00963,0.982044215519156,9.63,98.2044215519156
0.009631,0.982044923168458,9.631,98.2044923168458
0.009632,0.982045635528194,9.632,98.2045635528194
0.009633,0.982046352571123,9.633,98.2046352571123
0.009634,0.982047074269875,9.634,98.2047074269875
0.009635,0.982047800596956,9.635,98.2047800596956
0.009636,0.982048531524745,9.636,98.2048531524745
0.009637,0.982049267025495,9.637,98.2049267025495
0.009638,0.982050007071336,9.638,98.2050007071336
0.009639,0.982050751634277,9.639,98.2050751634277
0.00964,0.982051500686204,9.64,98.2051500686204
0.009641,0.98205225419888,9.641,98.205225419888
0.009642,0.982053012143948,9.642,98.2053012143948
0.009643,0.982053774492936,9.643,98.2053774492936
0.009644,0.982054541217248,9.644,98.2054541217248
0.009645,0.982055312288175,9.645,98.2055312288175
0.009646,0.982056087676891,9.646,98.2056087676891
0.009647,0.982056867354452,9.647,98.2056867354452
0.009648,0.982057651291802,9.648,98.2057651291802
0.009649,0.982058439459773,9.649,98.2058439459773
0.00965,0.982059231829081,9.65,98.2059231829081
0.009651,0.982060028370333,9.651,98.2060028370333
0.009652,0.982060829054022,9.652,98.2060829054022
0.009653,0.982061633850537,9.653,98.2061633850537
0.009654,0.982062442730155,9.654,98.2062442730155
0.009655,0.982063255663045,9.655,98.2063255663045
0.009656,0.98206407261927,9.656,98.206407261927
0.009657,0.98206489356879,9.657,98.206489356879
0.009658,0.982065718481455,9.658,98.2065718481455
0.009659,0.982066547327017,9.659,98.2066547327017
0.00966,0.982067380075121,9.66,98.2067380075121
0.009661,0.982068216695313,9.661,98.2068216695313
0.009662,0.982069057157037,9.662,98.2069057157037
0.009663,0.98206990142964,9.663,98.206990142964
0.009664,0.982070749482365,9.664,98.2070749482365
0.009665,0.982071601284363,9.665,98.2071601284363
0.009666,0.982072456804684,9.666,98.2072456804684
0.009667,0.982073316012286,9.667,98.2073316012286
0.009668,0.982074178876031,9.668,98.2074178876031
0.009669,0.982075045364685,9.669,98.2075045364685
0.00967,0.982075915446926,9.67,98.2075915446926
0.009671,0.982076789091336,9.671,98.2076789091336
0.009672,0.98207766626641,9.672,98.207766626641
0.009673,0.982078546940551,9.673,98.2078546940551
0.009674,0.982079431082077,9.674,98.2079431082077
0.009675,0.982080318659213,9.675,98.2080318659213
0.009676,0.982081209640103,9.676,98.2081209640103
0.009677,0.982082103992802,9.677,98.2082103992802
0.009678,0.982083001685284,9.678,98.2083001685284
0.009679,0.982083902685434,9.679,98.2083902685434
0.00968,0.982084806961062,9.68,98.2084806961062
0.009681,0.982085714479893,9.681,98.2085714479893
0.009682,0.98208662520957,9.682,98.208662520957
0.009683,0.98208753911766,9.683,98.208753911766
0.009684,0.982088456171651,9.684,98.2088456171651
0.009685,0.982089376338954,9.685,98.2089376338954
0.009686,0.982090299586903,9.686,98.2090299586903
0.009687,0.982091225882759,9.687,98.2091225882759
0.009688,0.982092155193707,9.688,98.2092155193707
0.009689,0.98209308748686,9.689,98.209308748686
0.00969,0.98209402272926,9.69,98.209402272926
0.009691,0.982094960887878,9.691,98.2094960887878
0.009692,0.982095901929615,9.692,98.2095901929615
0.009693,0.982096845821302,9.693,98.2096845821302
0.009694,0.982097792529705,9.694,98.2097792529705
0.009695,0.982098742021523,9.695,98.2098742021523
0.009696,0.982099694263388,9.696,98.2099694263388
0.009697,0.982100649221869,9.697,98.2100649221869
0.009698,0.982101606863472,9.698,98.2101606863472
0.009699,0.98210256715464,9.699,98.210256715464
0.0097,0.982103530061754,9.7,98.2103530061754
0.009701,0.982104495551137,9.701,98.2104495551137
0.009702,0.982105463589052,9.702,98.2105463589052
0.009703,0.982106434141703,9.703,98.2106434141703
0.009704,0.98210740717524,9.704,98.210740717524
0.009705,0.982108382655755,9.705,98.2108382655755
0.009706,0.982109360549286,9.706,98.2109360549286
0.009707,0.982110340821817,9.707,98.2110340821817
0.009708,0.982111323439279,9.708,98.2111323439279
0.009709,0.982112308367553,9.709,98.2112308367553
0.00971,0.982113295572471,9.71,98.2113295572471
0.009711,0.98211428501981,9.711,98.211428501981
0.009712,0.982115276675306,9.712,98.2115276675306
0.009713,0.982116270504642,9.713,98.2116270504642
0.009714,0.982117266473457,9.714,98.2117266473457
0.009715,0.982118264547347,9.715,98.2118264547347
0.009716,0.982119264691863,9.716,98.2119264691863
0.009717,0.982120266872511,9.717,98.2120266872511
0.009718,0.982121271054759,9.718,98.2121271054759
0.009719,0.982122277204031,9.719,98.2122277204031
0.00972,0.982123285285715,9.72,98.2123285285715
0.009721,0.982124295265155,9.721,98.2124295265155
0.009722,0.982125307107665,9.722,98.2125307107665
0.009723,0.982126320778518,9.723,98.2126320778518
0.009724,0.982127336242953,9.724,98.2127336242953
0.009725,0.982128353466173,9.725,98.2128353466173
0.009726,0.982129372413353,9.726,98.2129372413353
0.009727,0.982130393049632,9.727,98.2130393049632
0.009728,0.982131415340119,9.728,98.2131415340119
0.009729,0.982132439249893,9.729,98.2132439249893
0.00973,0.982133464744006,9.73,98.2133464744006
0.009731,0.982134491787481,9.731,98.2134491787481
0.009732,0.982135520345317,9.732,98.2135520345317
0.009733,0.982136550382483,9.733,98.2136550382483
0.009734,0.982137581863928,9.734,98.2137581863928
0.009735,0.982138614754577,9.735,98.2138614754577
0.009736,0.982139649019332,9.736,98.2139649019332
0.009737,0.982140684623076,9.737,98.2140684623076
0.009738,0.982141721530668,9.738,98.2141721530668
0.009739,0.982142759706953,9.739,98.2142759706953
0.00974,0.982143799116755,9.74,98.2143799116755
0.009741,0.982144839724884,9.741,98.2144839724884
0.009742,0.982145881496134,9.742,98.2145881496134
0.009743,0.982146924395283,9.743,98.2146924395283
0.009744,0.982147968387095,9.744,98.2147968387095
0.009745,0.982149013436327,9.745,98.2149013436327
0.009746,0.982150059507718,9.746,98.2150059507718
0.009747,0.982151106566003,9.747,98.2151106566003
0.009748,0.982152154575904,9.748,98.2152154575904
0.009749,0.982153203502137,9.749,98.2153203502137
0.00975,0.982154253309412,9.75,98.2154253309412
0.009751,0.982155303962431,9.751,98.2155303962431
0.009752,0.982156355425894,9.752,98.2156355425894
0.009753,0.982157407664495,9.753,98.2157407664495
0.009754,0.982158460642927,9.754,98.2158460642927
0.009755,0.982159514325883,9.755,98.2159514325883
0.009756,0.982160568678053,9.756,98.2160568678053
0.009757,0.982161623664131,9.757,98.2161623664131
0.009758,0.98216267924881,9.758,98.216267924881
0.009759,0.982163735396788,9.759,98.2163735396788
0.00976,0.982164792072767,9.76,98.2164792072767
0.009761,0.982165849241453,9.761,98.2165849241453
0.009762,0.982166906867559,9.762,98.2166906867559
0.009763,0.982167964915806,9.763,98.2167964915806
0.009764,0.982169023350924,9.764,98.2169023350924
0.009765,0.98217008213765,9.765,98.217008213765
0.009766,0.982171141240733,9.766,98.2171141240733
0.009767,0.982172200624936,9.767,98.2172200624936
0.009768,0.982173260255031,9.768,98.2173260255031
0.009769,0.982174320095806,9.769,98.2174320095806
0.00977,0.982175380112064,9.77,98.2175380112064
0.009771,0.982176440268623,9.771,98.2176440268623
0.009772,0.982177500530318,9.772,98.2177500530318
0.009773,0.982178560862005,9.773,98.2178560862005
0.009774,0.982179621228556,9.774,98.2179621228556
0.009775,0.982180681594864,9.775,98.2180681594864
0.009776,0.982181741925844,9.776,98.2181741925844
0.009777,0.982182802186433,9.777,98.2182802186433
0.009778,0.982183862341593,9.778,98.2183862341593
0.009779,0.982184922356308,9.779,98.2184922356308
0.00978,0.982185982195589,9.78,98.2185982195589
0.009781,0.982187041824474,9.781,98.2187041824474
0.009782,0.982188101208029,9.782,98.2188101208029
0.009783,0.982189160311346,9.783,98.2189160311346
0.009784,0.982190219099552,9.784,98.2190219099552
0.009785,0.9821912775378,9.785,98.21912775378
0.009786,0.98219233559128,9.786,98.219233559128
0.009787,0.982193393225207,9.787,98.2193393225207
0.009788,0.982194450404839,9.788,98.2194450404839
0.009789,0.982195507095464,9.789,98.2195507095464
0.00979,0.982196563262409,9.79,98.2196563262409
0.009791,0.982197618871033,9.791,98.2197618871033
0.009792,0.982198673886741,9.792,98.2198673886741
0.009793,0.982199728274971,9.793,98.2199728274971
0.009794,0.982200782001204,9.794,98.2200782001204
0.009795,0.982201835030961,9.795,98.2201835030961
0.009796,0.982202887329809,9.796,98.2202887329809
0.009797,0.982203938863355,9.797,98.2203938863355
0.009798,0.982204989597249,9.798,98.2204989597249
0.009799,0.982206039497191,9.799,98.2206039497191
0.0098,0.982207088528926,9.8,98.2207088528926
0.009801,0.982208136658244,9.801,98.2208136658244
0.009802,0.982209183850988,9.802,98.2209183850988
0.009803,0.982210230073046,9.803,98.2210230073046
0.009804,0.98221127529036,9.804,98.221127529036
0.009805,0.982212319468922,9.805,98.2212319468922
0.009806,0.982213362574779,9.806,98.2213362574779
0.009807,0.982214404574027,9.807,98.2214404574027
0.009808,0.982215445432822,9.808,98.2215445432822
0.009809,0.982216485117372,9.809,98.2216485117372
0.00981,0.982217523593944,9.81,98.2217523593944
0.009811,0.98221856082886,9.811,98.221856082886
0.009812,0.982219596788504,9.812,98.2219596788504
0.009813,0.982220631439319,9.813,98.2220631439319
0.009814,0.982221664747805,9.814,98.2221664747805
0.009815,0.982222696680529,9.815,98.2222696680529
0.009816,0.982223727204118,9.816,98.2223727204118
0.009817,0.982224756285261,9.817,98.2224756285261
0.009818,0.982225783890716,9.818,98.2225783890716
0.009819,0.982226809987303,9.819,98.2226809987303
0.00982,0.982227834541911,9.82,98.2227834541911
0.009821,0.982228857521495,9.821,98.2228857521495
0.009822,0.98222987889308,9.822,98.222987889308
0.009823,0.982230898623758,9.823,98.2230898623758
0.009824,0.982231916680693,9.824,98.2231916680693
0.009825,0.982232933031123,9.825,98.2232933031123
0.009826,0.982233947642356,9.826,98.2233947642356
0.009827,0.982234960481771,9.827,98.2234960481771
0.009828,0.982235971516827,9.828,98.2235971516827
0.009829,0.982236980715054,9.829,98.2236980715054
0.00983,0.98223798804406,9.83,98.223798804406
0.009831,0.98223899347153,9.831,98.223899347153
0.009832,0.982239996965227,9.832,98.2239996965227
0.009833,0.982240998492994,9.833,98.2240998492994
0.009834,0.982241998022752,9.834,98.2241998022752
0.009835,0.982242995522506,9.835,98.2242995522506
0.009836,0.982243990960341,9.836,98.2243990960341
0.009837,0.982244984304425,9.837,98.2244984304425
0.009838,0.98224597552301,9.838,98.224597552301
0.009839,0.982246964584432,9.839,98.2246964584432
0.00984,0.982247951457116,9.84,98.2247951457116
0.009841,0.982248936109568,9.841,98.2248936109568
0.009842,0.982249918510387,9.842,98.2249918510387
0.009843,0.982250898628258,9.843,98.2250898628258
0.009844,0.982251876431954,9.844,98.2251876431954
0.009845,0.98225285189034,9.845,98.225285189034
0.009846,0.982253824972372,9.846,98.2253824972372
0.009847,0.982254795647099,9.847,98.2254795647099
0.009848,0.98225576388366,9.848,98.225576388366
0.009849,0.982256729651289,9.849,98.2256729651289
0.00985,0.982257692919318,9.85,98.2257692919318
0.009851,0.98225865365717,9.851,98.225865365717
0.009852,0.982259611834366,9.852,98.2259611834366
0.009853,0.982260567420526,9.853,98.2260567420526
0.009854,0.982261520385367,9.854,98.2261520385367
0.009855,0.982262470698704,9.855,98.2262470698704
0.009856,0.982263418330454,9.856,98.2263418330454
0.009857,0.982264363250634,9.857,98.2264363250634
0.009858,0.982265305429362,9.858,98.2265305429362
0.009859,0.98226624483686,9.859,98.226624483686
0.00986,0.982267181443452,9.86,98.2267181443452
0.009861,0.982268115219568,9.861,98.2268115219568
0.009862,0.98226904613574,9.862,98.226904613574
0.009863,0.982269974162611,9.863,98.2269974162611
0.009864,0.982270899270926,9.864,98.2270899270926
0.009865,0.982271821431539,9.865,98.2271821431539
0.009866,0.982272740615414,9.866,98.2272740615414
0.009867,0.982273656793622,9.867,98.2273656793622
0.009868,0.982274569937348,9.868,98.2274569937348
0.009869,0.982275480017883,9.869,98.2275480017883
0.00987,0.982276387006632,9.87,98.2276387006632
0.009871,0.982277290875115,9.871,98.2277290875115
0.009872,0.982278191594961,9.872,98.2278191594961
0.009873,0.982279089137915,9.873,98.2279089137915
0.009874,0.982279983475838,9.874,98.2279983475838
0.009875,0.982280874580706,9.875,98.2280874580706
0.009876,0.982281762424613,9.876,98.2281762424613
0.009877,0.982282646979765,9.877,98.2282646979765
0.009878,0.982283528218494,9.878,98.2283528218494
0.009879,0.982284406113245,9.879,98.2284406113245
0.00988,0.982285280636585,9.88,98.2285280636585
0.009881,0.982286151761201,9.881,98.2286151761201
0.009882,0.982287019459902,9.882,98.2287019459902
0.009883,0.982287883705618,9.883,98.2287883705618
0.009884,0.982288744471402,9.884,98.2288744471402
0.009885,0.982289601730431,9.885,98.2289601730431
0.009886,0.982290455456006,9.886,98.2290455456006
0.009887,0.982291305621553,9.887,98.2291305621553
0.009888,0.982292152200624,9.888,98.2292152200624
0.009889,0.982292995166896,9.889,98.2292995166896
0.00989,0.982293834494175,9.89,98.2293834494175
0.009891,0.982294670156395,9.891,98.2294670156395
0.009892,0.982295502127618,9.892,98.2295502127618
0.009893,0.982296330382034,9.893,98.2296330382034
0.009894,0.982297154893967,9.894,98.2297154893967
0.009895,0.982297975637867,9.895,98.2297975637867
0.009896,0.982298792588319,9.896,98.2298792588319
0.009897,0.982299605720039,9.897,98.2299605720039
0.009898,0.982300415007877,9.898,98.2300415007877
0.009899,0.982301220426814,9.899,98.2301220426814
0.0099,0.982302021951969,9.9,98.2302021951969
0.009901,0.982302819558592,9.901,98.2302819558592
0.009902,0.982303613222073,9.902,98.2303613222073
0.009903,0.982304402917934,9.903,98.2304402917934
0.009904,0.982305188621837,9.904,98.2305188621837
0.009905,0.98230597030958,9.905,98.230597030958
0.009906,0.982306747957102,9.906,98.2306747957102
0.009907,0.982307521540476,9.907,98.2307521540476
0.009908,0.982308291035921,9.908,98.2308291035921
0.009909,0.982309056419792,9.909,98.2309056419792
0.00991,0.982309817668585,9.91,98.2309817668585
0.009911,0.98231057475894,9.911,98.231057475894
0.009912,0.982311327667637,9.912,98.2311327667637
0.009913,0.9823120763716,9.913,98.23120763716
0.009914,0.982312820847895,9.914,98.2312820847895
0.009915,0.982313561073736,9.915,98.2313561073736
0.009916,0.982314297026476,9.916,98.2314297026476
0.009917,0.982315028683618,9.917,98.2315028683618
0.009918,0.982315756022809,9.918,98.2315756022809
0.009919,0.982316479021842,9.919,98.2316479021842
0.00992,0.982317197658658,9.92,98.2317197658658
0.009921,0.982317911911346,9.921,98.2317911911346
0.009922,0.982318621758142,9.922,98.2318621758142
0.009923,0.982319327177432,9.923,98.2319327177432
0.009924,0.982320028147752,9.924,98.2320028147752
0.009925,0.982320724647785,9.925,98.2320724647785
0.009926,0.982321416656368,9.926,98.2321416656368
0.009927,0.982322104152487,9.927,98.2322104152487
0.009928,0.982322787115282,9.928,98.2322787115282
0.009929,0.982323465524043,9.929,98.2323465524043
0.00993,0.982324139358212,9.93,98.2324139358212
0.009931,0.982324808597388,9.931,98.2324808597388
0.009932,0.98232547322132,9.932,98.232547322132
0.009933,0.982326133209913,9.933,98.2326133209913
0.009934,0.982326788543228,9.934,98.2326788543228
0.009935,0.98232743920148,9.935,98.232743920148
0.009936,0.982328085165041,9.936,98.2328085165041
0.009937,0.982328726414437,9.937,98.2328726414437
0.009938,0.982329362930354,9.938,98.2329362930354
0.009939,0.982329994693634,9.939,98.2329994693634
0.00994,0.982330621685276,9.94,98.2330621685276
0.009941,0.982331243886441,9.941,98.2331243886441
0.009942,0.982331861278443,9.942,98.2331861278443
0.009943,0.982332473842763,9.943,98.2332473842763
0.009944,0.982333081561034,9.944,98.2333081561034
0.009945,0.982333684415055,9.945,98.2333684415055
0.009946,0.982334282386784,9.946,98.2334282386784
0.009947,0.982334875458339,9.947,98.2334875458339
0.009948,0.982335463612002,9.948,98.2335463612002
0.009949,0.982336046830215,9.949,98.2336046830215
0.00995,0.982336625095584,9.95,98.2336625095584
0.009951,0.982337198390879,9.951,98.2337198390879
0.009952,0.982337766699029,9.952,98.2337766699029
0.009953,0.982338330003134,9.953,98.2338330003134
0.009954,0.982338888286451,9.954,98.2338888286451
0.009955,0.982339441532406,9.955,98.2339441532406
0.009956,0.98233998972459,9.956,98.233998972459
0.009957,0.982340532846758,9.957,98.2340532846758
0.009958,0.982341070882832,9.958,98.2341070882832
0.009959,0.9823416038169,9.959,98.23416038169
0.00996,0.982342131633217,9.96,98.2342131633217
0.009961,0.982342654316204,9.961,98.2342654316204
0.009962,0.982343171850451,9.962,98.2343171850451
0.009963,0.982343684220715,9.963,98.2343684220715
0.009964,0.982344191411921,9.964,98.2344191411921
0.009965,0.982344693409163,9.965,98.2344693409163
0.009966,0.982345190197705,9.966,98.2345190197705
0.009967,0.98234568176298,9.967,98.234568176298
0.009968,0.982346168090587,9.968,98.2346168090587
0.009969,0.9823466491663,9.969,98.23466491663
0.00997,0.982347124976061,9.97,98.2347124976061
0.009971,0.982347595505981,9.971,98.2347595505981
0.009972,0.982348060742346,9.972,98.2348060742346
0.009973,0.982348520671611,9.973,98.2348520671611
0.009974,0.982348975280402,9.974,98.2348975280402
0.009975,0.982349424555517,9.975,98.2349424555517
0.009976,0.982349868483927,9.976,98.2349868483927
0.009977,0.982350307052776,9.977,98.2350307052776
0.009978,0.98235074024938,9.978,98.235074024938
0.009979,0.982351168061227,9.979,98.2351168061227
0.00998,0.982351590475981,9.98,98.2351590475981
0.009981,0.982352007481478,9.981,98.2352007481478
0.009982,0.982352419065727,9.982,98.2352419065727
0.009983,0.982352825216913,9.983,98.2352825216913
0.009984,0.982353225923394,9.984,98.2353225923394
0.009985,0.982353621173705,9.985,98.2353621173705
0.009986,0.982354010956552,9.986,98.2354010956552
0.009987,0.982354395260819,9.987,98.2354395260819
0.009988,0.982354774075566,9.988,98.2354774075566
0.009989,0.982355147390027,9.989,98.2355147390027
0.00999,0.982355515193612,9.99,98.2355515193612
0.009991,0.982355877475906,9.991,98.2355877475906
0.009992,0.982356234226674,9.992,98.2356234226674
0.009993,0.982356585435853,9.993,98.2356585435853
0.009994,0.98235693109356,9.994,98.235693109356
0.009995,0.982357271190087,9.995,98.2357271190087
0.009996,0.982357605715906,9.996,98.2357605715906
0.009997,0.982357934661661,9.997,98.2357934661661
0.009998,0.982358258018178,9.998,98.2358258018178
0.009999,0.98235857577646,9.999,98.235857577646
