yb_wl_corr,er_no_synchr,er_wl_corr,er_synch,yb_synch,yb_no_synch,yb_wl,er_wl,,
961.058485590507,-200.621059328283,1399.7776152158,-200.824382798734,-197.406524520973,-197.153601841972,970.050857035223,1426.48134601317,,
961.123418277688,-200.444279556075,1399.92413688662,-200.820046758772,-197.299014312854,-196.873900690226,970.107320241468,1426.60344740552,,
961.188358524311,-200.316511621377,1400.070683643,-200.827500440155,-197.341452840008,-197.051844128654,970.16379002114,1426.7255697025,,
961.253306331695,-200.437683179523,1400.21725549135,-200.818225946762,-197.390708883555,-197.103190274288,970.220266375387,1426.84771290946,,
961.318261701161,-200.619663159507,1400.36385243815,-200.828247210451,-197.308339455165,-196.908994440298,970.276749305357,1426.96987703179,,
961.383224634029,-200.564756433508,1400.51047448982,-200.819140651419,-197.335401904165,-197.026348959312,970.333238812199,1427.09206207485,,
961.448195131622,-200.364416951946,1400.65712165281,-200.826276310507,-197.382061328736,-197.100573839571,970.389734897062,1427.21426804401,,
961.513173195258,-200.340188668677,1400.8037939336,-200.822365390048,-197.327963915281,-196.941712867431,970.446237561094,1427.33649494467,,
961.578158826261,-200.530224356994,1400.95049133862,-200.8227330296,-197.302512802654,-196.96190571336,970.502746805444,1427.45874278218,,
961.643152025953,-200.633235790457,1401.09721387433,-200.826213093368,-197.416010728397,-197.176828300019,970.559262631263,1427.58101156194,,
961.708152795656,-200.477882293869,1401.2439615472,-200.819621023851,-197.291850048855,-196.866717441043,970.615785039701,1427.70330128933,,
961.773161136693,-200.320365823468,1401.39073436366,-200.828655148116,-197.338593167057,-197.039121189075,970.672314031907,1427.82561196972,,
961.838177050387,-200.408315680572,1401.53753233021,-200.818704812953,-197.368762828214,-197.07742023253,970.728849609032,1427.94794360851,,
961.90320053806,-200.606131325677,1401.68435545328,-200.828429665966,-197.34112075406,-196.978376840193,970.785391772226,1428.07029621107,,
961.968231601037,-200.592718394,1401.83120373937,-200.820554995602,-197.290144286295,-196.920086182485,970.841940522641,1428.19266978281,,
962.033270240642,-200.390326116073,1401.97807719493,-200.825729563265,-197.400481612339,-197.173675833417,970.898495861428,1428.31506432911,,
962.098316458198,-200.326228385328,1402.12497582644,-200.824246297039,-197.322974828923,-196.917606820586,970.955057789737,1428.43747985537,,
962.163370255029,-200.500247696067,1402.27189964036,-200.82209065038,-197.296265400559,-196.955675504618,971.011626308721,1428.55991636697,,
962.228431632462,-200.638874750414,1402.4188486432,-200.827861175345,-197.393008303154,-197.135942214256,971.068201419532,1428.68237386933,,
962.29350059182,-200.512664894977,1402.56582284138,-200.819549901493,-197.322811181919,-196.948677312302,971.124783123322,1428.80485236782,,
962.358577134431,-200.330787377231,1402.71282224143,-200.829526042586,-197.308236017343,-196.946927899678,971.181371421244,1428.92735186786,,
962.423661261618,-200.380889300317,1402.85984684982,-200.819545969364,-197.356403473275,-197.091143198966,971.23796631445,1429.04987237485,,
962.488752974708,-200.58637903353,1403.00689667303,-200.828421519997,-197.369812006946,-197.033861682589,971.294567804094,1429.17241389419,,
962.553852275027,-200.616608876758,1403.15397171755,-200.822156257943,-197.260755758062,-196.848808760175,971.351175891328,1429.29497643129,,
962.618959163903,-200.420946602991,1403.30107198987,-200.825217525501,-197.390753595377,-197.175001331578,971.407790577307,1429.41755999156,,
962.684073642662,-200.318108755563,1403.44819749647,-200.826065745033,-197.337629672517,-196.9609534699,971.464411863184,1429.54016458039,,
962.749195712631,-200.468222022598,1403.59534824386,-200.82170113931,-197.295415304398,-196.933266236583,971.521039750114,1429.66279020322,,
962.814325375138,-200.637356941749,1403.74252423853,-200.829273017024,-197.345345283668,-197.053072317693,971.57767423925,1429.78543686544,,
962.87946263151,-200.547373234116,1403.88972548698,-200.819813452746,-197.371691068216,-197.079080082339,971.634315331748,1429.90810457248,,
962.944607483078,-200.347924503862,1404.0369519957,-200.830155912457,-197.282392263558,-196.857452912641,971.690963028763,1430.03079332975,,
963.009759931167,-200.356657786554,1404.1842037712,-200.820623768861,-197.331677464273,-197.068048999467,971.747617331449,1430.15350314267,,
963.074919977108,-200.560901784142,1404.33148081999,-200.828328707633,-197.389412089275,-197.09328551605,971.804278240963,1430.27623401666,,
963.140087622228,-200.635118926828,1404.47878314858,-200.823779668498,-197.268559330718,-196.847123235486,971.860945758459,1430.39898595715,,
963.205262867859,-200.455513709131,1404.62611076347,-200.824833884263,-197.340698296537,-197.068363244893,971.917619885095,1430.52175896956,,
963.27044571533,-200.316654273231,1404.77346367117,-200.827705050308,-197.361359473935,-197.057011490175,971.974300622026,1430.64455305931,,
963.335636165971,-200.435412300193,1404.9208418782,-200.821576905728,-197.314988424839,-196.940802950648,972.030987970409,1430.76736823183,,
963.40083422111,-200.628241008309,1405.06824539106,-200.830431028673,-197.284037117534,-196.926811231223,972.0876819314,1430.89020449255,,
963.466039882082,-200.580546109147,1405.2156742163,-200.820322337694,-197.398589194337,-197.183052001003,972.144382506158,1431.01306184692,,
963.531253150215,-200.371755715415,1405.36312836042,-200.83062275449,-197.298009456155,-196.867281921044,972.201089695839,1431.13594030035,,
963.596474026841,-200.336940375239,1405.51060782994,-200.821786711594,-197.291324234841,-196.971127333753,972.257803501601,1431.25883985828,,
963.661702513291,-200.530464076067,1405.65811263139,-200.828264745633,-197.376550010535,-197.113285565291,972.314523924601,1431.38176052616,,
963.726938610899,-200.646937003398,1405.8056427713,-200.825287341742,-197.321587967235,-196.952930356096,972.371250965999,1431.50470230942,,
963.792182320995,-200.492984055176,1405.9531982562,-200.824650866755,-197.283577277223,-196.91146109451,972.427984626952,1431.6276652135,,
963.857433644913,-200.322616179682,1406.10077909262,-200.829108105315,-197.347416224224,-197.087447394674,972.48472490862,1431.75064924385,,
963.922692583984,-200.403279827451,1406.24838528709,-200.821700782473,-197.365409346139,-197.04478332683,972.54147181216,1431.87365440591,,
963.987959139543,-200.611334913479,1406.39601684616,-200.831383247921,-197.247269062464,-196.815539213878,972.598225338733,1431.99668070513,,
964.053233312924,-200.610503949806,1406.54367377634,-200.820976465353,-197.36193086281,-197.145316011841,972.654985489499,1432.11972814695,,
964.118515105459,-200.402017529004,1406.69135608421,-200.83104448517,-197.346421833755,-196.995594183046,972.711752265616,1432.24279673684,,
964.183804518482,-200.323110437921,1406.83906377628,-200.822906084923,-197.28413781485,-196.905580832981,972.768525668245,1432.36588648023,,
964.249101553329,-200.496147592106,1406.98679685911,-200.828348423487,-197.30769390479,-196.995769982595,972.825305698547,1432.48899738259,,
964.314406211333,-200.650819177943,1407.13455533923,-200.826591271116,-197.378020369645,-197.121524502182,972.882092357681,1432.61212944936,,
964.379718493831,-200.531968472244,1407.28233922322,-200.824724527182,-197.287446681888,-196.867158328839,972.938885646809,1432.73528268602,,
964.445038402156,-200.336614023706,1407.43014851761,-200.830273056962,-197.280353173479,-196.956099601922,972.995685567092,1432.85845709801,,
964.510365937646,-200.373493891049,1407.57798322897,-200.822041669509,-197.391226462371,-197.160620555834,973.052492119692,1432.98165269081,,
964.575701101636,-200.586785174768,1407.72584336384,-200.832212272145,-197.287076344153,-196.864445481228,973.10930530577,1433.10486946987,,
964.641043895462,-200.635366014553,1407.87372892879,-200.821681576149,-197.288818641036,-196.964480249637,973.166125126488,1433.22810744066,,
964.706394320461,-200.438108815187,1408.02163993038,-200.831543528455,-197.343538224947,-197.065483990769,973.222951583009,1433.35136660865,,
964.771752377968,-200.316561810239,1408.16957637516,-200.823879319189,-197.349685565386,-197.026131170734,973.279784676494,1433.4746469793,,
964.837118069324,-200.459398399531,1408.31753826971,-200.82868170767,-197.244615597855,-196.818006758134,973.336624408108,1433.59794855809,,
964.902491395864,-200.645696422311,1408.4655256206,-200.827634641841,-197.3458936751,-197.123023294242,973.393470779012,1433.7212713505,,
964.967872358926,-200.570671528598,1408.61353843439,-200.825093051007,-197.357017388371,-197.027597320754,973.45032379037,1433.84461536199,,
965.033260959848,-200.359044717279,1408.76157671766,-200.83121465377,-197.25274244025,-196.835851302132,973.507183443346,1433.96798059805,,
965.09865719997,-200.347927274308,1408.90964047697,-200.822566891649,-197.320921455326,-197.056067304483,973.564049739104,1434.09136706414,,
965.164061080629,-200.555179175112,1409.05772971891,-200.832992657183,-197.352000016508,-197.053156672853,973.620922678808,1434.21477476576,,
965.229472603166,-200.653111992001,1409.20584445007,-200.82236085003,-197.299465361434,-196.918669746431,973.677802263622,1434.33820370839,,
965.294891768917,-200.478974654031,1409.35398467701,-200.832216496512,-197.254507579604,-196.888903162757,973.73468849471,1434.46165389751,,
965.360318579225,-200.31864319734,1409.50215040632,-200.824627051328,-197.386185949936,-197.18684395849,973.791581373239,1434.5851253386,,
965.425753035429,-200.422064971181,1409.65034164459,-200.829342479561,-197.2961847927,-196.875753413035,973.848480900373,1434.70861803716,,
965.49119513887,-200.630821462843,1409.7985583984,-200.828369525956,-197.258015029567,-196.904816036099,973.905387077278,1434.83213199867,,
965.556644890887,-200.606855839583,1409.94680067436,-200.825791399377,-197.348979948916,-197.102598607744,973.962299905119,1434.95566722863,,
965.622102292823,-200.389953395477,1410.09506847904,-200.83192915585,-197.331262124963,-196.98759912805,974.019219385063,1435.07922373253,,
965.687567346018,-200.32862551403,1410.24336181904,-200.82326707585,-197.263955526384,-196.869506779679,974.076145518276,1435.20280151587,,
965.753040051813,-200.517651630794,1410.39168070097,-200.83375705129,-197.291121868918,-196.997159777808,974.133078305924,1435.32640058414,,
965.818520411552,-200.661704862813,1410.54002513142,-200.822974705384,-197.384975796274,-197.141371960102,974.190017749175,1435.45002094285,,
965.884008426574,-200.52297935732,1410.68839511699,-200.833115134935,-197.246275689012,-196.786957876763,974.246963849195,1435.57366259749,,
965.949504098225,-200.330549550447,1410.83679066428,-200.825096474126,-197.286713603778,-197.009213132621,974.303916607152,1435.69732555357,,
966.015007427846,-200.386415505814,1410.98521177992,-200.830386706492,-197.356968135195,-197.086137019898,974.360876024214,1435.8210098166,,
966.080518416782,-200.605951494176,1411.1336584705,-200.828741105241,-197.299136266096,-196.921150696963,974.417842101549,1435.94471539208,,
966.146037066374,-200.637857573352,1411.28213074261,-200.826871761047,-197.253027099903,-196.877524528691,974.474814840325,1436.06844228551,,
966.211563377966,-200.428863178231,1411.4306286029,-200.832365356792,-197.325487582556,-197.078504034224,974.531794241709,1436.19219050242,,
966.277097352904,-200.317736094235,1411.57915205798,-200.824185295839,-197.357726445639,-197.04752571749,974.588780306873,1436.31596004832,,
966.342638992531,-200.475981674866,1411.72770111445,-200.834464542555,-197.219533159046,-196.767789457061,974.645773036983,1436.43975092871,,
966.408188298192,-200.659289327333,1411.87627577894,-200.823547252258,-197.318758986908,-197.096646097777,974.70277243321,1436.56356314912,,
966.473745271233,-200.567788982978,1412.02487605808,-200.834222241183,-197.346692130323,-197.032471269145,974.759778496724,1436.68739671507,,
966.539309912997,-200.353158130164,1412.17350195848,-200.825276178427,-197.270835491449,-196.879815975213,974.816791228693,1436.81125163207,,
966.604882224833,-200.355120174703,1412.32215348678,-200.831838642643,-197.258576689501,-196.913073064369,974.873810630289,1436.93512790565,,
966.670462208084,-200.571554360536,1412.4708306496,-200.828686192738,-197.344627047079,-197.114642693341,974.930836702682,1437.05902554133,,
966.736049864099,-200.660687014579,1412.61953345357,-200.828410633278,-197.324841468888,-196.957816655455,974.987869447042,1437.18294454464,,
966.801645194222,-200.474568214531,1412.76826190532,-200.832406106703,-197.210153297919,-196.789561860619,975.044908864541,1437.3068849211,,
966.867248199802,-200.317381144549,1412.9170160115,-200.825440289389,-197.343511970094,-197.148416039762,975.101954956349,1437.43084667625,,
966.932858882184,-200.432662010831,1413.06579577874,-200.834967886665,-197.326883150589,-196.972495806858,975.159007723638,1437.55482981562,,
966.998477242718,-200.64447086766,1413.2146012137,-200.82420214496,-197.252200676424,-196.8629297385,975.216067167581,1437.67883434475,,
967.06410328275,-200.610299360528,1413.36343232299,-200.835410630061,-197.268690571688,-196.95049668617,975.273133289348,1437.80286026916,,
967.12973700363,-200.386798330328,1413.51228911327,-200.825237863967,-197.349905068736,-197.117384531106,975.330206090113,1437.92690759439,,
967.195378406707,-200.331179449,1413.66117159119,-200.83365169726,-197.297717242059,-196.893867259107,975.387285571049,1438.05097632599,,
967.261027493326,-200.529015013257,1413.8100797634,-200.828170262258,-197.208022835368,-196.821407549345,975.444371733327,1438.1750664695,,
967.326684264839,-200.672251191301,1413.95901363655,-200.830485638623,-197.358955643258,-197.170913067922,975.501464578121,1438.29917803046,,
967.392348722596,-200.524908275526,1414.10797321729,-200.83188737705,-197.305642808304,-196.924020254317,975.558564106605,1438.42331101441,,
967.458020867946,-200.329453554672,1414.25695851229,-200.827234375876,-197.242244682982,-196.858788766024,975.615670319953,1438.54746542691,,
967.523700702239,-200.390916775651,1414.4059695282,-200.835002474329,-197.274859076036,-196.977483085419,975.672783219338,1438.6716412735,,
967.589388226824,-200.616664168615,1414.55500627168,-200.825212314964,-197.348426145066,-197.105403788904,975.729902805934,1438.79583855973,,
967.655083443055,-200.646664959195,1414.70406874939,-200.836397683525,-197.278888590625,-196.856968507306,975.787029080917,1438.92005729116,,
967.720786352279,-200.430950649766,1414.853156968,-200.82522767313,-197.206267923675,-196.84287045539,975.84416204546,1439.04429747333,,
967.786496955851,-200.31777496148,1415.00227093418,-200.83563799134,-197.365980918895,-197.178349470121,975.90130170074,1439.16855911182,,
967.852215255122,-200.480808632219,1415.1514106546,-200.827304584735,-197.28907009346,-196.893247727767,975.958448047932,1439.29284221217,,
967.917941251442,-200.669727377528,1415.30057613594,-200.833104845622,-197.236578902391,-196.855583433353,976.01560108821,1439.41714677995,,
967.983674946165,-200.576567908809,1415.44976738486,-200.830710294743,-197.274103491053,-196.991512086994,976.072760822752,1439.54147282072,,
968.049416340643,-200.355315537709,1415.59898440805,-200.829817391716,-197.34571189598,-197.092119542379,976.129927252733,1439.66582034004,,
968.115165436228,-200.354639821,1415.74822721219,-200.834254844566,-197.267477221259,-196.842214640993,976.187100379329,1439.79018934349,,
968.180922234277,-200.576475967135,1415.89749580394,-200.827031774566,-197.201919311661,-196.843964278356,976.244280203719,1439.91457983662,,
968.246686736139,-200.672500100719,1416.04679019001,-200.836737465363,-197.364610232363,-197.181136165002,976.301466727077,1440.03899182501,,
968.312458943171,-200.48388668367,1416.19611037708,-200.82578316653,-197.282313174696,-196.882079307742,976.358659950583,1440.16342531423,,
968.378238856725,-200.318014202749,1416.34545637183,-200.837371343533,-197.22999559457,-196.845389473222,976.415859875413,1440.28788030986,,
968.444026478158,-200.430597371026,1416.49482818096,-200.826537577412,-197.267805519703,-196.9935828595,976.473066502746,1440.41235681747,,
968.509821808823,-200.651090868457,1416.64422581117,-200.836037588688,-197.342292707504,-197.083465904286,976.530279833759,1440.53685484264,,
968.575624850076,-200.62497781993,1416.79364926914,-200.829063002685,-197.264308715235,-196.846628797838,976.587499869631,1440.66137439095,,
968.641435603271,-200.395382850428,1416.94309856158,-200.833291234195,-197.193500512925,-196.821934254636,976.64472661154,1440.78591546798,,
968.707254069766,-200.328219854252,1417.09257369518,-200.832543697336,-197.35382767094,-197.180831049899,976.701960060666,1440.91047807932,,
968.773080250915,-200.526061741185,1417.24207467666,-200.830137159847,-197.288615083656,-196.893577185515,976.759200218187,1441.03506223055,,
968.838914148077,-200.683326299642,1417.3916015127,-200.835879629867,-197.21955421907,-196.82511302446,976.816447085284,1441.15966792725,,
968.904755762607,-200.542295289149,1417.54115421002,-200.827672834983,-197.258679894569,-196.983814576228,976.873700663136,1441.28429517502,,
968.970605095862,-200.3345358169,1417.69073277535,-200.838058899408,-197.33428678804,-197.079004524656,976.930960952923,1441.40894397946,,
969.0364621492,-200.383202473272,1417.84033721537,-200.826729224945,-197.273056394338,-196.871593089212,976.988227955826,1441.53361434614,,
969.102326923979,-200.615754965119,1417.98996753682,-200.83847672522,-197.180404484737,-196.78029676209,977.045501673025,1441.65830628068,,
969.168199421555,-200.664437382322,1418.13962374639,-200.827625326309,-197.332434431372,-197.16811209863,977.1027821057,1441.78301978866,,
969.234079643289,-200.448595357543,1418.28930585082,-200.837102465531,-197.306563264266,-196.933189862619,977.160069255034,1441.90775487568,,
969.299967590539,-200.316212484186,1418.43901385682,-200.830101161791,-197.208384555376,-196.797955855158,977.217363122208,1442.03251154735,,
969.365863264664,-200.469374186955,1418.58874777112,-200.834454289445,-197.246908187977,-196.959825480709,977.274663708403,1442.15728980927,,
969.431766667021,-200.675309054861,1418.73850760046,-200.833431771046,-197.317305923208,-197.072658050092,977.331971014801,1442.28208966705,,
969.497677798973,-200.600996319106,1418.88829335154,-200.831407560562,-197.295530672657,-196.920802293974,977.389285042585,1442.40691112628,,
969.563596661878,-200.368943857138,1419.03810503111,-200.836670961996,-197.166626741736,-196.73173256311,977.446605792937,1442.53175419259,,
969.629523257097,-200.344399745944,1419.1879426459,-200.828912859324,-197.298504931559,-197.123372286472,977.503933267041,1442.65661887158,,
969.69545758599,-200.565222498463,1419.33780620263,-200.838941222523,-197.328887553133,-197.004036838007,977.561267466078,1442.78150516886,,
969.761399649918,-200.688603374652,1419.48769570806,-200.82771763961,-197.206636632065,-196.776485257936,977.618608391233,1442.90641309005,,
969.827349450243,-200.511817349308,1419.63761116891,-200.839681007377,-197.229497259108,-196.918384114437,977.675956043689,1443.03134264076,,
969.893306988326,-200.322812852906,1419.78755259194,-200.828171224919,-197.290331417083,-197.05304222164,977.733310424631,1443.15629382662,,
969.959272265529,-200.412212250196,1419.9375199839,-200.838781695788,-197.324273373712,-196.993287594756,977.790671535242,1443.28126665325,,
970.025245283213,-200.646250250465,1420.08751335151,-200.830157713918,-197.166029926863,-196.702432017088,977.848039376707,1443.40626112626,,
970.091226042742,-200.65292088881,1420.23753270154,-200.83658572481,-197.24880414236,-197.025210716562,977.90541395021,1443.53127725128,,
970.157214545479,-200.421056499644,1420.38757804073,-200.833160073574,-197.34347521176,-197.094163699779,977.962795256938,1443.65631503394,,
970.223210792785,-200.320483782531,1420.53764937584,-200.833761091054,-197.225203176246,-196.784562929003,978.020183298074,1443.78137447987,,
970.289214786027,-200.503595772026,1420.68774671363,-200.836423774334,-197.207564571509,-196.861463728664,978.077578074806,1443.90645559469,,
970.355226526565,-200.691466214705,1420.83787006086,-200.831100998264,-197.255736032264,-197.006414916501,978.134979588317,1444.03155838405,,
970.421246015766,-200.579294638946,1420.98801942427,-200.839166780163,-197.340097469386,-197.071298212116,978.192387839796,1444.15668285356,,
970.487273254992,-200.351080073993,1421.13819481066,-200.829311544809,-197.198088778087,-196.730679807012,978.249802830428,1444.28182900888,,
970.55330824561,-200.361982775158,1421.28839622677,-200.840777317836,-197.186375564633,-196.873171394027,978.3072245614,1444.40699685564,,
970.619350988985,-200.596683260206,1421.43862367936,-200.828844191587,-197.334803307983,-197.159107890649,978.3646530339,1444.53218639947,,
970.68540148648,-200.689609890803,1421.58887717522,-200.840951011587,-197.263710543391,-196.849850670759,978.422088249113,1444.65739764602,,
970.751459739462,-200.488008454716,1421.73915672113,-200.829809127475,-197.194815741167,-196.806418598366,978.479530208228,1444.78263060094,,
970.817525749298,-200.317540400129,1421.88946232384,-200.839740002454,-197.216791617242,-196.92681119327,978.536978912433,1444.90788526987,,
970.883599517354,-200.4377682357,1422.03979399014,-200.831979684316,-197.321338578611,-197.109982281506,978.594434362916,1445.03316165845,,
970.949681044995,-200.66881689596,1422.19015172682,-200.837512328627,-197.266643062343,-196.847806994305,978.651896560865,1445.15845977235,,
971.015770333591,-200.642427169249,1422.34053554064,-200.834874349645,-197.137171077707,-196.71697221976,978.70936550747,1445.2837796172,,
971.081867384506,-200.401881561412,1422.4909454384,-200.834842147886,-197.286646844887,-197.123664277714,978.766841203918,1445.40912119867,,
971.147972199109,-200.327097375502,1422.64138142688,-200.837886716099,-197.302585935489,-196.97623066267,978.824323651399,1445.5344845224,,
971.214084778769,-200.530796096852,1422.79184351288,-200.832364996234,-197.2109223723,-196.791140201276,978.881812851103,1445.65986959407,,
971.280205124852,-200.702482982038,1422.94233170318,-200.840427292878,-197.183344988942,-196.833200838277,978.939308804219,1445.78527641932,,
971.346333238729,-200.563366810792,1423.09284600458,-200.830635178076,-197.261397512373,-197.052670656722,978.996811511938,1445.91070500382,,
971.412469121768,-200.34036264033,1423.24338642388,-200.842043971084,-197.333926663065,-197.031229517599,979.05432097545,1446.03615535323,,
971.478612775338,-200.37713945977,1423.39395296785,-200.830016121553,-197.149633505509,-196.659568493475,979.111837195946,1446.16162747321,,
971.544764200809,-200.619984655568,1423.54454564334,-200.842498443168,-197.201091322931,-196.945586227362,979.169360174616,1446.28712136945,,
971.610923399549,-200.690265020661,1423.69516445712,-200.830623071902,-197.309282507354,-197.09801254384,979.226889912651,1446.4126370476,,
971.677090372931,-200.47259317001,1423.845809416,-200.841789921246,-197.255121188709,-196.855791095321,979.284426411244,1446.53817451333,,
971.743265122324,-200.315932696575,1423.9964805268,-200.832323804487,-197.180616725542,-196.778825420346,979.341969671586,1446.66373377233,,
971.8094476491,-200.456848093084,1424.14717779631,-200.840130833621,-197.183383426936,-196.89343883338,979.399519694869,1446.78931483026,,
971.875637954628,-200.684959160252,1424.29790123136,-200.834790353196,-197.331328901905,-197.153218745544,979.457076482285,1446.9149176928,,
971.941836040281,-200.636633284879,1424.44865083877,-200.837888030643,-197.243151136466,-196.795412335426,979.514640035027,1447.04054236564,,
972.008041907431,-200.390961699871,1424.59942662534,-200.837584409578,-197.128028858989,-196.717606274391,979.572210354288,1447.16618885445,,
972.074255557449,-200.332741207842,1424.75022859789,-200.835505768831,-197.257313785672,-197.078513349251,979.62978744126,1447.29185716491,,
972.14047699171,-200.549369412635,1424.90105676326,-200.840253068425,-197.288533122852,-196.98526233795,979.687371297139,1447.41754730272,,
972.206706211584,-200.711186303284,1425.05191112827,-200.833424980192,-197.228944488792,-196.824235344966,979.744961923116,1447.54325927356,,
972.272943218444,-200.555766656336,1425.20279169973,-200.842411636755,-197.140709828886,-196.738307526094,979.802559320386,1447.66899308311,,
972.339188013666,-200.335280133036,1425.3536984845,-200.832010005218,-197.230842685596,-197.047016160562,979.860163490144,1447.79474873708,,
972.405440598622,-200.386792549884,1425.50463148938,-200.843796842029,-197.338039733266,-197.069287553483,979.917774433584,1447.92052624115,,
972.471700974686,-200.635111833469,1425.65559072121,-200.831492099466,-197.15484758942,-196.657220299097,979.975392151901,1448.04632560101,,
972.537969143233,-200.693776252231,1425.80657618686,-200.844285690599,-197.166451603507,-196.865916945358,980.033016646289,1448.17214682238,,
972.604245105637,-200.466714099535,1425.95758789312,-200.831938739846,-197.258251529882,-197.052436930206,980.090647917945,1448.29798991093,,
972.670528863274,-200.315701740649,1426.10862584687,-200.84388733164,-197.283809975834,-196.957675037966,980.148285968064,1448.42385487239,,
972.736820417519,-200.467157045342,1426.25969005493,-200.833256188204,-197.189590608196,-196.750849857932,980.205930797842,1448.54974171244,,
972.803119769747,-200.695962866102,1426.41078052415,-200.842721856537,-197.120971069326,-196.766231188487,980.263582408475,1448.67565043679,,
972.869426921335,-200.638316029292,1426.56189726139,-200.835226287524,-197.295054670907,-197.167941122784,980.321240801161,1448.80158105116,,
972.935741873658,-200.388227946998,1426.7130402735,-200.840997009849,-197.279700714646,-196.895180933185,980.378905977094,1448.92753356125,,
973.002064628095,-200.334945424644,1426.86420956732,-200.837566973596,-197.131933551784,-196.672651945121,980.436577937474,1449.05350797277,,
973.068395186021,-200.558042122818,1427.01540514972,-200.838983725341,-197.17787698667,-196.921988443368,980.494256683496,1449.17950429143,,
973.134733548814,-200.719565702504,1427.16662702754,-200.839994871361,-197.253275645824,-197.026587189642,980.55194221636,1449.30552252295,,
973.201079717851,-200.558450043076,1427.31787520766,-200.836982793952,-197.286755237948,-196.955173991318,980.609634537262,1449.43156267305,,
973.267433694511,-200.334984855932,1427.46914969693,-200.842266914377,-197.137434794141,-196.651122055764,980.667333647401,1449.55762474744,,
973.333795480171,-200.388715142753,1427.62045050222,-200.835277191991,-197.135513110236,-196.87053015428,980.725039547975,1449.68370875185,,
973.400165076212,-200.641717499522,1427.7717776304,-200.844191212748,-197.318670243458,-197.165492250933,980.782752240184,1449.809814692,,
973.46654248401,-200.702236395165,1427.92313108833,-200.834078731295,-197.224839084647,-196.789679773332,980.840471725226,1449.93594257361,,
973.532927704946,-200.471545840442,1428.0745108829,-200.845619027431,-197.143015921507,-196.726591181056,980.898198004301,1450.06209240242,,
973.599320740399,-200.315657246972,1428.22591702097,-200.833492650623,-197.155173434412,-196.888956967715,980.955931078608,1450.18826418414,,
973.665721591749,-200.4668919255,1428.37734950942,-200.846442961448,-197.2679681263,-197.066575773176,981.013670949347,1450.31445792452,,
973.732130260377,-200.702073073637,1428.52880835514,-200.83352203601,-197.275429885017,-196.91007656548,981.071417617719,1450.44067362928,,
973.798546747662,-200.649338112734,1428.68029356499,-200.846616521563,-197.094284800814,-196.595086437044,981.129171084923,1450.56691130416,,
973.864971054987,-200.394359803371,1428.83180514587,-200.834109781742,-197.159971103236,-196.963390534742,981.186931352162,1450.69317095489,,
973.931403183729,-200.332468096471,1428.98334310466,-200.8461816836,-197.297363295602,-197.093682369042,981.244698420634,1450.81945258722,,
973.997843135275,-200.555360278352,1429.13490744827,-200.835185239284,-197.213209962698,-196.787180428322,981.302472291543,1450.94575620689,,
974.064290911004,-200.728095527201,1429.28649818356,-200.845270207735,-197.143444435725,-196.728536503472,981.36025296609,1451.07208181963,,
974.130746512298,-200.573060740086,1429.43811531744,-200.836676948448,-197.125224402035,-196.842620462132,981.418040445476,1451.1984294312,,
974.19720994054,-200.339978926184,1429.58975885681,-200.844058377819,-197.286803473318,-197.131288615945,981.475834730904,1451.32479904734,,
974.263681197113,-200.381683572282,1429.74142880855,-200.838485834322,-197.256186175114,-196.845277840857,981.533635823576,1451.45119067379,,
974.330160283401,-200.638442691036,1429.89312517958,-200.842699189259,-197.075090734071,-196.59256739015,981.591443724696,1451.57760431632,,
974.396647200785,-200.716180722276,1430.0448479768,-200.840459347608,-197.165279162647,-196.979001324285,981.649258435465,1451.70403998067,,
974.46314195065,-200.488755279988,1430.19659720712,-200.841287541815,-197.258925991234,-197.035466121745,981.707079957087,1451.8304976726,,
974.529644534382,-200.316316437092,1430.34837287744,-200.842414894775,-197.235250689886,-196.846149157392,981.764908290767,1451.95697739787,,
974.596154953363,-200.454681541257,1430.50017499468,-200.83988938375,-197.125663940553,-196.677751623767,981.822743437707,1452.08347916223,,
974.662673208979,-200.701760850585,1430.65200356574,-200.844209585313,-197.097138191597,-196.80815770473,981.880585399112,1452.21000297145,,
974.729199302614,-200.670422684042,1430.80385859754,-200.838597372191,-197.289707512855,-197.173208812746,981.938434176186,1452.33654883128,,
974.795733235656,-200.411333722717,1430.955740097,-200.845790644268,-197.246230056046,-196.81346926495,981.996289770135,1452.4631167475,,
974.862275009488,-200.325821732889,1431.10764807103,-200.837537735233,-197.08251739086,-196.614760682641,982.054152182163,1452.58970672586,,
974.928824625496,-200.53946014958,1431.25958252658,-200.847166260317,-197.141076421864,-196.912841497422,982.112021413475,1452.71631877215,,
974.995382085069,-200.735006714471,1431.41154347056,-200.836804351952,-197.218372595683,-197.014192287564,982.169897465277,1452.84295289213,,
975.061947389592,-200.600861921133,1431.56353090988,-200.848324220767,-197.269156060461,-196.931634470631,982.227780338775,1452.96960909157,,
975.128520540453,-200.352722776583,1431.71554485149,-200.836392807876,-197.11289447833,-196.618325572216,982.285670035176,1453.09628737624,,
975.195101539037,-200.36594282999,1431.86758530233,-200.849198892986,-197.070056795344,-196.763895690855,982.343566555684,1453.22298775194,,
975.261690386734,-200.622547090699,1432.01965226932,-200.836226490941,-197.264802662293,-197.170655152578,982.401469901508,1453.34971022443,,
975.328287084932,-200.733855296877,1432.17174575939,-200.849738295661,-197.245789340231,-196.842530322665,982.459380073854,1453.47645479949,,
975.39489163502,-200.520554176648,1432.32386577949,-200.836258723616,-197.110760367252,-196.648506619427,982.51729707393,1453.60322148291,,
975.461504038385,-200.320591893271,1432.47601233658,-200.849988274997,-197.098400255138,-196.791173332205,982.575220902943,1453.73001028048,,
975.528124296416,-200.430021292854,1432.62818543758,-200.836522449162,-197.173401130534,-196.996804154007,982.633151562101,1453.85682119798,,
975.594752410504,-200.691189517248,1432.78038508944,-200.85006716255,-197.299382238485,-197.034027758803,982.691089052612,1453.9836542412,,
975.661388382037,-200.700386668694,1432.9326112991,-200.837051203267,-197.125371626854,-196.598154655804,982.749033375684,1454.11050941592,,
975.728032212406,-200.442611746886,1433.08486407355,-200.850043471594,-197.044108080782,-196.690289008492,982.806984532527,1454.23738672796,,
975.794683903,-200.318090916857,1433.23714341971,-200.837776363883,-197.207533460786,-197.105978613897,982.864942524348,1454.36428618309,,
975.861343455213,-200.508475659668,1433.38944934454,-200.84988239622,-197.246040650169,-196.923210108916,982.922907352359,1454.49120778712,,
975.928010870433,-200.735500716601,1433.54178185502,-200.838563201352,-197.164308882134,-196.716741230998,982.980879017768,1454.61815154585,,
975.994686150052,-200.641938286615,1433.69414095808,-200.849551488484,-197.062748353606,-196.652593045607,983.038857521784,1454.74511746507,,
976.061369295462,-200.378020041348,1433.84652666072,-200.839356009234,-197.107054077667,-196.925505354697,983.096842865619,1454.8721055506,,
976.128060308055,-200.344217504685,1433.99893896988,-200.849135622654,-197.300386266556,-197.136266247508,983.154835050482,1454.99911580823,,
976.194759189222,-200.590222596391,1434.15137789252,-200.840215871897,-197.16901710976,-196.658909912174,983.212834077584,1455.12614824377,,
976.261465940358,-200.750068236428,1434.30384343565,-200.848768444112,-197.039915104074,-196.609225966036,983.270839948137,1455.25320286304,,
976.328180562854,-200.568936068175,1434.45633560622,-200.841173321242,-197.125412820659,-196.958100213225,983.328852663351,1455.38027967185,,
976.394903058105,-200.334464667508,1434.6088544112,-200.848465605311,-197.217402609723,-196.99852089065,983.386872224439,1455.507378676,,
976.461633427503,-200.394526744976,1434.76139985757,-200.842122205114,-197.235641971353,-196.856678569403,983.444898632611,1455.63449988131,,
976.528371672442,-200.664266325512,1434.91397195233,-200.848133652419,-197.071450958084,-196.561462469444,983.50293188908,1455.76164329361,,
976.595117794318,-200.73456842759,1435.06657070244,-200.842948789554,-197.029831285175,-196.764507314619,983.560971995059,1455.8888089187,,
976.661871794524,-200.492532904462,1435.2191961149,-200.847765154642,-197.246472225199,-197.170988361601,983.61901895176,1456.01599676242,,
976.728633674457,-200.316005927978,1435.3718481967,-200.843698944141,-197.222019443769,-196.814253670087,983.677072760397,1456.14320683058,,
976.79540343551,-200.462029132939,1435.52452695482,-200.847492695666,-197.084319440589,-196.596512747783,983.735133422182,1456.27043912902,,
976.862181079079,-200.721285085792,1435.67723239626,-200.844480183622,-197.049570596364,-196.746655598004,983.793200938329,1456.39769366355,,
976.92896660656,-200.693239790103,1435.82996452801,-200.847381191389,-197.126473719532,-196.961237891972,983.851275310052,1456.52497044001,,
976.99576001935,-200.422715964787,1435.98272335709,-200.845243479122,-197.277076605726,-197.053681585761,983.909356538565,1456.65226946424,,
977.062561318846,-200.323306547443,1436.13550889046,-200.8473177291,-197.145761811796,-196.609294617471,983.967444625083,1456.77959074205,,
977.129370506443,-200.538211627555,1436.28832113516,-200.845846763325,-196.989659704974,-196.566685935807,984.02553957082,1456.9069342793,,
977.19618758354,-200.754936384564,1436.44116009818,-200.847228619106,-197.135939667272,-197.038983472585,984.083641376991,1457.03430008182,,
977.263012551534,-200.633479846291,1436.59402578653,-200.846313341355,-197.226042651527,-196.98446439711,984.141750044812,1457.16168815544,,
977.329845411823,-200.367159795905,1436.74691820722,-200.847238852383,-197.180752551494,-196.737643919231,984.199865575498,1457.28909850602,,
977.396686165805,-200.35415931586,1436.89983736727,-200.846791194027,-197.052284844779,-196.591505294398,984.257987970265,1457.41653113939,,
977.46353481488,-200.614137787031,1437.05278327368,-200.847443343394,-197.000856745668,-196.741203369577,984.31611723033,1457.5439860614,,
977.530391360444,-200.762586276403,1437.20575593347,-200.847254894855,-197.213676701394,-197.155781270348,984.374253356908,1457.67146327789,,
977.597255803899,-200.564093258868,1437.35875535368,-200.847713497724,-197.237304321536,-196.840663532268,984.432396351216,1457.79896279473,,
977.664128146642,-200.33077774801,1437.5117815413,-200.84753957165,-197.04028023633,-196.49514397923,984.490546214471,1457.92648461775,,
977.731008390076,-200.404155613612,1437.6648345034,-200.8479541059,-197.030604038541,-196.758577981771,984.548702947892,1458.05402875283,,
977.797896535598,-200.681550398359,1437.81791424696,-200.847676951002,-197.119630590694,-196.966062315768,984.606866552694,1458.1815952058,,
977.864792584612,-200.745296223211,1437.97102077904,-200.84831467175,-197.235696880069,-196.987352213466,984.665037030097,1458.30918398253,,
977.931696538517,-200.493705007231,1438.12415410666,-200.847838745736,-197.17193843935,-196.675872728577,984.723214381319,1458.43679508888,,
977.998608398714,-200.315772851461,1438.27731423686,-200.848884145019,-196.961250719346,-196.476513421873,984.781398607577,1458.56442853072,,
978.065528166604,-200.467414075274,1438.43050117668,-200.847963855505,-197.057601157218,-196.95512231072,984.83958971009,1458.6920843139,,
978.13245584359,-200.733847464954,1438.58371493315,-200.849490115075,-197.229339723412,-197.083338934453,984.897787690078,1458.81976244429,,
978.199391431074,-200.707128116299,1438.73695551332,-200.847875924424,-197.159553744306,-196.691423585929,984.95599254876,1458.94746292777,,
978.26633493046,-200.429641082308,1438.89022292424,-200.850074232226,-197.050681346183,-196.585942635913,985.014204287356,1459.0751857702,,
978.333286343148,-200.32197998113,1439.04351717295,-200.847679741049,-196.974847528484,-196.676546955924,985.072422907085,1459.20293097746,,
978.400245670542,-200.537328406683,1439.19683826649,-200.850836453735,-197.114050671167,-197.028471906821,985.130648409167,1459.33069855541,,
978.467212914048,-200.766774755912,1439.35018621194,-200.847537974102,-197.271951655506,-197.014966202184,985.188880794824,1459.45848850995,,
978.534188075066,-200.654031050719,1439.50356101632,-200.851776801116,-197.085837540407,-196.488462652044,985.247120065275,1459.58630084693,,
978.601171155004,-200.377339240479,1439.65696268671,-200.847293181159,-196.96486600971,-196.579240007341,985.305366221742,1459.71413557226,,
978.668162155264,-200.347345673656,1439.81039123017,-200.852671303575,-197.076151195009,-196.966850890156,985.363619265447,1459.84199269181,,
978.735161077252,-200.607299093881,1439.96384665375,-200.846841984252,-197.173613516801,-196.969295982007,985.42187919761,1459.96987221146,,
978.802167922373,-200.778709634745,1440.11732896452,-200.853587617293,-197.203526990325,-196.789073279764,985.480146019455,1460.0977741371,,
978.869182692032,-200.592647674247,1440.27083816956,-200.846419030479,-197.012482380938,-196.475868239962,985.538419732202,1460.22569847463,,
978.936205387635,-200.340197368698,1440.4243742759,-200.854705527103,-196.925014087361,-196.647849985054,985.596700337074,1460.35364522992,,
979.003236010589,-200.388453122036,1440.57793729067,-200.846067035502,-197.142879504027,-197.147064191972,985.654987835295,1460.48161440889,,
979.0702745623,-200.671399746807,1440.73152722089,-200.855821110275,-197.215855913695,-196.874422541311,985.713282228087,1460.60960601741,,
979.137321044175,-200.770502728464,1440.88514407368,-200.845570688137,-197.069400034513,-196.524795461106,985.771583516674,1460.7376200614,,
979.204375457622,-200.52931197501,1441.03878785609,-200.85678220177,-196.983166942968,-196.594222443992,985.82989170228,1460.86565654674,,
979.271437804046,-200.319713654807,1441.19245857521,-200.845078358618,-196.981411490312,-196.80583813185,985.888206786127,1460.99371547934,,
979.338508084857,-200.441043493293,1441.34615623813,-200.857801979916,-197.188553746236,-197.092345976297,985.946528769441,1461.12179686511,,
979.405586301463,-200.724914706294,1441.49988085193,-200.844834009778,-197.222190378411,-196.788473354004,986.004857653446,1461.24990070994,,
979.472672455272,-200.744958021531,1441.65363242371,-200.858797669572,-196.980655982471,-196.374489695107,986.063193439367,1461.37802701976,,
979.539766547694,-200.469374180975,1441.80741096055,-200.844654367385,-196.938542526666,-196.703902982138,986.121536128429,1461.50617580046,,
979.606868580137,-200.315786239865,1441.96121646955,-200.85945626408,-197.091503022919,-197.025948592823,986.179885721858,1461.63434705796,,
979.67397855401,-200.500506597154,1442.1150489578,-200.844556356098,-197.167733998054,-196.89639086778,986.238242220878,1461.76254079817,,
979.741096470725,-200.764684639188,1442.26890843241,-200.859919515918,-197.147816457977,-196.656218574968,986.296605626717,1461.89075702701,,
979.80822233169,-200.706113843286,1442.42279490048,-200.844893509316,-196.928695550283,-196.421547397503,986.3549759406,1462.0189957504,,
979.875356138316,-200.416860995763,1442.57670836911,-200.860234792539,-196.918179065394,-196.749495506758,986.413353163753,1462.14725697426,,
979.942497892016,-200.327077733286,1442.7306488454,-200.845560557348,-197.161636316827,-197.165177936294,986.471737297405,1462.2755407045,,
980.009647594198,-200.562320994175,1442.88461633647,-200.860034305947,-197.190775847393,-196.755522221119,986.530128342781,1462.40384694706,,
980.076805246276,-200.789221818302,1443.03861084944,-200.84644372235,-197.024983692587,-196.459168810189,986.588526301109,1462.53217570787,,
980.143970849661,-200.658504374485,1443.19263239141,-200.859408337498,-196.941940707414,-196.588313846157,986.646931173618,1462.66052699284,,
980.211144405764,-200.374404524972,1443.34668096949,-200.84789517922,-196.959967444147,-196.831012225321,986.705342961534,1462.78890080791,,
980.278325916,-200.351386734028,1443.50075659081,-200.858546553544,-197.180180568822,-197.08360883388,986.763761666087,1462.91729715901,,
980.34551538178,-200.622422928525,1443.65485926251,-200.84980750392,-197.195747587143,-196.717274833246,986.822187288504,1463.04571605209,,
980.412712804517,-200.798598336679,1443.80898899167,-200.857139289969,-196.935488267408,-196.323582030974,986.880619830015,1463.17415749306,,
980.479918185627,-200.606539623469,1443.96314578547,-200.851903222174,-196.894766599633,-196.684412372686,986.939059291849,1463.30262148789,,
980.547131526522,-200.343349812492,1444.11732965099,-200.855352688373,-197.047055176741,-197.017890756367,986.997505675236,1463.43110804249,,
980.614352828615,-200.38599464114,1444.2715405954,-200.854428308608,-197.150386714611,-196.886118516686,987.055958981404,1463.55961716283,,
980.681582093323,-200.677483733662,1444.4257786258,-200.853561839484,-197.137208489948,-196.633838084126,987.114419211585,1463.68814885483,,
980.748819322059,-200.794155414157,1444.58004374935,-200.857127477993,-196.915496251223,-196.371354831168,987.172886367008,1463.81670312446,,
980.816064516241,-200.554073255491,1444.73433597319,-200.851591219728,-196.850597670044,-196.667179733528,987.231360448905,1463.94527997766,,
980.883317677281,-200.323959936522,1444.88865530446,-200.859539683949,-197.110016602177,-197.155593968921,987.289841458505,1464.07387942038,,
980.950578806597,-200.427971055674,1445.04300175028,-200.849800419023,-197.185974049106,-196.808201573996,987.348329397041,1464.20250145857,,
981.017847905605,-200.725079562422,1445.19737531784,-200.861792147959,-197.045347107619,-196.434394643491,987.406824265743,1464.3311460982,,
981.085124975721,-200.778111264687,1445.35177601425,-200.848686733075,-196.90778981603,-196.499756714641,987.465326065844,1464.45981334521,,
981.152410018363,-200.504165146817,1445.50620384668,-200.863445085771,-196.879712634888,-196.726698478819,987.523834798576,1464.58850320557,,
981.219703034947,-200.315659029281,1445.66065882229,-200.848110722585,-197.07904640546,-197.071016502102,987.582350465171,1464.71721568524,,
981.28700402689,-200.474428997836,1445.81514094823,-200.864058392363,-197.225909227736,-196.843834317563,987.640873066861,1464.84595079019,,
981.354312995612,-200.763748218974,1445.96965023166,-200.848521446802,-196.981322858963,-196.306557135058,987.69940260488,1464.97470852638,,
981.42162994253,-200.753150348483,1446.12418667974,-200.8638743999,-196.844742985284,-196.485886894824,987.757939080461,1465.10348889978,,
981.488954869063,-200.459006072914,1446.27875029962,-200.850156841005,-196.930495711995,-196.924741132568,987.816482494837,1465.23229191635,,
981.55628777663,-200.317275086993,1446.4333410985,-200.862534683594,-197.071550208927,-196.946768064089,987.875032849243,1465.36111758208,,
981.623628666649,-200.522724710097,1446.58795908352,-200.852576618131,-197.159948432555,-196.750197438725,987.933590144912,1465.48996590293,,
981.690977540541,-200.792942014506,1446.74260426187,-200.86015136801,-196.998880822357,-196.369140525084,987.992154383079,1465.61883688489,,
981.758334399725,-200.722060591843,1446.89727664072,-200.855950667542,-196.791404584793,-196.397377758577,988.050725564978,1465.74773053393,,
981.825699245622,-200.419956985014,1447.05197622724,-200.85740614566,-196.946894250246,-197.00084335187,988.109303691845,1465.87664685603,,
981.893072079652,-200.327260761106,1447.20670302862,-200.85973773182,-197.153298737716,-197.024134640355,988.167888764915,1466.00558585718,,
981.960452903237,-200.570599353783,1447.36145705203,-200.854352872979,-197.099703525131,-196.549654058322,988.226480785423,1466.13454754336,,
982.027841717797,-200.812898915944,1447.51623830467,-200.863110427389,-196.956060022052,-196.398325748432,988.285079754606,1466.26353192056,,
982.095238524754,-200.68745737131,1447.67104679371,-200.851900951327,-196.791107902358,-196.477564188915,988.343685673699,1466.39253899476,,
982.162643325531,-200.387656408565,1447.82588252636,-200.865884067663,-196.873096197757,-196.875022133568,988.40229854394,1466.52156877197,,
982.230056121549,-200.343881274307,1447.98074550979,-200.850754469351,-197.158407592928,-197.107892436042,988.460918366564,1466.65062125816,,
982.297476914231,-200.616263223066,1448.13563575121,-200.867048996754,-197.14915199023,-196.54085534117,988.519545142809,1466.77969645934,,
982.364905704999,-200.824463405978,1448.29055325781,-200.851006936976,-196.890595152071,-196.247157957852,988.578178873912,1466.90879438151,,
982.432342495278,-200.651606041043,1448.4454980368,-200.866411257865,-196.821905247146,-196.594098334029,988.636819561111,1467.03791503067,,
982.499787286491,-200.362159517514,1448.60047009537,-200.85333686755,-196.880365056867,-196.886405294846,988.695467205644,1467.16705841281,,
982.56724008006,-200.365365207335,1448.75546944074,-200.864212808996,-197.071402710075,-196.960172530137,988.754121808748,1467.29622453395,,
982.634700877414,-200.658426047605,1448.9104960801,-200.857095803091,-197.144318836229,-196.65220370895,988.812783371664,1467.42541340008,,
982.702169679972,-200.828889592447,1449.06555002066,-200.860496128058,-196.881209554759,-196.202583892097,988.871451895628,1467.55462501722,,
982.769646489165,-200.616334360086,1449.22063126964,-200.861629211504,-196.741008810646,-196.466464434331,988.930127381882,1467.68385939137,,
982.837131306413,-200.343083258286,1449.37573983426,-200.856733915716,-196.930623304676,-197.034996709124,988.988809831663,1467.81311652855,,
982.904624133144,-200.390017836341,1449.53087572174,-200.866106698025,-197.108951915825,-196.908659820097,989.047499246212,1467.94239643478,,
982.972124970783,-200.696281118947,1449.68603893928,-200.853727983661,-197.119225423797,-196.557182318607,989.106195626768,1468.07169911607,,
983.039633820758,-200.827654756107,1449.84122949413,-200.868833915522,-196.953740639877,-196.323067871633,989.164898974572,1468.20102457844,,
983.107150684495,-200.583015859744,1449.99644739349,-200.8526558329,-196.698994556603,-196.357446638791,989.223609290865,1468.33037282791,,
983.174675563421,-200.329742064327,1450.1516926446,-200.869459148229,-196.798394128241,-196.920495443958,989.282326576888,1468.4597438705,,
983.242208458962,-200.416298875604,1450.30696525469,-200.854385478597,-197.074366719885,-197.094298662906,989.34105083388,1468.58913771224,,
983.309749372548,-200.72945346,1450.46226523099,-200.867286740026,-197.071989217731,-196.491898497436,989.399782063085,1468.71855435916,,
983.377298305606,-200.822302468817,1450.61759258074,-200.858254569151,-196.893219937529,-196.248653722297,989.458520265744,1468.84799381728,,
983.444855259563,-200.552602259312,1450.77294731117,-200.863127042867,-196.776469912239,-196.447298024689,989.517265443098,1468.97745609264,,
983.51242023585,-200.32126570359,1450.92832942952,-200.86379374545,-196.794230959512,-196.756113015603,989.576017596391,1469.10694119127,,
983.579993235895,-200.442868358324,1451.08373894305,-200.858576778525,-197.063413208334,-197.059175956862,989.634776726865,1469.23644911921,,
983.647574261126,-200.757924151324,1451.239175859,-200.868715432411,-197.213388940642,-196.701578343329,989.693542835762,1469.3659798825,,
983.715163312976,-200.814324762349,1451.3946401846,-200.855112154052,-196.924912752408,-196.138609150865,989.752315924327,1469.49553348717,,
983.782760392873,-200.525684948752,1451.55013192711,-200.871536644295,-196.711818429612,-196.332161832172,989.811095993802,1469.62510993926,,
983.850365502247,-200.316696177778,1451.7056510938,-200.854908663242,-196.740107969326,-196.837923958776,989.869883045432,1469.75470924483,,
983.917978642529,-200.468605035858,1451.8611976919,-200.870980560583,-196.893850084372,-196.933303786243,989.92867708046,1469.88433140992,,
983.985599815152,-200.781942479844,1452.0167717287,-200.857891064329,-197.059310675678,-196.751870821439,989.987478100132,1470.01397644058,,
984.053229021545,-200.8050844705,1452.17237321142,-200.867034332658,-196.976626706334,-196.306601401101,990.046286105691,1470.14364434285,,
984.120866263141,-200.502570181302,1452.32800214735,-200.863722028596,-196.677164923839,-196.125315805784,990.105101098383,1470.27333512279,,
984.18851154137,-200.315063611906,1452.48365854376,-200.861770345111,-196.688299120033,-196.689221279084,990.163923079452,1470.40304878647,,
984.256164857668,-200.492602784912,1452.6393424079,-200.869722382238,-196.978948915723,-197.098516937139,990.222752050146,1470.53278533992,,
984.323826213466,-200.80193623966,1452.79505374706,-200.857238557342,-197.124396155038,-196.712952354219,990.281588011709,1470.66254478922,,
984.391495610196,-200.79577311967,1452.9507925685,-200.873409566507,-197.083644922405,-196.346420876651,990.340430965388,1470.79232714042,,
984.459173049294,-200.48335706734,1453.10655887951,-200.856541716403,-196.833103113953,-196.199345192336,990.399280912429,1470.92213239959,,
984.526858532191,-200.315443070574,1453.26235268735,-200.872936337204,-196.62990547955,-196.395388831946,990.458137854079,1471.05196057279,,
984.594552060324,-200.514150800843,1453.41817399931,-200.859919073008,-196.797991050216,-197.007352820486,990.517001791586,1471.18181166609,,
984.662253635126,-200.818427312566,1453.57402282268,-200.868281191084,-197.08953773659,-197.002528995691,990.575872726196,1471.31168568557,,
984.729963258031,-200.78739637274,1453.72989916475,-200.866648614278,-196.991400211761,-196.327680769852,990.634750659157,1471.44158263729,,
984.797680930476,-200.468011336112,1453.8858030328,-200.862294266604,-196.709038496722,-196.130594854031,990.693635591718,1471.57150252733,,
984.865406653894,-200.316995330621,1454.04173443411,-200.872940536043,-196.522498458701,-196.383052890136,990.752527525125,1471.70144536176,,
984.933140429724,-200.532703039927,1454.197693376,-200.858090416218,-196.54200634403,-196.730542505907,990.811426460629,1471.83141114667,,
985.0008822594,-200.831957384479,1454.35367986576,-200.875677136104,-196.923934631936,-197.040606753942,990.870332399478,1471.96139988813,,
985.068632144359,-200.780778630276,1454.50969391068,-200.859126386937,-197.227610739102,-196.671042299925,990.929245342921,1472.09141159223,,
985.136390086039,-200.45643151774,1454.66573551806,-200.872942887692,-197.034943715339,-196.042425763795,990.988165292208,1472.22144626505,,
985.204156085876,-200.318995222239,1454.82180469522,-200.864764090583,-196.739605542755,-196.158678588066,991.047092248588,1472.35150391268,,
985.271930145308,-200.547842688785,1454.97790144945,-200.866521796635,-196.690148501409,-196.711918462205,991.106026213311,1472.48158454121,,
985.339712265772,-200.843025351959,1455.13402578808,-200.872586451661,-196.814015513351,-196.917880411015,991.164967187628,1472.61168815673,,
985.407502448709,-200.776578313005,1455.2901777184,-200.860691477245,-197.040158207632,-196.795149224195,991.22391517279,1472.74181476533,,
985.475300695554,-200.448505496556,1455.44635724774,-200.877083548809,-197.055722734669,-196.336425005336,991.282870170047,1472.87196437312,,
985.543107007748,-200.32085127101,1455.60256438342,-200.85973993686,-196.654404128464,-195.956896456784,991.34183218065,1473.00213698618,,
985.610921386729,-200.559246248312,1455.75879913274,-200.875826380999,-196.422446676415,-196.349172204687,991.400801205851,1473.13233261062,,
985.678743833939,-200.852036175895,1455.91506150305,-200.865108550767,-196.578050551685,-197.006054545306,991.459777246903,1473.26255125254,,
985.746574350816,-200.775306461715,1456.07135150165,-200.869052403881,-196.850906834104,-196.884601068719,991.518760305057,1473.39279291804,,
985.8144129388,-200.444157404357,1456.22766913589,-200.873358636453,-197.025381833122,-196.439399743104,991.577750381565,1473.52305761324,,
985.882259599333,-200.322120344664,1456.38401441309,-200.862527383127,-196.934757283249,-196.124447937731,991.636747477681,1473.65334534424,,
985.950114333856,-200.566651816898,1456.54038734058,-200.878865850547,-196.605852198394,-196.052121181892,991.695751594657,1473.78365611715,,
986.017977143808,-200.859259719143,1456.6967879257,-200.861117380443,-196.500982302609,-196.581811412765,991.754762733746,1473.91398993808,,
986.085848030634,-200.777343077543,1456.85321617578,-200.877162960175,-196.833848199999,-197.14005026259,991.813780896203,1474.04434681315,,
986.153726995773,-200.443384613377,1457.00967209819,-200.867265167929,-197.105449467607,-196.702879247176,991.872806083281,1474.17472674849,,
986.22161404067,-200.322520578591,1457.16615570023,-200.869850958301,-197.051486094899,-196.117382551869,991.931838296235,1474.30512975019,,
986.289509166766,-200.569835035758,1457.32266698928,-200.876003203195,-196.802949469826,-196.046436530416,991.990877536318,1474.4355558244,,
986.357412375505,-200.864797625432,1457.47920597268,-200.863071273248,-196.497656448052,-196.263243180013,992.049923804787,1474.56600497723,,
986.425323668331,-200.782945984644,1457.63577265777,-200.880871322405,-196.493931944609,-196.762609284751,992.108977102896,1474.69647721481,,
986.493243046684,-200.446285401399,1457.79236705191,-200.863465428599,-196.852291987514,-197.087553726353,992.168037431899,1474.82697254326,,
986.561170512012,-200.321945310752,1457.94898916246,-200.877001478743,-197.061603437709,-196.482465390113,992.227104793054,1474.95749096872,,
986.62910606576,-200.568596334731,1458.10563899678,-200.871382480886,-196.802848963093,-195.891763390531,992.286179187617,1475.08803249732,,
986.697049709368,-200.868556831258,1458.26231656224,-200.868631710322,-196.482828751613,-196.056282443421,992.345260616842,1475.2185971352,,
986.765001444286,-200.792248463599,1458.41902186619,-200.880216732652,-196.331312400731,-196.519020292244,992.404349081988,1475.34918488849,,
986.832961271957,-200.453076281047,1458.575754916,-200.863415296303,-196.44720875853,-196.859957484688,992.46344458431,1475.47979576333,,
986.900929193827,-200.320480025542,1458.73251571903,-200.881820135438,-196.887322712337,-196.897530436357,992.522547125067,1475.61042976586,,
986.968905211344,-200.562762173872,1458.88930428268,-200.867849169674,-197.105947614983,-196.289057475888,992.581656705516,1475.74108690223,,
987.036889325951,-200.870229518148,1459.0461206143,-200.874499350502,-196.808914425709,-195.772341892565,992.640773326914,1475.87176717858,,
987.104881539098,-200.805242408306,1459.20296472127,-200.87776175111,-196.506754988132,-196.096459193026,992.69989699052,1476.00247060106,,
987.17288185223,-200.464098300877,1459.35983661098,-200.866263447916,-196.498093007091,-196.755139623038,992.759027697591,1476.13319717582,,
987.240890266796,-200.318423093066,1459.51673629081,-200.883942168398,-196.72575428674,-196.900303870494,992.818165449388,1476.26394690901,,
987.308906784245,-200.552203128595,1459.67366376814,-200.86609800987,-197.060998973302,-196.6436335501,992.877310247169,1476.39471980678,,
987.376931406022,-200.869281080355,1459.83061905036,-200.879463340127,-197.141305250265,-196.131145253683,992.936462092193,1476.5255158753,,
987.444964133577,-200.821744619043,1459.98760214486,-200.875655326649,-196.681253422385,-195.746227371259,992.995620985719,1476.65633512072,,
987.513004968359,-200.479809306516,1460.14461305904,-200.869750294527,-196.270396650413,-196.129709906579,993.054786929008,1476.7871775492,,
987.581053911818,-200.316309881698,1460.30165180029,-200.884409585479,-196.313162712579,-196.915666019529,993.11395992332,1476.91804316691,,
987.649110965404,-200.536870977881,1460.458718376,-200.866345437774,-196.5795734797,-196.930058733727,993.173139969916,1477.04893198,,
987.717176130565,-200.86495013786,1460.61581279359,-200.883125910156,-196.844309706536,-196.396950162505,993.232327070056,1477.17984399466,,
987.785249408751,-200.841344858098,1460.77293506045,-200.874171665078,-196.851642418458,-195.981848637652,993.291521225001,1477.31077921704,,
987.853330801414,-200.500758582099,1460.93008518398,-200.872916196206,-196.464767341055,-195.78519373936,993.350722436012,1477.44173765332,,
987.921420310006,-200.314938011693,1461.08726317162,-200.884990016084,-196.126932541981,-196.155971467331,993.409930704353,1477.57271930968,,
987.989517935977,-200.516856062685,1461.24446903074,-200.86732775013,-196.279246122704,-196.962237276817,993.469146031284,1477.70372419228,,
988.057623680778,-200.856267359182,1461.40170276878,-200.885301302161,-196.764651504482,-196.970671574948,993.528368418068,1477.83475230732,,
988.125737545862,-200.863336525744,1461.55896439315,-200.874165512275,-197.070585246705,-196.219716124849,993.587597865967,1477.96580366096,,
988.193859532682,-200.527537705461,1461.71625391127,-200.875452745507,-197.03293555642,-195.814974352349,993.646834376245,1478.09687825939,,
988.261989642689,-200.315389422921,1461.87357133056,-200.885639647136,-196.669070818589,-195.836868114544,993.706077950164,1478.2279761088,,
988.330127877337,-200.492464787136,1462.03091665846,-200.868419886884,-196.28668484831,-196.202997005139,993.765328588988,1478.35909721538,,
988.398274238079,-200.842102226971,1462.18828990237,-200.887164079608,-196.38795792955,-196.902255130282,993.824586293982,1478.49024158531,,
988.466428726371,-200.886633962695,1462.34569106974,-200.875253946803,-196.852938337391,-196.993658461979,993.883851066409,1478.62140922478,,
988.534591343663,-200.560700846075,1462.50312016799,-200.876447458718,-197.053957177011,-196.153314334754,993.943122907533,1478.75260013999,,
988.602762091412,-200.319042384559,1462.66057720456,-200.887350953981,-196.757902073177,-195.642108747155,994.002401818619,1478.88381433713,,
988.670940971073,-200.464314317662,1462.81806218689,-200.869777405046,-196.272507807663,-195.826317164562,994.061687800933,1479.01505182241,,
988.7391279841,-200.821248846262,1462.97557512242,-200.887919857852,-195.920854694484,-196.284237690615,994.120980855739,1479.14631260202,,
988.80732313195,-200.909686311498,1463.1331160186,-200.877491406379,-195.985190292364,-196.809066017563,994.180280984304,1479.27759668217,,
988.875526416077,-200.600645859962,1463.29068488287,-200.876752375024,-196.535795726859,-196.944528917349,994.239588187893,1479.40890406906,,
988.943737837939,-200.327563583875,1463.44828172267,-200.889579814087,-196.980038476673,-196.189400396339,994.298902467773,1479.54023476889,,
989.011957398992,-200.433438504056,1463.60590654546,-200.870948124787,-196.755118210639,-195.520360922972,994.35822382521,1479.67158878788,,
989.080185100691,-200.792561222704,1463.76355935869,-200.888151903604,-196.289844277059,-195.701959089851,994.41755226147,1479.80296613224,,
989.148420944494,-200.930405886139,1463.92124016982,-200.881230893122,-195.997525873937,-196.344981387229,994.476887777821,1479.93436680818,,
989.216664931861,-200.647448196586,1464.0789489863,-200.875540561192,-196.083529465385,-196.784170003396,994.536230375531,1480.06579082192,,
989.284917064247,-200.342866973854,1464.23668581562,-200.892189543265,-196.662729998205,-196.824634046327,994.595580055867,1480.19723817968,,
989.353177343113,-200.40139383427,1464.3944506652,-200.873402209515,-197.276377075029,-196.249374045165,994.654936820098,1480.32870888767,,
989.421445769915,-200.755145028607,1464.55224354253,-200.886468194288,-197.126718431919,-195.505863070302,994.714300669491,1480.46020295211,,
989.489722346114,-200.946139850611,1464.71006445509,-200.886248651213,-196.43056482785,-195.503848704017,994.773671605316,1480.59172037924,,
989.558007073167,-200.700642459207,1464.86791341034,-200.874482127149,-195.964014127036,-196.266295343195,994.833049628841,1480.72326117528,,
989.626299952536,-200.367022219436,1465.02579041575,-200.893637977551,-195.955620206647,-196.855081213664,994.892434741335,1480.85482534646,,
989.694600985678,-200.370350158291,1465.18369547881,-200.877454083643,-196.364112951913,-196.745577376838,994.951826944068,1480.98641289901,,
989.762910174058,-200.708603811579,1465.34162860699,-200.883439833782,-196.976583501427,-196.24042380185,995.011226238311,1481.11802383916,,
989.831227519133,-200.953725554665,1465.49958980779,-200.891945161466,-197.016015762142,-195.576766422465,995.070632625333,1481.24965817316,,
989.899553022365,-200.758955243574,1465.65757908866,-200.874144030769,-196.269705125922,-195.350254128508,995.130046106404,1481.38131590722,,
989.967886685216,-200.402091619234,1465.81559645713,-200.892899843226,-195.623791627369,-195.99654203996,995.189466682796,1481.51299704761,,
990.036228509146,-200.343144171342,1465.97364192067,-200.884370420077,-195.49707116918,-196.882611016299,995.248894355779,1481.64470160056,,
990.10457849562,-200.653325842091,1466.13171548677,-200.878861003922,-195.836563606014,-196.838067865097,995.308329126626,1481.77642957231,,
990.172936646098,-200.949677892189,1466.28981716293,-200.896455862064,-196.469709251045,-196.196592188301,995.367770996607,1481.90818096911,,
990.241302962043,-200.820009428577,1466.44794695665,-200.877648332214,-196.914675464485,-195.617840789587,995.427219966994,1482.03995579721,,
990.30967744492,-200.449870978089,1466.60610487543,-200.887997287568,-196.652067826738,-195.308393546984,995.486676039061,1482.17175406286,,
990.378060096191,-200.323270201523,1466.76429092678,-200.893034963229,-196.093902997407,-195.667137758523,995.546139214079,1482.30357577232,,
990.446450917321,-200.590779625165,1466.92250511821,-200.876554739884,-195.986676301315,-196.659561542659,995.605609493322,1482.43542093184,,
990.514849909772,-200.930553409402,1467.0807474572,-200.895878177205,-196.433372377814,-197.049726332002,995.665086878062,1482.56728954767,,
990.58325707501,-200.880050614457,1467.23901795131,-200.886137105432,-196.991011420846,-196.30174204112,995.724571369574,1482.69918162609,,
990.6516724145,-200.511509417063,1467.39731660801,-200.881463507691,-197.16181212396,-195.575578019591,995.78406296913,1482.83109717334,,
990.720095929707,-200.314775967551,1467.55564343485,-200.898819573889,-196.619571719852,-195.286619505872,995.843561678006,1482.96303619571,,
990.788527622098,-200.523771813504,1467.71399843933,-200.880392172224,-195.713083059476,-195.44639192,995.903067497476,1483.09499869944,,
990.856967493135,-200.893512065334,1467.87238162898,-200.889466110874,-195.271874495706,-196.227379108284,995.962580428813,1483.22698469082,,
990.92541554429,-200.9337899287,1468.03079301132,-200.896582442205,-195.620634883676,-197.069996668325,996.022100473295,1483.3589941761,,
990.993871777023,-200.58698933345,1468.1892325939,-200.878709834734,-196.450007048342,-196.649848838436,996.081627632194,1483.49102716158,,
991.062336192806,-200.322026602613,1468.34770038422,-200.896913255902,-197.02590159871,-195.62335966793,996.141161906788,1483.62308365352,,
991.130808793106,-200.45660971511,1468.50619638983,-200.891383993676,-196.736089595722,-195.161848039551,996.200703298353,1483.75516365819,,
991.199289579389,-200.837046976299,1468.66472061827,-200.881445445597,-195.839476416181,-195.291643654804,996.260251808164,1483.88726718189,,
991.267778553124,-200.974508863431,1468.82327307707,-200.901373939349,-195.116791119991,-195.84987872188,996.319807437499,1484.01939423089,,
991.336275715778,-200.674471214846,1468.98185377378,-200.886036751344,-195.126291316827,-196.732691386239,996.379370187633,1484.15154481148,,
991.404781068822,-200.349292722407,1469.14046271594,-200.887141070775,-195.924010343532,-196.975616837899,996.438940059845,1484.28371892995,,
991.473294613723,-200.395107372525,1469.29909991108,-200.90224815381,-196.805474546686,-195.970773282386,996.498517055411,1484.41591659257,,
991.541816351952,-200.761781414488,1469.45776536679,-200.88256558911,-196.722926343506,-195.071607807827,996.55810117561,1484.54813780566,,
991.610346284977,-200.99460514984,1469.61645909059,-200.893767506819,-195.849337569646,-195.018596029244,996.617692421719,1484.68038257549,,
991.678884414271,-200.769562927,1469.77518109003,-200.900325156771,-195.040571854119,-195.561200010789,996.677290795018,1484.81265090836,,
991.747430741302,-200.400111455599,1469.9339313727,-200.881748220895,-194.880370518455,-196.32888572603,996.736896296784,1484.94494281058,,
991.815985267542,-200.346379941584,1470.09270994614,-200.899674656199,-195.672985589547,-196.920649626562,996.796508928297,1485.07725828845,,
991.884547994462,-200.671164848209,1470.2515168179,-200.896966209779,-197.106534524511,-196.467762020589,996.856128690836,1485.20959734825,,
991.953118923533,-200.986726290811,1470.41035199557,-200.883343706136,-197.674307708006,-195.300640580228,996.915755585681,1485.34195999631,,
992.021698056228,-200.864679064184,1470.56921548672,-200.903986569987,-196.649753583149,-194.728692674366,996.975389614111,1485.47434623893,,
992.090285394018,-200.476368575482,1470.7281072989,-200.893436311096,-195.538982213856,-195.114139213274,997.035030777407,1485.60675608242,,
992.158880938377,-200.318375619009,1470.8870274397,-200.88657875631,-195.262131096007,-195.989903946282,997.094679076849,1485.73918953308,,
992.227484690777,-200.571870327222,1471.04597591669,-200.906553497994,-195.957875695544,-196.686768304041,997.154334513719,1485.87164659724,,
992.296096652692,-200.945486423519,1471.20495273745,-200.890574090964,-197.065438579461,-196.698799327336,997.213997089297,1486.00412728121,,
992.364716825595,-200.948819239328,1471.36395790956,-200.890580937696,-196.623251453756,-195.790851983064,997.273666804865,1486.1366315913,,
992.433345210961,-200.577073298253,1471.52299144062,-200.907697042626,-194.437588051486,-194.76713712081,997.333343661705,1486.26915953385,,
992.501981810263,-200.319092457804,1471.68205333819,-200.888749169526,-192.687848589525,-194.588314596142,997.393027661098,1486.40171111516,,
992.570626624976,-200.473728531804,1471.84114360988,-200.894633570312,-192.206317717604,-195.393331420288,997.452718804327,1486.53428634157,,
992.639279656578,-200.869486255979,1472.00026226329,-200.907945173793,-193.104516311215,-196.462897843266,997.512417092676,1486.66688521941,,
992.70794090654,-201.008266066115,1472.15940930599,-200.887965275929,-195.254422462914,-196.769728411538,997.572122527426,1486.79950775499,,
992.77661037634,-200.696886470633,1472.3185847456,-200.898270368285,-196.906125079688,-196.155591012972,997.631835109861,1486.93215395467,,
992.845288067455,-200.355410087266,1472.47778858971,-200.907841340062,-195.135838848879,-195.117807544718,997.691554841265,1487.06482382476,,
992.913973981359,-200.38911592413,1472.63702084593,-200.887999737112,-193.018307120154,-194.399353042374,997.751281722921,1487.19751737161,,
992.982668119531,-200.763065155847,1472.79628152187,-200.901273868184,-192.723826847903,-194.625363780134,997.811015756114,1487.33023460156,,
993.051370483449,-201.02872410059,1472.95557062513,-200.907831067555,-194.891903649746,-195.80189690502,997.870756942129,1487.46297552094,,
993.120081074588,-200.824685083358,1473.11488816332,-200.888531799694,-198.653547238142,-196.854614555284,997.93050528225,1487.5957401361,,
993.188799894427,-200.431444381962,1473.27423414406,-200.903630406666,-195.065415370415,-196.51053691094,997.990260777762,1487.72852845338,,
993.257526944444,-200.331794776549,1473.43360857497,-200.908195760761,-191.717528389167,-195.434274150167,998.050023429951,1487.86134047914,,
993.326262226119,-200.637117340314,1473.59301146366,-200.88926334917,-193.036401459814,-194.522309336261,998.109793240103,1487.99417621972,,
993.395005740929,-200.999036810832,1473.75244281776,-200.905451827243,-195.690739046206,-194.200328653042,998.169570209503,1488.12703568147,,
993.463757490355,-200.942858897291,1473.9119026449,-200.909022731609,-182.300706409507,-194.829471588959,998.229354339439,1488.25991887075,,
993.532517475876,-200.546349888944,1474.0713909527,-200.890042253656,-174.68453142176,-196.281860532527,998.289145631196,1488.39282579392,,
993.601285698972,-200.315223724304,1474.23090774881,-200.906843366827,-169.408266153313,-197.011848282978,998.348944086062,1488.52575645734,,
993.670062161123,-200.508537302437,1474.39045304083,-200.910252338378,-165.447436026637,-195.924400206991,998.408749705324,1488.65871086736,,
993.738846863811,-200.915714755284,1474.55002683642,-200.890935266652,-162.412811519569,-194.641861033675,998.46856249027,1488.79168903035,,
993.807639808515,-201.028548486993,1474.70962914322,-200.907752558359,-160.127999751318,-194.033977046069,998.528382442187,1488.92469095268,,
993.87644099672,-200.691661205372,1474.86925996886,-200.911823816002,-158.520278968451,-194.191962668667,998.588209562365,1489.05771664072,,
993.945250429904,-200.350291134838,1475.028919321,-200.892156828435,-157.591304980213,-195.221535203259,998.64804385209,1489.19076610083,,
994.014068109551,-200.398311126315,1475.18860720726,-200.907936958852,-157.427593888689,-196.72786760807,998.707885312653,1489.32383933938,,
994.082894037144,-200.786524953439,1475.34832363531,-200.913808647089,-158.266584273038,-196.737464659283,998.767733945342,1489.45693636276,,
994.151728214164,-201.058150133333,1475.50806861281,-200.893863777515,-160.730977769156,-195.067161372031,998.827589751447,1489.59005717734,,
994.220570642097,-200.848781016038,1475.6678421474,-200.907175883885,-166.583111065386,-193.852702313483,998.887452732258,1489.7232017895,,
994.289421322425,-200.442317988789,1475.82764424674,-200.916305285616,-165.05781490575,-193.697046388456,998.947322889065,1489.85637020562,,
994.358280256631,-200.3286075211,1475.98747491851,-200.896051096088,-156.75101334926,-194.452667694303,999.007200223157,1489.98956243209,,
994.4271474462,-200.631271557018,1476.14733417035,-200.905587967433,-151.738364835487,-195.844635068275,999.067084735826,1490.12277847529,,
994.496022892619,-201.015228724677,1476.30722200993,-200.919048209401,-148.264730751255,-196.865431829615,999.126976428364,1490.25601834161,,
994.564906597369,-200.988266088395,1476.46713844494,-200.898812934169,-145.694106249943,-195.837388772059,999.18687530206,1490.38928203745,,
994.633798561938,-200.587186527773,1476.62708348303,-200.903613439287,-143.757806553157,-194.017877612797,999.246781358207,1490.52256956919,,
994.702698787813,-200.319196883782,1476.78705713188,-200.921206281869,-142.323074560678,-193.167573947987,999.306694598098,1490.65588094323,,
994.771607276475,-200.479098628711,1476.94705939916,-200.902676551526,-141.320685505524,-193.641920448463,999.366615023022,1490.78921616597,,
994.840524029417,-200.899238931499,1477.10709029256,-200.901577217191,-140.717499567913,-195.161094783243,999.426542634275,1490.9225752438,,
994.90944904812,-201.073756777356,1477.26714981977,-200.921894598458,-140.506613539963,-196.599015843674,999.486477433148,1491.05595818314,,
994.978382334075,-200.7669235803,1477.42723798847,-200.908198883548,-140.705673429688,-196.12120739684,999.546419420935,1491.18936499039,,
995.047323888769,-200.383174194615,1477.58735480634,-200.899659837406,-141.363307692357,-194.298314695922,999.606368598929,1491.32279567195,,
995.116273713687,-200.363252247518,1477.74750028109,-200.920835008483,-142.578195719867,-192.94021594397,999.666324968423,1491.45625023424,,
995.18523181032,-200.730218040157,1477.90767442038,-200.914922282761,-144.547370106359,-192.832953537581,999.726288530713,1491.58972868365,,
995.254198180156,-201.072934295124,1478.06787723194,-200.8987773379,-147.708622236443,-194.216856707788,999.786259287092,1491.72323102662,,
995.323172824685,-200.946561386114,1478.22810872346,-200.917997768664,-153.200401847018,-196.479537441489,999.846237238856,1491.85675726955,,
995.392155745394,-200.521614771707,1478.38836890263,-200.921323250329,-158.848570190925,-196.428130010915,999.906222387299,1491.99030741886,,
995.461146943774,-200.31481411854,1478.54865777718,-200.900773694907,-151.419896515381,-194.090386761124,999.966214733716,1492.12388148098,,
995.53014642131,-200.546060964332,1478.7089753548,-200.913108218152,-146.768094149125,-192.511610298581,1000.0262142794,1492.25747946233,,
995.599154179509,-200.973300827202,1478.8693216432,-200.926031359182,-144.027316729124,-192.303100416084,1000.08622102566,1492.39110136933,,
995.668170219836,-201.076734059385,1479.02969665008,-200.906585489801,-142.324849478574,-193.550749935636,1000.14623497377,1492.5247472084,,
995.737194543808,-200.717067726082,1479.19010038319,-200.907105547168,-141.314521836935,-196.010674981,1000.20625612505,1492.65841698599,,
995.806227152897,-200.356109132023,1479.35053285024,-200.927781715826,-140.834686824299,-196.448219615626,1000.26628448078,1492.79211070853,,
995.875268048611,-200.393587088077,1479.51099405892,-200.915079883468,-140.806914278363,-193.560131336727,1000.32632004227,1492.92582838243,,
995.94431723242,-200.793765646927,1479.67148401699,-200.90334434555,-141.195098451259,-191.620794208945,1000.3863628108,1493.05957001416,,
996.013374705844,-201.107742278456,1479.83200273216,-200.924639883401,-141.994609027759,-191.613696027285,1000.44641278769,1493.19333561013,,
996.082440470353,-200.927780515148,1479.99255021217,-200.924372339974,-143.228488670364,-193.645903123411,1000.50646997422,1493.32712517681,,
996.151514527444,-200.493249050523,1480.15312646474,-200.904875233384,-144.951831540387,-196.621238221864,1000.56653437169,1493.46093872062,,
996.220596878633,-200.317516098773,1480.31373149761,-200.916829036973,-147.276767588184,-194.859230548758,1000.62660598142,1493.59477624801,,
996.289687525382,-200.582812829834,1480.47436531853,-200.931385475378,-150.417585433925,-191.665723679585,1000.68668480468,1493.72863776544,,
996.358786469209,-201.014497180639,1480.63502793523,-200.912148427768,-154.849534619916,-190.496945061088,1000.74677084279,1493.86252327936,,
996.427893711596,-201.089174523505,1480.79571935545,-200.90918614301,-161.777127342632,-191.666136315014,1000.80686409704,1493.99643279621,,
996.49700925404,-200.707071004191,1480.95643958694,-200.931176375742,-167.604467030124,-195.385123661845,1000.86696456873,1494.13036632245,,
996.566133098034,-200.350019530311,1481.11718863746,-200.923832464309,-161.705639849391,-195.344613552589,1000.92707225916,1494.26432386455,,
996.635265245086,-200.403877995338,1481.27796651475,-200.907036846094,-158.841955414383,-190.809397842039,1000.98718716964,1494.39830542896,,
996.704405696679,-200.817463945987,1481.43877322657,-200.923009515981,-157.953578742183,-189.158929347694,1001.04730930146,1494.53231102214,,
996.77355445432,-201.132985276578,1481.59960878067,-200.934206829366,-158.31157050756,-190.951546952376,1001.10743865593,1494.66634065056,,
996.842711519491,-200.944582517109,1481.76047318482,-200.913463296846,-159.69408805315,-196.624073321812,1001.16757523434,1494.80039432068,,
996.911876893712,-200.500202271277,1481.92136644678,-200.9132823068,-162.101415963513,-191.652427880985,1001.22771903801,1494.93447203898,,
996.981050578453,-200.316903948805,1482.0822885743,-200.934700076156,-165.67654897107,-187.621140164391,1001.28787006822,1495.06857381192,,
997.050232575234,-200.580828134924,1482.24323957518,-200.927490874245,-170.431456134305,-188.734039624977,1001.34802832629,1495.20269964598,,
997.119422885537,-201.025130133124,1482.40421945717,-200.90985486278,-174.235039187086,-196.861239684016,1001.40819381351,1495.33684954764,,
997.18862151088,-201.120968936087,1482.56522822806,-200.925121226886,-174.403452318097,-187.395692497792,1001.4683665312,1495.47102352338,,
997.257828452748,-200.741718344117,1482.7262658956,-200.938355603865,-175.203850103095,-185.063522311072,1001.52854648065,1495.60522157967,,
997.327043712634,-200.362414892771,1482.8873324676,-200.918975139051,-179.498992172904,-196.682080409217,1001.58873366316,1495.739443723,,
997.396267292058,-200.388343213959,1483.04842795182,-200.914221055102,-180.339576665511,-180.967346777741,1001.64892808005,1495.87368995985,,
997.465499192502,-200.796859195032,1483.20955235606,-200.935657713073,-172.325851674492,-184.220402705676,1001.70912973261,1496.00796029672,,
997.534739415484,-201.149397160981,1483.37070568811,-200.935420348893,-167.865936103913,-157.939440417509,1001.76933862216,1496.14225474009,,
997.603987962489,-201.001647427407,1483.53188795574,-200.914271238099,-165.396337638725,-145.264547415652,1001.82955474999,1496.27657329645,,
997.67324483501,-200.546918402289,1483.69309916677,-200.92283215755,-164.217144340137,-135.645629448012,1001.8897781174,1496.41091597231,,
997.742510034578,-200.314631387346,1483.85433932898,-200.941803100507,-163.94518753034,-127.615477776387,1001.95000872572,1496.54528277415,,
997.811783562676,-200.537180966891,1484.01560845018,-200.930115555003,-163.986803709156,-120.614331089501,1002.01024657624,1496.67967370848,,
997.881065420799,-200.997854297526,1484.17690653816,-200.914426302044,-163.105731537514,-114.355889969324,1002.07049167026,1496.8140887818,,
997.950355610477,-201.167890431547,1484.33823360073,-200.931791874288,-160.681348025668,-108.669627022345,1002.13074400911,1496.94852800061,,
998.019654133181,-200.826244791909,1484.49958964572,-200.944003059316,-157.76468459369,-103.443864483963,1002.19100359407,1497.08299137143,,
998.088960990429,-200.402916768619,1484.6609746809,-200.925675945012,-155.180118342769,-98.6005402449972,1002.25127042646,1497.21747890075,,
998.15827618374,-200.352679157276,1484.82238871411,-200.917809827449,-153.126278627941,-94.0824261424737,1002.3115445076,1497.35199059509,,
998.227599714586,-200.725943930516,1484.98383175316,-200.939080007837,-151.592350088259,-89.8460093448862,1002.37182583877,1497.48652646097,,
998.296931584495,-201.141317037152,1485.14530380588,-200.944161245319,-150.534241898177,-85.8572383365191,1002.4321144213,1497.6210865049,,
998.366271794964,-201.09391297883,1485.30680488007,-200.92331869028,-149.918708805397,-82.0888358698036,1002.49241025649,1497.75567073339,,
998.435620347498,-200.64541140367,1485.46833498358,-200.92233934199,-149.716893732968,-78.518524758835,1002.55271334565,1497.89027915298,,
998.504977243604,-200.327167659101,1485.6298941242,-200.944383689634,-149.899118522522,-75.1278123356852,1002.61302369009,1498.02491177017,,
998.574342484788,-200.457667032095,1485.79148230981,-200.944027950399,-150.401316755757,-71.9011336342485,1002.67334129112,1498.15956859151,,
998.643716072558,-200.916308392445,1485.95309954821,-200.922930470378,-151.04692343821,-68.8252289107471,1002.73366615005,1498.29424962351,,
998.713098008407,-201.206616607243,1486.11474584724,-200.926534573138,-151.43380521497,-65.8886840505971,1002.79399826818,1498.4289548727,,
998.782488293866,-200.961863865458,1486.27642121474,-200.948143141732,-151.055794008642,-63.0815823358072,1002.85433764684,1498.56368434562,,
998.85188693043,-200.493727228302,1486.43812565856,-200.944728256865,-149.838131539325,-60.3952373745384,1002.91468428733,1498.6984380488,,
998.921293919593,-200.318750844351,1486.59985918654,-200.92396496655,-148.258578362759,-57.8219846199586,1002.97503819095,1498.83321598878,,
998.990709262885,-200.604191062106,1486.76162180652,-200.929591570681,-146.713496689757,-55.3550168142225,1003.03539935903,1498.9680181721,,
999.060132961801,-201.077131656797,1486.92341352637,-200.950888526924,-145.419441162958,-52.9882518816414,1003.09576779287,1499.10284460531,,
999.129565017859,-201.196491033173,1487.08523435392,-200.946764336313,-144.414380474071,-50.7162265818834,1003.15614349379,1499.23769529493,,
999.199005432565,-200.80883760056,1487.24708429704,-200.926073372637,-143.710603060785,-48.5340090181691,1003.2165264631,1499.37257024753,,
999.268454207427,-200.387677618123,1487.40896336357,-200.931204580325,-143.285406761565,-46.4371272531519,1003.27691670211,1499.50746946964,,
999.33791134395,-200.366035663426,1487.5708715614,-200.952766526348,-143.124771338036,-44.4215092924773,1003.33731421213,1499.64239296783,,
999.407376843641,-200.766467048867,1487.73280889837,-200.950275170345,-143.208964847488,-42.4834332528288,1003.39771899447,1499.77734074864,,
999.476850708029,-201.189911043574,1487.89477538237,-200.929339728568,-143.515737281639,-40.6194851826458,1003.45813105046,1499.91231281864,,
999.546332938622,-201.129788955716,1488.05677102124,-200.931420506587,-144.012323482302,-38.8265232880204,1003.51855038141,1500.04730918437,,
999.615823536913,-200.6630917389,1488.21879582288,-200.953449149023,-144.642096342519,-37.1016473639699,1003.57897698862,1500.1823298524,,
999.685322504422,-200.329946940072,1488.38084979515,-200.955003268113,-145.309383280722,-35.4421726628566,1003.63941087341,1500.31737482929,,
999.754829842665,-200.452645381031,1488.54293294593,-200.934335647575,-145.890840222477,-33.8456070726222,1003.6998520371,1500.45244412161,,
999.824345553162,-200.92279578701,1488.70504528312,-200.930739062797,-146.236511541448,-32.3096317381851,1003.76030048101,1500.58753773593,,
999.893869637406,-201.250143438844,1488.86718681457,-200.95225012382,-146.312518395324,-30.8320836715389,1003.82075620644,1500.72265567881,,
999.963402096928,-201.030900762817,1489.0293575482,-200.960053531632,-146.124765502921,-29.4109411295079,1003.88121921472,1500.85779795683,,
1000.03294293322,-200.540936858866,1489.19155749188,-200.94180195798,-145.927097829153,-28.0443100761686,1003.94168950715,1500.99296457657,,
1000.10249214783,-200.314750487089,1489.35378665351,-200.93055879954,-145.794824571342,-26.7304129945534,1004.00216708507,1501.12815554459,,
1000.17204974224,-200.561593604848,1489.51604504098,-200.948477535162,-146.552010234379,-25.4675782243986,1004.06265194977,1501.26337086748,,
1000.24161571798,-201.058314552729,1489.6783326622,-200.963626632197,-148.43641225386,-24.2542312504185,1004.12314410259,1501.39861055183,,
1000.31119007655,-201.264542817814,1489.84064952505,-200.951922215934,-150.411948205469,-23.0888863442426,1004.18364354483,1501.53387460421,,
1000.38077281949,-200.921607548357,1490.00299563746,-200.933287329738,-148.454970000036,-21.9701392945392,1004.24415027782,1501.66916303122,,
1000.45036394831,-200.448527043522,1490.16537100732,-200.942547556316,-150.625012590521,-20.8966610965494,1004.30466430288,1501.80447583943,,
1000.51996346451,-200.33215109682,1490.32777564254,-200.963206469843,-151.679513241312,-19.8671919815434,1004.36518562131,1501.93981303545,,
1000.58957136962,-200.677937471264,1490.49020955104,-200.962881954439,-156.775231838137,-18.8805361523693,1004.42571423445,1502.07517462587,,
1000.65918766514,-201.165835844458,1490.65267274074,-200.941721710491,-157.432196541017,-17.9355571819256,1004.4862501436,1502.21056061728,,
1000.72881235262,-201.24601963042,1490.81516521954,-200.937381403033,-134.579038127331,-17.0311735529399,1004.5467933501,1502.34597101628,,
1000.79844543354,-200.81740027293,1490.97768699536,-200.956933318387,-125.869005204374,-16.1663547707794,1004.60734385525,1502.48140582947,,
1000.86808690943,-200.385139067649,1491.14023807615,-200.970087063784,-138.159341388575,-15.3401179506266,1004.66790166037,1502.61686506346,,
1000.93773678182,-200.371022479875,1491.30281846983,-200.956313177402,-91.4644482532663,-14.5515245031632,1004.7284667668,1502.75234872486,,
1001.00739505223,-200.790212024512,1491.46542818431,-200.93862136824,-59.5880452799926,-13.7996770979169,1004.78903917585,1502.88785682026,,
1001.07706172215,-201.244916833629,1491.62806722754,-200.946904891738,-38.4523175587639,-13.0837172096681,1004.84961888883,1503.02338935628,,
1001.14673679314,-201.208884920527,1491.79073560745,-200.967828166972,-23.1771068647913,-12.4028223725779,1004.91020590708,1503.15894633954,,
1001.21642026669,-200.727262942886,1491.95343333197,-200.971328167627,-12.1906956019234,-11.7562040740985,1004.9708002319,1503.29452777664,,
1001.28611214434,-200.346200157906,1492.11616040905,-200.951192268389,-4.89319721859444,-11.1431056622789,1005.03140186464,1503.43013367421,,
1001.35581242758,-200.420863471092,1492.27891684664,-200.941335892282,-1.27160326674093,-10.5628003569602,1005.09201080659,1503.56576403887,,
1001.42552111797,-200.890833092222,1492.44170265269,-200.955748716408,-2.12016882668036,-10.0145895453532,1005.1526270591,1503.70141887724,,
1001.495238217,-201.299798266335,1492.60451783513,-200.975282748398,-7.5542385050724,-9.49780109145252,1005.21325062348,1503.83709819594,,
1001.56496372621,-201.165754259102,1492.76736240192,-200.970847183875,-3.20539842617899,-9.01178790253644,1005.27388150105,1503.9728020016,,
1001.63469764711,-200.655129959279,1492.93023636102,-200.950415378868,-5.23900529096421,-8.55592639249379,1005.33451969314,1504.10853030085,,
1001.70443998123,-200.325539153817,1493.09313972038,-200.945233772377,-5.72584104577302,-8.12961530673992,1005.39516520107,1504.24428310032,,
1001.77419073008,-200.472742653164,1493.25607248798,-200.962466736227,-3.1672883108472,-7.732274457429,1005.45581802616,1504.38006040665,,
1001.84394989521,-200.975687126609,1493.41903467176,-200.980226494331,-9.64383233301634,-7.36334360111651,1005.51647816975,1504.51586222647,,
1001.91371747812,-201.337062785319,1493.5820262797,-200.972260041448,-4.15040152990755,-7.02228141474312,1005.57714563315,1504.65168856642,,
1001.98349348034,-201.126306872344,1493.74504731978,-200.952976391635,-10.8169540259907,-6.70856447902239,1005.63782041769,1504.78753943315,,
1002.05327790339,-200.601736032873,1493.90809779996,-200.948241887895,-3.98444911191078,-6.42168639758385,1005.69850252469,1504.9234148333,,
1002.12307074881,-200.316878152311,1494.07117772821,-200.966449215167,-14.0908048298463,-6.16115695940893,1005.75919195549,1505.05931477351,,
1002.19287201811,-200.519622377256,1494.23428711252,-200.983714225278,-3.37953989991963,-5.92650127737604,1005.8198887114,1505.19523926043,,
1002.26268171281,-201.043198511874,1494.39742596086,-200.977055349558,-6.02020112812497,-5.71725912716138,1005.88059279375,1505.33118830072,,
1002.33249983446,-201.363664938406,1494.56059428124,-200.95805809023,-2.05458791086385,-5.53298418226181,1005.94130420388,1505.46716190103,,
1002.40232638457,-201.097320551248,1494.72379208161,-200.95037026835,3.42652057484235,-5.37324339421297,1006.0020229431,1505.60316006801,,
1002.47216136465,-200.566252261321,1494.88701936998,-200.967016017764,2.83729768534585,-5.23761634761382,1006.06274901274,1505.73918280832,,
1002.54200477625,-200.314746844912,1495.05027615436,-200.985753276077,1.34169242702006,-5.12569471420356,1006.12348241413,1505.87523012863,,
1002.6118566209,-200.55628391715,1495.21356244271,-200.984668301821,1.99680064304024,-5.0370816770776,1006.18422314861,1506.01130203559,,
1002.68171690011,-201.093188338261,1495.37687824304,-200.966505632047,4.1992251252552,-4.97139143878665,1006.24497121749,1506.14739853587,,
1002.75158561542,-201.385589490456,1495.54022356337,-200.953297708102,4.62580310226297,-4.92824872332815,1006.3057266221,1506.28351963614,,
1002.82146276835,-201.083299988947,1495.7035984117,-200.964121770279,5.3428628802445,-4.90728832648775,1006.36648936378,1506.41966534308,,
1002.89134836043,-200.547532395643,1495.86700279601,-200.984331312496,6.03646988372728,-4.90815467908488,1006.42725944385,1506.55583566334,,
1002.9612423932,-200.315017716561,1496.03043672434,-200.992659021553,4.43962589228936,-4.93050144607766,1006.48803686365,1506.69203060362,,
1003.03114486818,-200.579060273952,1496.1939002047,-200.979458663718,3.24356158391402,-4.97399113894126,1006.5488216245,1506.82825017058,,
1003.10105578689,-201.125788786433,1496.35739324509,-200.960530100743,1.91362548429506,-5.03829474833103,1006.60961372773,1506.96449437091,,
1003.17097515088,-201.407061839852,1496.52091585354,-200.960323529963,-1.2075129585268,-5.12309140051479,1006.67041317468,1507.10076321128,,
1003.24090296167,-201.087200654305,1496.68446803807,-200.977249007649,0.324074356877137,-5.22806803162529,1006.73121996667,1507.23705669839,,
1003.31083922078,-200.544984855142,1496.8480498067,-200.995487630943,4.86721842150827,-5.35291906933307,1006.79203410503,1507.37337483892,,
1003.38078392977,-200.315232085007,1497.01166116747,-200.994511883303,5.61837198691096,-5.49734615482296,1006.8528555911,1507.50971763956,,
1003.45073709014,-200.585565345527,1497.17530212841,-200.976142937767,-0.950826134800908,-5.66105784374903,1006.91368442621,1507.64608510701,,
1003.52069870344,-201.140589742139,1497.33897269754,-200.962941735492,-4.87711706727749,-5.84376935039927,1006.97452061169,1507.78247724795,,
1003.59066877121,-201.430080760526,1497.5026728829,-200.966927745953,-0.564285034495531,-6.04520229262562,1007.03536414888,1507.91889406908,,
1003.66064729497,-201.110956092297,1497.66640269253,-200.987021605801,-10.391542138547,-6.26508446366549,1007.0962150391,1508.05533557711,,
1003.73063427623,-200.559134923011,1497.83016213449,-201.002213905823,-4.44152764949058,-6.5031495671258,1007.15707328368,1508.19180177874,,
1003.80062971657,-200.314845251829,1497.99395121679,-200.997174621774,-4.50365747594009,-6.75913704189283,1007.21793888397,1508.32829268066,,
1003.8706336175,-200.574577340331,1498.15776994751,-200.980218326129,-8.75323325507311,-7.03279183107383,1007.2788118413,1508.46480828959,,
1003.94064598054,-201.136129365416,1498.32161833469,-200.966292115028,-3.46011863188729,-7.32386416457645,1007.33969215699,1508.60134861224,,
1004.01066680725,-201.454047037954,1498.48549638638,-200.971637439584,-6.04691643869821,-7.63210942813232,1007.40057983239,1508.73791365532,,
1004.08069609914,-201.155641884158,1498.64940411064,-200.991539887587,-4.63253816731041,-7.95728790575352,1007.46147486882,1508.87450342553,,
1004.15073385777,-200.591919088817,1498.81334151553,-201.006112645785,-2.83550717517895,-8.29916468785883,1007.52237726763,1509.01111792961,,
1004.22078008467,-200.315468619789,1498.97730860911,-201.005439332815,-7.07221210284619,-8.6575094194075,1007.58328703015,1509.14775717426,,
1004.29083478138,-200.546189720813,1499.14130539944,-200.988749460174,-4.3707703368861,-9.03209622528058,1007.64420415772,1509.2844211662,,
1004.36089794941,-201.109820605335,1499.30533189462,-200.972742045638,-2.45026887276004,-9.4227034761662,1007.70512865166,1509.42110991218,,
1004.43096959032,-201.475366644495,1499.46938810267,-200.973782112483,-5.68154760570552,-9.82911372995591,1007.76606051332,1509.55782341889,,
1004.50104970563,-201.221156472234,1499.63347403171,-200.988674069211,-5.49570840530546,-10.2511135269677,1007.82699974403,1509.69456169309,,
1004.5711382969,-200.646697189024,1499.79758968979,-201.007798926069,-1.86832418615437,-10.6884932599462,1007.88794634513,1509.83132474149,,
1004.64123536565,-200.321125628001,1499.961735085,-201.014989107982,-1.46123665889686,-11.1410471157743,1007.94890031796,1509.96811257083,,
1004.71134091344,-200.50227940292,1500.12591022542,-201.003377179893,-3.61372348182313,-11.6085728393436,1008.00986166386,1510.10492518785,,
1004.78145494178,-201.058425606657,1500.29011511915,-200.986531185183,-7.84215831801795,-12.0908717314573,1008.07083038416,1510.24176259929,,
1004.85157745222,-201.487085312649,1500.45434977426,-200.976511436438,-13.9775725037119,-12.5877484436643,1008.13180648019,1510.37862481188,,
1004.92170844631,-201.305311377256,1500.61861419884,-200.981881382434,-22.0428461564722,-13.0990109149813,1008.19278995331,1510.51551183237,,
1004.99184792558,-200.72788367672,1500.78290840101,-201.00120839517,-32.2302628286767,-13.6244702686996,1008.25378080485,1510.65242366751,,
1005.06199589156,-200.338465008684,1500.94723238885,-201.017182854951,-44.9664564279194,-14.1639406679337,1008.31477903614,1510.78936032404,,
1005.13215234581,-200.447257109552,1501.11158617045,-201.020167045412,-61.1587294035171,-14.7172393411972,1008.37578464853,1510.92632180871,,
1005.20231728985,-200.979191247062,1501.27596975394,-201.009875167976,-83.2203767930184,-15.284186274666,1008.43679764335,1511.06330812828,,
1005.27249072524,-201.478860009509,1501.4403831474,-200.991720850083,-126.876438478138,-15.8646043495844,1008.49781802195,1511.2003192895,,
1005.34267265352,-201.402267225736,1501.60482635897,-200.982045720821,-121.68253035355,-16.4583190547409,1008.55884578567,1511.33735529914,,
1005.41286307623,-200.839990904243,1501.76929939673,-200.987859381651,-123.447261208379,-17.0651585974509,1008.61988093585,1511.47441616394,,
1005.4830619949,-200.376787111256,1501.93380226882,-201.003189335433,-129.858284235578,-17.6849536483178,1008.68092347383,1511.61150189068,,
1005.55326941108,-200.388960007316,1502.09833498333,-201.021365840758,-144.296879800048,-18.3175374177195,1008.74197340094,1511.74861248611,,
1005.62348532632,-200.87166938028,1502.26289754842,-201.029742395157,-149.206339204757,-18.9627453921891,1008.80303071854,1511.88574795702,,
1005.69370974217,-201.437852600255,1502.42748997219,-201.021815597667,-149.938186432689,-19.6204154792358,1008.86409542797,1512.02290831016,,
1005.76394266013,-201.500451078494,1502.59211226276,-201.006897053517,-149.552224818206,-20.2903877420102,1008.92516753055,1512.1600935523,,
1005.8341840818,-200.98574947031,1502.75676442829,-200.993265780107,-147.862348231692,-20.9725044417592,1008.98624702765,1512.29730369024,,
1005.9044340087,-200.448071471386,1502.92144647688,-200.988366706973,-149.46841001165,-21.6666099904318,1009.04733392061,1512.43453873073,,
1005.97469244236,-200.339245342613,1503.08615841668,-200.998670222997,-148.782883620598,-22.3725507312206,1009.10842821075,1512.57179868057,,
1006.04495938436,-200.739346861457,1503.25090025584,-201.01653540575,-147.111742843153,-23.0901751580487,1009.16952989944,1512.70908354653,,
1006.11523483621,-201.350688502888,1503.41567200249,-201.03101276867,-147.365750607767,-23.8193334891819,1009.23063898801,1512.84639333541,,
1006.18551879948,-201.580759104229,1503.58047366478,-201.037933389624,-148.286795819243,-24.5598778943263,1009.29175547781,1512.98372805398,,
1006.25581127571,-201.163518381936,1503.74530525084,-201.032046389948,-147.984280263839,-25.3116623956773,1009.35287937018,1513.12108770903,,
1006.32611226644,-200.563975027408,1503.91016676884,-201.016073913329,-147.190372810216,-26.074542620447,1009.41401066647,1513.25847230737,,
1006.39642177322,-200.315261905404,1504.07505822694,-201.002619243499,-146.523088864038,-26.8483760055677,1009.47514936802,1513.39588185578,,
1006.46673979761,-200.59476752767,1504.23997963327,-200.997140446776,-146.149238508409,-27.6330215522825,1009.53629547618,1513.53331636106,,
1006.53706634113,-201.21031650212,1504.40493099602,-201.000985358589,-145.917097944309,-28.4283398810087,1009.59744899229,1513.67077583002,,
1006.60740140537,-201.615736858752,1504.56991232333,-201.016053304027,-145.939178933569,-29.234193145598,1009.65860991771,1513.80826026944,,
1006.67774499184,-201.359678059595,1504.73492362338,-201.034115033528,-146.169026577403,-30.050444944114,1009.71977825377,1513.94576968615,,
1006.7480971021,-200.735525337344,1504.89996490433,-201.044725980244,-146.510887584837,-30.8769603880327,1009.78095400183,1514.08330408694,,
1006.81845773771,-200.337192175475,1505.06503617434,-201.047068684173,-146.881966224789,-31.7136059181803,1009.84213716323,1514.22086347862,,
1006.88882690022,-200.456438621616,1505.23013744162,-201.040555275562,-147.309829091932,-32.5602492523603,1009.90332773932,1514.35844786802,,
1006.95920459116,-201.018381391184,1505.39526871432,-201.025564228511,-147.810102859653,-33.4167595054582,1009.96452573144,1514.49605726193,,
1007.0295908121,-201.575479471266,1505.56043000062,-201.011828550701,-148.348894392727,-34.2830070454715,1010.02573114096,1514.63369166718,,
1007.09998556458,-201.547198589133,1505.72562130872,-201.006559124766,-148.896552515156,-35.1588634273549,1010.0869439692,1514.7713510906,,
1007.17038885016,-200.966242357849,1505.89084264679,-201.008504541631,-149.446920835738,-36.0442013024122,1010.14816421753,1514.90903553899,,
1007.24080067038,-200.427562668414,1506.05609402303,-201.018443233076,-149.986836277462,-36.938894508172,1010.20939188729,1515.04674501919,,
1007.31122102682,-200.352043353341,1506.22137544562,-201.035494970754,-150.468599851614,-37.8428179620601,1010.27062697984,1515.18447953802,,
1007.38164992099,-200.792345184579,1506.38668692277,-201.05058666679,-150.867818523936,-38.7558476199994,1010.33186949651,1515.32223910231,,
1007.45208735447,-201.437328065084,1506.55202846267,-201.058086762191,-151.159142917254,-39.6778604111138,1010.39311943867,1515.46002371889,,
1007.52253332881,-201.679412526448,1506.71740007353,-201.059404904074,-151.332334076814,-40.608734170276,1010.45437680766,1515.59783339461,,
1007.59298784555,-201.24354875559,1506.88280176354,-201.053232209445,-151.375635215684,-41.5483478207837,1010.51564160483,1515.73566813628,,
1007.66345090627,-200.606319605301,1507.04823354091,-201.039771828101,-151.319909399254,-42.4965810159131,1010.57691383154,1515.87352795076,,
1007.73392251251,-200.315648548691,1507.21369541387,-201.026935286329,-151.193164717426,-43.4533142429903,1010.63819348914,1516.01141284489,,
1007.80440266582,-200.566503968207,1507.37918739061,-201.019849321067,-151.023092093756,-44.4184288370796,1010.69948057897,1516.14932282551,,
1007.87489136775,-201.201169506065,1507.54470947936,-201.01719808837,-150.832675146998,-45.3918068381025,1010.76077510239,1516.28725789947,,
1007.94538861987,-201.697968131435,1507.71026168833,-201.020817270833,-150.647367338077,-46.373331166922,1010.82207706076,1516.42521807361,,
1008.01589442373,-201.526545437875,1507.87584402575,-201.033102220552,-150.491731836091,-47.3628851809182,1010.88338645542,1516.56320335479,,
1008.08640878089,-200.881924562575,1508.04145649984,-201.048465324059,-150.372153245193,-48.3603530684602,1010.94470328773,1516.70121374987,,
1008.1569316929,-200.383304665683,1508.20709911883,-201.06067201848,-150.295431026451,-49.3656195082891,1011.00602755904,1516.83924926569,,
1008.22746316132,-200.389041237043,1508.37277189096,-201.070272544582,-150.265246210264,-50.3785697967265,1011.06735927071,1516.97730990913,,
1008.2980031877,-200.89995883842,1508.53847482445,-201.076620685344,-150.288102673141,-51.3990897828684,1011.12869842409,1517.11539568704,,
1008.36855177362,-201.557866171588,1508.70420792754,-201.075112774883,-150.369105445095,-52.4270656795278,1011.19004502054,1517.25350660628,,
1008.43910892061,-201.737447266351,1508.86997120846,-201.06664737162,-150.503420077175,-53.4623843210485,1011.2513990614,1517.39164267372,,
1008.50967463025,-201.235439837708,1509.03576467549,-201.057110490156,-150.689841914954,-54.5049327305078,1011.31276054804,1517.52980389624,,
1008.58024890408,-200.584776128722,1509.20158833684,-201.047811100272,-150.929375508459,-55.554598410692,1011.37412948181,1517.6679902807,,
1008.65083174368,-200.315372771157,1509.36744220078,-201.037791971654,-151.224083592027,-56.6112692475097,1011.43550586407,1517.80620183398,,
1008.7214231506,-200.597887572675,1509.53332627554,-201.031190241135,-151.577624367136,-57.6748332757265,1011.49688969617,1517.94443856295,,
1008.79202312638,-201.262524232662,1509.6992405694,-201.0319997829,-151.985904260097,-58.7451786920273,1011.55828097946,1518.0827004745,,
1008.86263167262,-201.776386761942,1509.8651850906,-201.037370423137,-152.443622421248,-59.8221942115999,1011.61967971532,1518.2209875755,,
1008.93324879084,-201.597789496707,1510.03115984742,-201.043935609862,-152.951074470078,-60.9057683617881,1011.68108590508,1518.35929987285,,
1009.00387448264,-200.927761791648,1510.1971648481,-201.053674186692,-153.509203612482,-61.9957898633091,1011.74249955012,1518.49763737342,,
1009.07450874955,-200.398485289233,1510.36320010093,-201.067368656465,-154.120346282577,-63.0921475553884,1011.80392065178,1518.63600008411,,
1009.14515159314,-200.377191583972,1510.52926561417,-201.080067066165,-154.782812937536,-64.194730244614,1011.86534921143,1518.77438801181,,
1009.21580301499,-200.880654233586,1510.69536139609,-201.08825405563,-155.485427958832,-65.3034265791436,1011.92678523043,1518.91280116341,,
1009.28646301665,-201.578295186962,1510.86148745497,-201.094148339776,-156.219530134834,-66.4181253601626,1011.98822871013,1519.05123954581,,
1009.35713159967,-201.836996026185,1511.02764379909,-201.098977083712,-156.981557050226,-67.5387149807611,1012.04967965189,1519.18970316591,,
1009.42780876563,-201.369026251116,1511.19383043674,-201.09945081319,-157.761343804887,-68.6650835808381,1012.11113805707,1519.32819203062,,
1009.49849451608,-200.673640668629,1511.3600473762,-201.094413880597,-158.54317271676,-69.7971193372018,1012.17260392703,1519.46670614683,,
1009.56918885261,-200.321077767573,1511.52629462574,-201.088045969614,-159.307257368073,-70.9347099941261,1012.23407726314,1519.60524552145,,
1009.63989177676,-200.527548645631,1511.69257219368,-201.083121181453,-160.023143079162,-72.0777426332235,1012.29555806675,1519.7438101614,,
1009.7106032901,-201.180277315781,1511.8588800883,-201.077225605887,-160.658568617492,-73.2261043214119,1012.35704633922,1519.88240007358,,
1009.7813233942,-201.803559371366,1512.02521831789,-201.068770482725,-161.192679412612,-74.3796812934448,1012.41854208191,1520.02101526491,,
1009.85205209062,-201.776214151168,1512.19158689077,-201.061213112712,-161.613041485062,-75.5383592779759,1012.48004529619,1520.15965574231,,
1009.92278938093,-201.128858258403,1512.35798581523,-201.057818368384,-161.914703442901,-76.702023389401,1012.54155598342,1520.29832151269,,
1009.9935352667,-200.495633723191,1512.52441509958,-201.05680324764,-162.104762400441,-77.8705581426661,1012.60307414496,1520.43701258298,,
1010.0642897495,-200.328613836942,1512.69087475213,-201.055401081972,-162.199429618726,-79.0438468574947,1012.66459978217,1520.57572896011,,
1010.13505283087,-200.724214109336,1512.85736478119,-201.05517428304,-162.222163222362,-80.2217723046996,1012.72613289641,1520.71447065099,,
1010.20582451241,-201.454563892571,1513.02388519508,-201.059181596878,-162.203070991593,-81.4042162844144,1012.78767348905,1520.85323766257,,
1010.27660479568,-201.932263184355,1513.19043600211,-201.066244853145,-162.170162646626,-82.5910593517703,1012.84922156146,1520.99203000176,,
1010.34739368223,-201.651694197414,1513.35701721062,-201.072331526319,-162.141916689583,-83.7821808012104,1012.91077711498,1521.13084767552,,
1010.41819117365,-200.921330475158,1513.52362882892,-201.076689525673,-162.129586573775,-84.9774590808854,1012.972340151,1521.26969069077,,
1010.4889972715,-200.38866562625,1513.69027086534,-201.082538699013,-162.141319393176,-86.1767709487673,1013.03391067087,1521.40855905445,,
1010.55981197734,-200.390807531599,1513.85694332821,-201.091382941489,-162.182766913089,-87.3799916783227,1013.09548867595,1521.54745277351,,
1010.63063529276,-200.931622409432,1514.02364622587,-201.100276301071,-162.257529597287,-88.5869950898659,1013.15707416762,1521.68637185489,,
1010.70146721933,-201.681085627135,1514.19037956665,-201.106251711422,-162.368358522501,-89.7976531853168,1013.21866714724,1521.82531630554,,
1010.7723077586,-201.986164125732,1514.35714335889,-201.110771515235,-162.517096275862,-91.0118362141299,1013.28026761617,1521.96428613241,,
1010.84315691215,-201.513382308271,1514.52393761094,-201.117313234619,-162.704203012582,-92.2294122295274,1013.34187557578,1522.10328134245,,
1010.91401468156,-200.762461220762,1514.69076233114,-201.125907185698,-162.929430395849,-93.4502473479346,1013.40349102744,1522.24230194262,,
1010.9848810684,-200.335839545474,1514.85761752784,-201.132802086813,-163.192444466816,-94.6742054474731,1013.46511397252,1522.38134793987,,
1011.05575607423,-200.478920659098,1515.02450320939,-201.135626792957,-163.492311015308,-95.9011476238993,1013.52674441237,1522.52041934116,,
1011.12663970063,-201.124137740858,1515.19141938416,-201.136596792718,-163.827322578079,-97.1309325983788,1013.58838234837,1522.65951615347,,
1011.19753194916,-201.855776641596,1515.35836606049,-201.139435947292,-164.196233594726,-98.3634162692914,1013.65002778188,1522.79863838374,,
1011.26843282142,-201.998166659427,1515.52534324675,-201.144546788893,-164.59920875621,-99.5984513404366,1013.71168071428,1522.93778603896,,
1011.33934231897,-201.393624207581,1515.6923509513,-201.14890668492,-165.036779834313,-100.835887443187,1013.77334114693,1523.07695912608,,
1011.41026044339,-200.652232514528,1515.85938918251,-201.150412045352,-165.508102506572,-102.075570627033,1013.83500908121,1523.21615765209,,
1011.48118719624,-200.31768014096,1516.02645794875,-201.150684970886,-166.011008545037,-103.31734322773,1013.89668451847,1523.35538162396,,
1011.5521225791,-200.569205354437,1516.19355725839,-201.15285236409,-166.543916300492,-104.561043730363,1013.95836746009,1523.49463104866,,
1011.62306659356,-201.285982679537,1516.36068711983,-201.157495821037,-167.107149004226,-105.806506129658,1014.02005790744,1523.63390593319,,
1011.69401924117,-201.986690257381,1516.52784754141,-201.16196162967,-167.701970792973,-107.0535603707,1014.08175586189,1523.77320628451,,
1011.76498052352,-201.999333959901,1516.69503853154,-201.163668731938,-168.328434234622,-108.302030981239,1014.1434613248,1523.91253210962,,
1011.83595044219,-201.309699408083,1516.8622600986,-201.163203341839,-168.984384885094,-109.551737271982,1014.20517429756,1524.0518834155,,
1011.90692899876,-200.584162996851,1517.02951225098,-201.163557779526,-169.666555876674,-110.802493702629,1014.26689478153,1524.19126020915,,
1011.97791619479,-200.316890670134,1517.19679499707,-201.166649475416,-170.372603553354,-112.054108068544,1014.32862277808,1524.33066249756,,
1012.04891203187,-200.643832724959,1517.36410834526,-201.171242705635,-171.102277082245,-113.306381981179,1014.39035828858,1524.47009028772,,
1012.11991651157,-201.408773164693,1517.53145230396,-201.174455671244,-171.856871444302,-114.559110502164,1014.45210131441,1524.60954358663,,
1012.19092963548,-202.086259523182,1517.69882688156,-201.174959789846,-172.637515169364,-115.812080970687,1014.51385185694,1524.7490224013,,
1012.26195140518,-202.01318033465,1517.86623208646,-201.174335450411,-173.443592094453,-117.065073027359,1014.57560991755,1524.88852673872,,
1012.33298182223,-201.26993934489,1518.03366792709,-201.17529170525,-174.272415489531,-118.317858220523,1014.63737549759,1525.02805660591,,
1012.40402088822,-200.551307118471,1518.20113441184,-201.178816357341,-175.120324713217,-119.570198761379,1014.69914859845,1525.16761200987,,
1012.47506860474,-200.320623962746,1518.36863154914,-201.183189937071,-175.984069256253,-120.821847219421,1014.76092922151,1525.30719295762,,
1012.54612497335,-200.690532022664,1518.53615934739,-201.185681117953,-176.860702558457,-122.072546197542,1014.82271736813,1525.44679945616,,
1012.61718999564,-201.487983091285,1518.70371781501,-201.185106705931,-177.745461387717,-123.322026739491,1014.88451303969,1525.58643151251,,
1012.68826367319,-202.16483498933,1518.87130696044,-201.182790594089,-178.629851280626,-124.570008220183,1014.94631623756,1525.7260891337,,
1012.7593460076,-202.054983415551,1519.03892679209,-201.181166093062,-179.503462490946,-125.816197446227,1015.00812696313,1525.86577232674,,
1012.83043700042,-201.279029236188,1519.20657731839,-201.181480159496,-180.359883939026,-127.0602872376,1015.06994521776,1526.00548109866,,
1012.90153665325,-200.549666431805,1519.37425854779,-201.182686888656,-181.20093805531,-128.301955756771,1015.13177100283,1526.14521545649,,
1012.97264496768,-200.321560504426,1519.54197048869,-201.18237060023,-182.031944537657,-129.540865520876,1015.19360431972,1526.28497540724,,
1013.04376194527,-200.701909306734,1519.70971314956,-201.178771807498,-182.849170339462,-130.776661718773,1015.2554451698,1526.42476095797,,
1013.11488758762,-201.519770795559,1519.87748653883,-201.172189185068,-183.632106748387,-132.008971317742,1015.31729355445,1526.56457211569,,
1013.18602189631,-202.226383153688,1520.04529066495,-201.164703858236,-184.353913730971,-133.237401848672,1015.37914947505,1526.70440888746,,
1013.25716487292,-202.132636990162,1520.21312553635,-201.158606691645,-185.005728741806,-134.461540161915,1015.44101293297,1526.84427128029,,
1013.32831651904,-201.341321924007,1520.3809911615,-201.154851696997,-185.607962918324,-135.680949960207,1015.5028839296,1526.98415930125,,
1013.39947683625,-200.580016534352,1520.54888754884,-201.152662818978,-186.189130927495,-136.895170032413,1015.5647624663,1527.12407295737,,
1013.47064582614,-200.318545031261,1520.71681470685,-201.150450677642,-186.751096682288,-138.103712707411,1015.62664854447,1527.26401225571,,
1013.54182349029,-200.67521263304,1520.88477264396,-201.147265190375,-187.260160419684,-139.306062579955,1015.68854216547,1527.4039772033,,
1013.61300983029,-201.499337140006,1521.05276136865,-201.143728674095,-187.681981022561,-140.501675219714,1015.75044333069,1527.54396780721,,
1013.68420484774,-202.266019014876,1521.22078088938,-201.141854992474,-188.027727169252,-141.689973456673,1015.81235204151,1527.68398407448,,
1013.7554085442,-202.246649413968,1521.38883121462,-201.143957848107,-188.35174000554,-142.870344231582,1015.8742682993,1527.82402601218,,
1013.82662092127,-201.462094591396,1521.55691235284,-201.151398891665,-188.695645373913,-144.042134346708,1015.93619210545,1527.96409362737,,
1013.89784198053,-200.648726974158,1521.72502431253,-201.163911045064,-189.039491752187,-145.204649350608,1015.99812346133,1528.10418692711,,
1013.96907172358,-200.317126409578,1521.89316710215,-201.179786405089,-189.314019946944,-146.357154527142,1016.06006236833,1528.24430591846,,
1014.040310152,-200.612960327955,1522.06134073019,-201.196696534818,-189.474387031186,-147.498874806463,1016.12200882783,1528.38445060849,,
1014.11155726739,-201.421560547411,1522.22954520514,-201.212612190479,-189.558593561495,-148.628986517387,1016.18396284121,1528.52462100428,,
1014.18281307133,-202.269232504869,1522.39778053547,-201.226327950675,-189.651220604202,-149.74660415959,1016.24592440985,1528.66481711289,,
1014.25407756541,-202.388130049959,1522.56604672969,-201.237402858558,-189.793948657877,-150.850775496207,1016.30789353514,1528.80503894141,,
1014.32535075122,-201.646663994671,1522.73434379628,-201.245690755882,-189.939161758334,-151.940486364618,1016.36987021845,1528.9452864969,,
1014.39663263035,-200.767719091236,1522.90267174375,-201.250839529324,-189.990817301471,-153.014678874798,1016.43185446117,1529.08555978646,,
1014.46792320438,-200.329999012316,1523.07103058059,-201.252101514919,-189.905867962471,-154.07225057995,1016.49384626468,1529.22585881716,,
1014.53922247493,-200.524336949101,1523.23942031532,-201.248584703463,-189.745304652775,-155.112028045339,1016.55584563037,1529.3661835961,,
1014.61053044356,-201.284088942395,1523.40784095642,-201.239829029468,-189.606379849946,-156.132723078446,1016.61785255962,1529.50653413035,,
1014.68184711188,-202.213770799232,1523.57629251241,-201.226428109566,-189.525234190643,-157.132923968064,1016.67986705381,1529.64691042701,,
1014.75317248148,-202.534772605691,1523.74477499182,-201.210386852291,-189.449743113798,-158.111147414567,1016.74188911433,1529.78731249318,,
1014.82450655394,-201.896828240383,1523.91328840315,-201.195007424342,-189.297474005809,-159.065911822168,1016.80391874256,1529.92774033596,,
1014.89584933087,-200.953304416932,1524.08183275492,-201.184270908688,-189.047703710295,-159.995743020472,1016.86595593989,1530.06819396243,,
1014.96720081386,-200.377064604084,1524.25040805565,-201.181859161836,-188.767821336153,-160.899061143483,1016.9280007077,1530.20867337971,,
1015.0385610045,-200.426738658785,1524.41901431387,-201.190076374296,-188.544733345351,-161.774039562769,1016.99005304739,1530.34917859489,,
1015.10992990437,-201.092139675319,1524.58765153811,-201.208965493067,-188.407285671497,-162.618612558237,1017.05211296032,1530.48970961509,,
1015.1813075151,-202.075953822292,1524.75631973689,-201.235885827752,-188.308269471493,-163.430695665434,1017.11418044791,1530.63026644741,,
1015.25269383825,-202.646860078059,1524.92501891875,-201.265751647803,-188.170729416531,-164.208445513458,1017.17625551152,1530.77084909896,,
1015.32408887542,-202.203632394585,1525.09374909224,-201.292017665034,-187.962919682375,-164.950236798133,1017.23833815254,1530.91145757687,,
1015.39549262823,-201.223164062802,1525.2625102659,-201.308314316929,-187.729253622751,-165.654277517207,1017.30042837237,1531.05209188825,,
1015.46690509825,-200.485172130207,1525.43130244826,-201.310228283203,-187.54327116299,-166.318215787707,1017.36252617239,1531.19275204022,,
1015.53832628709,-200.346568803426,1525.60012564787,-201.297672330556,-187.43951543133,-166.939251238453,1017.42463155399,1531.33343803989,,
1015.60975619634,-200.862386290863,1525.76897987329,-201.273804893651,-187.386462241657,-167.514826681371,1017.48674451856,1531.47414989441,,
1015.68119482761,-201.841887823574,1525.93786513307,-201.247023869449,-187.315273538804,-168.043266019572,1017.54886506749,1531.61488761089,,
1015.75264218248,-202.668922446151,1526.10678143575,-201.225754025681,-187.182943205098,-168.523587417025,1017.61099320216,1531.75565119646,,
1015.82409826257,-202.535834449197,1526.27572878991,-201.218258421821,-187.013929539099,-168.954508411462,1017.67312892397,1531.89644065826,,
1015.89556306945,-201.590014139591,1526.44470720412,-201.22866407452,-186.874405326404,-169.333640379646,1017.7352722343,1532.03725600343,,
1015.96703660474,-200.683220382476,1526.61371668691,-201.255306388526,-186.810217412415,-169.657914364854,1017.79742313456,1532.17809723909,,
1016.03851887003,-200.31851585523,1526.78275724689,-201.290449364339,-186.808710669324,-169.925039001625,1017.85958162611,1532.31896437241,,
1016.11000986693,-200.628599225649,1526.9518288926,-201.322229393181,-186.80974801373,-170.134549264538,1017.92174771037,1532.4598574105,,
1016.18150959702,-201.519762926272,1527.12093163265,-201.338823831006,-186.758206526219,-170.287204237871,1017.98392138871,1532.60077636054,,
1016.25301806192,-202.545192235033,1527.29006547558,-201.333650254321,-186.656266683144,-170.383237697263,1018.04610266254,1532.74172122965,,
1016.32453526321,-202.827234165334,1527.45923043,-201.309168882298,-186.561147036333,-170.421285108801,1018.10829153323,1532.882692025,,
1016.39606120253,-202.049526835545,1527.62842650449,-201.276864030913,-186.531563298352,-170.399219315897,1018.1704880022,1533.02368875374,,
1016.46759588143,-201.002637819403,1527.79765370762,-201.252848163078,-186.578609894176,-170.316112942396,1018.23269207081,1533.16471142302,,
1016.53913930155,-200.382948312783,1527.96691204801,-201.250894210899,-186.658352351112,-170.173283860248,1018.29490374048,1533.30576004001,,
1016.61069146449,-200.432501071337,1528.13620153423,-201.275836314075,-186.709473719371,-169.973338328031,1018.3571230126,1533.44683461186,,
1016.68225237183,-201.14571714649,1528.3055221749,-201.320070339628,-186.709759193466,-169.718243483045,1018.41934988855,1533.58793514575,,
1016.75382202519,-202.249545804507,1528.4748739786,-201.365264599652,-186.697427439949,-169.408410512245,1018.48158436973,1533.72906164883,,
1016.82540042617,-202.976823613375,1528.64425695394,-201.390155971585,-186.732377810234,-169.043585372942,1018.54382645754,1533.87021412828,,
1016.89698757636,-202.560190701041,1528.81367110954,-201.382147397391,-186.838507968179,-168.624474451496,1018.60607615336,1534.01139259128,,
1016.9685834774,-201.46282236519,1528.98311645399,-201.34611214625,-186.978470974995,-168.153433426786,1018.66833345861,1534.15259704499,,
1017.04018813086,-200.58121949456,1529.15259299591,-201.303462886449,-187.081775458811,-167.633666451155,1018.73059837466,1534.29382749659,,
1017.11180153836,-200.325647457487,1529.32210074392,-201.280790220698,-187.11191456746,-167.067909576056,1018.79287090292,1534.43508395327,,
1017.1834237015,-200.778522311085,1529.49163970665,-201.294646403461,-187.110241245812,-166.457865493619,1018.85515104478,1534.57636642221,,
1017.25505462189,-201.810899505693,1529.66120989271,-201.340716944502,-187.163364952426,-165.804726477811,1018.91743880164,1534.71767491059,,
1017.32669430114,-202.885670500479,1529.83081131073,-201.393532741841,-187.328531786117,-165.110053434727,1018.9797341749,1534.85900942561,,
1017.39834274084,-203.020059890813,1530.00044396934,-201.41976822357,-187.583007390964,-164.37614097333,1019.04203716595,1535.00036997445,,
1017.46999994262,-202.056325535031,1530.17010787717,-201.400769603402,-187.830252543599,-163.605655668297,1019.10434777619,1535.14175656431,,
1017.54166590806,-200.948098827739,1530.33980304286,-201.348723370391,-187.975155637967,-162.801035777043,1019.16666600701,1535.28316920238,,
1017.61334063879,-200.358646539865,1530.50952947503,-201.300815652691,-188.021994076283,-161.964210126945,1019.22899185982,1535.42460789586,,
1017.68502413642,-200.486217591238,1530.67928718235,-201.293980875562,-188.08090643011,-161.096772866486,1019.29132533602,1535.56607265196,,
1017.75671640255,-201.309079836288,1530.84907617346,-201.338413576096,-188.267896318594,-160.200323918354,1019.353666437,1535.70756347788,,
1017.82841743878,-202.527048027103,1531.018896457,-201.406924702476,-188.604172410938,-159.276638829486,1019.41601516416,1535.84908038083,,
1017.90012724674,-203.270472041208,1531.18874804161,-201.449852931276,-188.979477643363,-158.327586479109,1019.4783715189,1535.99062336801,,
1017.97184582802,-202.719652755303,1531.35863093597,-201.432761634985,-189.216455587424,-157.354931941895,1019.54073550263,1536.13219244664,,
1018.04357318424,-201.499015044825,1531.52854514873,-201.369181235313,-189.245400450312,-156.360227142708,1019.60310711673,1536.27378762394,,
1018.11530931701,-200.57370842203,1531.69849068853,-201.313111591393,-189.204318319614,-155.344839012173,1019.66548636262,1536.41540890711,,
1018.18705422794,-200.331802808767,1531.86846756407,-201.31475218177,-189.308637658542,-154.310050328663,1019.72787324169,1536.55705630339,,
1018.25880791864,-200.843510063473,1532.03847578399,-201.378071846751,-189.667730872974,-153.257128575756,1019.79026775534,1536.69872981999,,
1018.33057039073,-201.982268662136,1532.20851535698,-201.45269905986,-190.189722016432,-152.187323384378,1019.85266990498,1536.84042946415,,
1018.40234164581,-203.176790127767,1532.3785862917,-201.473257270874,-190.591138301402,-151.101825176785,1019.91507969201,1536.98215524308,,
1018.47412168549,-203.305066100806,1532.54868859682,-201.423781105222,-190.634038584476,-150.001728015048,1019.97749711782,1537.12390716402,,
1018.5459105114,-202.208468668654,1532.71882228105,-201.359839083514,-190.439290673863,-148.88803410846,1020.03992218383,1537.26568523421,,
1018.61770812514,-200.994450402418,1532.88898735304,-201.354476806098,-190.348693435994,-147.761672942447,1020.10235489143,1537.40748946087,,
1018.68951452833,-200.361866307905,1533.05918382151,-201.423007437926,-190.549944904246,-146.623527893193,1020.16479524203,1537.54931985126,,
1018.76132972258,-200.50041711675,1533.22941169513,-201.498391170296,-190.879851112308,-145.474443099101,1020.22724323703,1537.69117641261,,
1018.83315370952,-201.39380174802,1533.39967098259,-201.491913882644,-190.85585151033,-144.315219035099,1020.28969887784,1537.83305915216,,
1018.90498649074,-202.750239868043,1533.56996169259,-201.399652870297,-190.217653882756,-143.146606417903,1020.35216216586,1537.97496807716,,
1018.97682806786,-203.608924586053,1533.74028383384,-201.323194080232,-189.37326500943,-141.969304834166,1020.41463310249,1538.11690319487,,
1019.04867844251,-202.980920695485,1533.91063741504,-201.361700634261,-188.863902908714,-140.783969148732,1020.47711168914,1538.25886451253,,
1019.12053761629,-201.611458792342,1534.08102244488,-201.497085032886,-188.907766872047,-139.591217134238,1020.53959792721,1538.4008520374,,
1019.19240559084,-200.596988938096,1534.25143893208,-201.589650040094,-189.308504207129,-138.391632097986,1020.60209181812,1538.54286577673,,
1019.26428236775,-200.33375895862,1534.42188688536,-201.529413981436,-189.386958433259,-137.18576773843,1020.66459336326,1538.6849057378,,
1019.33616794866,-200.890131461943,1534.59236631342,-201.395962919893,-188.594126997701,-135.974146870891,1020.72710256405,1538.82697192785,,
1019.40806233516,-202.152599892396,1534.76287722499,-201.371265884269,-187.426675279406,-134.757262001352,1020.78961942188,1538.96906435416,,
1019.4799655289,-203.514978706644,1534.9334196288,-201.510262845712,-186.63641173227,-133.535579200759,1020.85214393817,1539.111183024,,
1019.55187753147,-203.64248029145,1535.10399353356,-201.652292117176,-186.451989020681,-132.309537717421,1020.91467611432,1539.25332794463,,
1019.62379834451,-202.364220873974,1535.274598948,-201.614111094353,-186.481999211818,-131.079555654453,1020.97721595175,1539.39549912333,,
1019.69572796963,-201.020899350295,1535.44523588086,-201.48902963406,-185.875230178037,-129.846028985546,1021.03976345185,1539.53769656738,,
1019.76766640845,-200.356248371139,1535.61590434087,-201.524438177036,-184.580598091013,-128.609334605997,1021.10231861604,1539.67992028406,,
1019.83961366259,-200.54509851923,1535.78660433677,-201.698357426811,-183.605144861671,-127.369830676634,1021.16488144573,1539.82217028064,,
1019.91156973368,-201.572195755174,1535.9573358773,-201.650821088172,-183.347339251892,-126.127857549874,1021.22745194233,1539.96444656442,,
1019.98353462331,-203.122576427321,1536.1280989712,-201.395978745152,-181.437901229287,-124.88373980107,1021.29003010723,1540.10674914267,,
1020.05550833315,-204.021483778939,1536.29889362724,-201.801778597879,-176.057445721431,-123.637787047713,1021.35261594187,1540.2490780227,,
1020.12749086477,-203.133427955453,1536.46971985415,-204.119012453954,-170.610449742502,-122.390294671881,1021.41520944763,1540.39143321179,,
1020.19948221984,-201.567886349733,1536.64057766068,-207.334458098866,-166.171369431267,-121.141545717658,1021.47781062595,1540.53381471723,,
1020.27148239995,-200.53219719718,1536.8114670556,-201.461001044369,-162.631126937683,-119.891810769789,1021.54041947822,1540.67622254633,,
1020.34349140673,-200.370871167085,1536.98238804767,-196.314320956193,-159.825699255146,-118.641348987743,1021.60303600585,1540.81865670639,,
1020.41550924181,-201.130618906766,1537.15334064565,-193.648939971541,-157.649504650665,-117.390409311578,1021.66566021027,1540.96111720471,,
1020.4875359068,-202.665071674372,1537.32432485832,-192.930319930532,-156.049451858279,-116.139231022685,1021.72829209287,1541.1036040486,,
1020.55957140334,-204.110573094888,1537.49534069443,-194.128545427071,-155.017497254085,-114.888043990272,1021.79093165508,1541.24611724536,,
1020.63161573306,-203.777019592019,1537.66638816277,-197.408670263092,-154.595622764931,-113.637069451253,1021.85357889831,1541.38865680231,,
1020.70366889755,-202.113960290036,1537.83746727211,-199.794491840462,-154.902929348511,-112.386521395592,1021.91623382396,1541.53122272676,,
1020.77573089847,-200.769508081049,1538.00857803122,-197.096092751778,-156.215183610599,-111.136605493102,1021.97889643345,1541.67381502602,,
1020.84780173743,-200.323985440283,1538.17972044892,-195.980973111532,-159.210242593398,-109.887520964013,1022.0415667282,1541.81643370743,,
1020.91988141606,-200.875343657891,1538.35089453395,-198.252871142112,-165.012191642287,-108.639460675401,1022.10424470962,1541.95907877829,,
1020.99196993599,-202.358797735692,1538.52210029514,-197.971605462445,-161.157017859247,-107.392611370082,1022.16693037912,1542.10175024595,,
1021.06406729884,-204.116283956545,1538.69333774125,-191.290036127527,-154.220835804343,-106.147153572459,1022.22962373812,1542.24444811771,,
1021.13617350623,-204.208474254643,1538.8646068811,-187.132203333184,-149.793011452853,-104.903263292336,1022.29232478803,1542.38717240092,,
1021.20828855981,-202.476590487859,1539.03590772349,-184.92671606462,-146.675669271888,-103.661111340685,1022.35503353027,1542.52992310291,,
1021.28041246119,-200.917689916038,1539.20724027721,-183.642382138995,-144.366354452688,-102.420863788946,1022.41774996625,1542.67270023101,,
1021.352545212,-200.324864827775,1539.37860455107,-182.217478859995,-142.63913033312,-101.182682512589,1022.48047409739,1542.81550379256,,
1021.42468681388,-200.827962286774,1539.55000055388,-180.332033293655,-141.376687402947,-99.9467250603815,1022.54320592511,1542.9583337949,,
1021.49683726844,-202.389325922336,1539.72142829446,-178.652205427715,-140.515339666444,-98.7131458464647,1022.60594545082,1543.10119024538,,
1021.56899657733,-204.333084708922,1539.89288778162,-177.737137122035,-140.025704030463,-97.4820950651887,1022.66869267594,1543.24407315135,,
1021.64116474217,-204.367080156316,1540.06437902418,-177.725228337212,-139.898018142052,-96.2537200168913,1022.73144760189,1543.38698252015,,
1021.7133417646,-202.404597091773,1540.23590203097,-178.424383501901,-140.142811478966,-95.0281647527328,1022.79421023009,1543.52991835914,,
1021.78552764623,-200.800979818057,1540.4074568108,-179.292291317287,-140.797086466625,-93.8055708745569,1022.85698056194,1543.67288067567,,
1021.85772238871,-200.333617579049,1540.57904337252,-179.911974129807,-141.931962361191,-92.5860763842447,1022.91975859888,1543.8158694771,,
1021.92992599367,-201.11303271253,1540.75066172495,-180.747401271082,-143.68069752539,-91.3698176321073,1022.98254434232,1543.95888477079,,
1022.00213846273,-203.052616303367,1540.92231187692,-182.782572420434,-146.319928167559,-90.1569284058991,1023.04533779368,1544.1019265641,,
1022.07435979754,-204.891225274856,1541.09399383728,-187.194971340545,-150.466480507464,-88.9475398560005,1023.10813895438,1544.2449948644,,
1022.1465899997,-203.837845194791,1541.26570761486,-194.927051724883,-156.984223759838,-87.7417818589769,1023.17094782583,1544.38808967905,,
1022.21882907089,-201.607654698361,1541.43745321853,-192.25812872094,-155.379353464776,-86.5397817938658,1023.23376440947,1544.53121101544,,
1022.29107701271,-200.412425885461,1541.60923065712,-187.776499934007,-149.78457619704,-85.3416656259824,1023.2965887067,1544.67435888093,,
1022.36333382679,-200.641094794058,1541.78103993948,-184.208417456863,-146.510312049295,-84.1475575370819,1023.35942071895,1544.8175332829,,
1022.4355995148,-202.335445638436,1541.95288107446,-181.055919286908,-144.529898084663,-82.9575801013481,1023.42226044765,1544.96073422872,,
1022.50787407834,-204.737872219987,1542.12475407095,-179.086015042166,-143.351539867721,-81.771854677819,1023.48510789421,1545.10396172579,,
1022.58015751906,-204.335093187396,1542.29665893779,-178.483857976988,-142.754099761879,-80.5905011441452,1023.54796306005,1545.24721578149,,
1022.6524498386,-201.804893250074,1542.46859568384,-178.865788843617,-142.627244716158,-79.4136384086589,1023.61082594661,1545.3904964032,,
1022.72475103858,-200.410905320477,1542.64056431798,-179.332738746771,-142.912563390771,-78.2413840980462,1023.67369655529,1545.53380359832,,
1022.79706112065,-200.763223581708,1542.81256484909,-179.283740890509,-143.582803554838,-77.0738549189104,1023.73657488752,1545.67713737424,,
1022.86938008644,-202.900725282804,1542.98459728602,-179.488979141453,-144.641326073317,-75.9111666536312,1023.79946094473,1545.82049773835,,
1022.9417079376,-205.09248659152,1543.15666163766,-180.920224127798,-146.105972838648,-74.7534342431539,1023.86235472835,1545.96388469805,,
1023.01404467575,-203.082453584125,1543.3287579129,-183.759174274733,-148.008559383128,-73.6007717023719,1023.92525623978,1546.10729826075,,
1023.08639030253,-200.742208071231,1543.50088612062,-186.810298375016,-150.418579873611,-72.4532924899165,1023.98816548046,1546.25073843385,,
1023.15874481959,-200.51946413212,1543.6730462697,-188.185978492724,-153.399456085384,-71.3111096898181,1024.05108245182,1546.39420522475,,
1023.23110822857,-202.635656891123,1543.84523836904,-190.221270469743,-156.867472242867,-70.1743354764787,1024.11400715528,1546.53769864087,,
1023.30348053109,-204.705533913256,1544.01746242754,-195.438589483723,-160.039446026817,-69.0430815928255,1024.17693959225,1546.68121868962,,
1023.37586172881,-201.980465585031,1544.18971845409,-201.084999076433,-161.023875806267,-67.9174595622605,1024.23987976418,1546.82476537841,,
1023.44825182336,-200.330128410463,1544.3620064576,-201.236986750914,-160.149462373472,-66.797580548643,1024.30282767249,1546.96833871467,,
1023.52065081638,-201.853555430381,1544.53432644697,-214.183313264584,-159.153896031617,-65.6835549376869,1024.36578331859,1547.11193870581,,
1023.59305870952,-203.417866065141,1544.7066784311,-201.85224285533,-158.48758520166,-64.5754937331145,1024.42874670393,1547.25556535925,,
1023.66547550441,-200.664445702176,1544.87906241892,-197.234251978566,-158.03943782435,-63.473507086165,1024.49171782992,1547.39921868243,,
1023.73790120269,-200.923364650201,1545.05147841931,-197.544419292716,-157.619032624695,-62.3777052408148,1024.55469669799,1547.54289868276,,
1023.81033580601,-199.825112517793,1545.22392644123,-203.6889633071,-157.128793515356,-61.288198257698,1024.61768330957,1547.68660536769,,
1023.88277931602,-193.259587614426,1545.39640649358,-201.193833046632,-156.577010469647,-60.2050963781604,1024.6806776661,1547.83033874465,,
1023.95523173434,-174.512239594108,1545.5689185853,-195.285069715587,-156.026297213139,-59.1285096884322,1024.74367976899,1547.97409882108,,
1024.02769306263,-162.176778642504,1545.74146272529,-202.512504454873,-155.541967722171,-58.058548311921,1024.80668961968,1548.11788560441,,
1024.10016330254,-152.514793035214,1545.91403892251,-196.605466961587,-155.144412691057,-56.9953226849063,1024.8697072196,1548.26169910209,,
1024.1726424557,-144.373440484748,1546.08664718587,-198.10353427596,-154.829175767719,-55.9389431068888,1024.93273257017,1548.40553932156,,
1024.24513052375,-137.249005290805,1546.25928752434,-198.363947112643,-154.577098429026,-54.8895204990149,1024.99576567283,1548.54940627028,,
1024.31762750836,-130.868624102388,1546.43195994682,-206.6778685039,-154.358642028029,-53.8471656699381,1025.05880652901,1548.69329995568,,
1024.39013341115,-125.064804235208,1546.60466446229,-204.01083234313,-154.167442929418,-52.8119898038293,1025.12185514013,1548.83722038524,,
1024.46264823377,-119.725938432859,1546.77740107968,-203.338786065291,-154.010871646504,-51.7841043480642,1025.18491150763,1548.9811675664,,
1024.53517197788,-114.773204274124,1546.95016980794,-199.283570375027,-153.898949072706,-50.7636211335398,1025.24797563294,1549.12514150662,,
1024.60770464511,-110.14845599203,1547.12297065604,-196.48206724212,-153.842149524018,-49.7506519530584,1025.31104751749,1549.26914221337,,
1024.68024623713,-105.807318369954,1547.29580363293,-202.086338734709,-153.815990161673,-48.7453087389443,1025.37412716272,1549.41316969411,,
1024.75279675556,-101.715001197911,1547.46866874757,-200.758082500392,-153.787899018832,-47.7477022232823,1025.43721457005,1549.55722395631,,
1024.82535620206,-97.8365961294036,1547.64156600893,-189.213282300568,-153.716339579833,-46.7579419507918,1025.50030974092,1549.70130500744,,
1024.89792457827,-94.1634487488676,1547.81449542596,-195.33238749763,-153.567809595485,-45.7761333930116,1025.56341267676,1549.84541285497,,
1024.97050188586,-90.6695270745433,1547.98745700766,-192.552202151581,-153.342991684386,-44.8023760613168,1025.62652337901,1549.98954750638,,
1025.04308812645,-87.3389388076609,1548.16045076298,-183.830582447641,-153.065747710983,-43.8367596337327,1025.68964184909,1550.13370896915,,
1025.11568330172,-84.1581625432699,1548.33347670091,-194.26576170593,-152.8226198074,-42.8793583386241,1025.75276808845,1550.27789725076,,
1025.1882874133,-81.1155746198342,1548.50653483043,-179.242439470118,-152.646032336885,-41.9302238646525,1025.81590209852,1550.42211235869,,
1025.26090046284,-78.2010923019418,1548.67962516053,-177.8457051661,-152.612997564194,-40.9893771939784,1025.87904388073,1550.56635430044,,
1025.333522452,-75.405898780051,1548.85274770018,-193.120612214152,-152.754179906061,-40.0567978205222,1025.94219343652,1550.71062308348,,
1025.40615338242,-72.7222280271487,1549.02590245838,-178.055266631848,-152.988869962395,-39.1324120756965,1026.00535076732,1550.85491871532,,
1025.47879325577,-70.1431958822151,1549.19908944414,-180.112100985419,-153.319416717552,-38.2160808917914,1026.06851587458,1550.99924120345,,
1025.55144207367,-67.6626619537249,1549.37230866643,-190.031556625649,-153.520677940908,-37.3075870492675,1026.13168875971,1551.14359055536,,
1025.62409983781,-65.2751215284915,1549.54556013428,-180.326464509059,-153.400943500188,-36.4066242711344,1026.19486942418,1551.28796677857,,
1025.69676654981,-62.9756149717154,1549.71884385668,-181.971196666327,-152.897194458767,-35.5127887539957,1026.2580578694,1551.43236988057,,
1025.76944221134,-60.7596540241874,1549.89215984264,-182.756180689037,-152.190687075834,-34.6255747699411,1026.32125409682,1551.57679986887,,
1025.84212682405,-58.6231589725628,1550.06550810118,-176.573035666671,-151.349638948772,-33.744376115093,1026.38445810787,1551.72125675098,,
1025.9148203896,-56.5624083582179,1550.23888864129,-175.53741930485,-150.53360062912,-32.8684956325476,1026.447669904,1551.86574053441,,
1025.98752290964,-54.5739958401774,1550.41230147203,-173.067410456533,-149.803617305659,-31.9971622493857,1026.51088948664,1552.01025122669,,
1026.0602343858,-52.6547914104267,1550.58574660237,-170.588252337912,-149.191630692446,-31.1295584485528,1026.57411685722,1552.15478883531,,
1026.13295481978,-50.8019123999566,1550.75922404137,-170.219399601632,-148.734681414174,-30.264856149155,1026.6373520172,1552.29935336781,,
1026.20568421321,-49.0126946499494,1550.93273379806,-168.468246575714,-148.319436275301,-29.4022611814869,1026.70059496801,1552.44394483172,,
1026.27842256775,-47.2846700662339,1551.10627588145,-167.552692139093,-148.185635297937,-28.5410629160338,1026.76384571109,1552.58856323454,,
1026.35116988505,-45.6155465667547,1551.2798503006,-166.232538565759,-148.445259724479,-27.6806866893576,1026.82710424787,1552.73320858383,,
1026.42392616678,-44.0031893899763,1551.45345706452,-165.417358296132,-148.862183004189,-26.820743982929,1026.89037057981,1552.8778808871,,
1026.49669141459,-42.4456080191446,1551.62709618227,-164.725704496876,-149.15840920298,-25.9610767337477,1026.95364470834,1553.02258015189,,
1026.56946563014,-40.9409401615297,1551.8007676629,-162.515265967858,-149.595521995255,-25.1017897496242,1027.0169266349,1553.16730638575,,
1026.64224881507,-39.4874415993725,1551.97447151544,-161.08736142588,-150.255888217785,-24.243269916001,1027.08021636093,1553.3120595962,,
1026.71504097106,-38.0834749099267,1552.14820774896,-157.367661165761,-150.344756548912,-23.3861879442057,1027.14351388788,1553.4568397908,,
1026.78784209976,-36.7275007037605,1552.32197637251,-154.097385338253,-149.437879590451,-22.5314843528867,1027.20681921718,1553.60164697709,,
1026.86065220283,-35.4180688415665,1552.49577739514,-152.744488855907,-144.604576176125,-21.6803395407106,1027.27013235029,1553.74648116262,,
1026.93347128194,-34.153811071197,1552.66961082592,-154.156249825138,-141.696283484953,-20.8341323790753,1027.33345328864,1553.89134235493,,
1027.00629933873,-32.9334348658477,1552.84347667392,-159.726599115354,-145.208069547764,-19.9943906974202,1027.39678203368,1554.0362305616,,
1027.07913637488,-31.75571718581,1553.01737494819,-152.913381257445,-135.329016233817,-19.162737829806,1027.46011858685,1554.18114579016,,
1027.15198239204,-30.6194989169204,1553.19130565783,-157.820902622152,-99.5507117658917,-18.3408404586956,1027.5234629496,1554.32608804819,,
1027.22483739186,-29.5236806515174,1553.36526881189,-152.427525798479,-75.6235960518745,-17.5303597017273,1027.58681512336,1554.47105734324,,
1027.29770137603,-28.4672174564829,1553.53926441947,-155.059940315121,-58.3827388648836,-16.7329093855661,1027.65017510959,1554.61605368289,,
1027.37057434619,-27.4491159215647,1553.71329248963,-134.390355982159,-44.6719220503065,-15.9500217498217,1027.71354290973,1554.76107707469,,
1027.44345630401,-26.4684296477222,1553.88735303146,-133.55407274661,-33.4008991438126,-15.183121759592,1027.77691852523,1554.90612752622,,
1027.51634725116,-25.5242567238112,1554.06144605407,-128.074544617065,-24.0485329879893,-14.4335093202097,1027.84030195753,1555.05120504506,,
1027.58924718928,-24.6157360585087,1554.23557156655,-91.7759408570099,-16.335972528108,-13.7023490722236,1027.90369320807,1555.19630963879,,
1027.66215612006,-23.7420453479414,1554.40972957796,-60.6102764662864,-10.1164940851445,-12.9906659629913,1027.96709227831,1555.34144131497,,
1027.73507404514,-22.9023980066097,1554.58392009744,-39.2454440844098,-5.33209842363269,-12.2993461863274,1028.03049916969,1555.4866000812,,
1027.80800096621,-22.0960412817223,1554.75814313408,-23.0592789406693,-1.96669215568763,-11.629141679168,1028.09391388366,1555.63178594507,,
1027.88093688492,-21.3222539037569,1554.93239869698,-10.497392580637,0.300609837203853,-10.9806773681544,1028.15733642167,1555.77699891415,,
1027.95388180293,-20.5803441027565,1555.10668679525,-0.844221458160996,3.39998565304604,-10.3544602501061,1028.22076678516,1555.92223899604,,
1028.02683572192,-19.8696481537128,1555.28100743801,6.23327689931652,8.52757624390029,-9.75088933954888,1028.28420497558,1556.06750619834,,
1028.09979864354,-19.1895285013522,1555.45536063436,10.8048985799187,12.8496967850159,-9.17026639379113,1028.34765099438,1556.21280052863,,
1028.17277056947,-18.5393722443457,1555.62974639344,12.6324115090909,14.6899964226561,-8.6128062648568,1028.41110484302,1556.35812199453,,
1028.24575150137,-17.9185896432773,1555.80416472437,10.8508941082466,12.9663353944959,-8.07864725230102,1028.47456652293,1556.50347060364,,
1028.31874144092,-17.326613095542,1555.97861563626,4.71557885548878,6.92896068626643,-7.5678607648349,1028.53803603558,1556.64884636355,,
1028.39174038977,-16.7628956296375,1556.15309913826,9.21129506326463,11.25435771351,-7.080460602482,1028.60151338241,1556.79424928188,,
1028.46474834959,-16.2269100092684,1556.32761523949,10.3701296834097,12.4563839833716,-6.61641125110878,1028.66499856486,1556.93967936624,,
1028.53776532206,-15.7181475460235,1556.50216394909,5.56435523839395,7.74191055799223,-6.17563578919981,1028.7284915844,1557.08513662424,,
1028.61079130884,-15.236117216786,1556.6767452762,9.18069137388201,11.2269273679254,-5.75802290335129,1028.79199244247,1557.2306210635,,
1028.68382631161,-14.7803444732195,1556.85135922997,9.35850601868289,11.4335403077264,-5.36343336293398,1028.85550114053,1557.37613269164,,
1028.75687033203,-14.3503709187132,1557.02600581954,5.86795919622615,7.88292268058415,-4.99170588175393,1028.91901768003,1557.52167151628,,
1028.82992337177,-13.9457530581914,1557.20068505406,9.77962118082466,11.7498886350099,-4.64266233869952,1028.98254206241,1557.66723754505,,
1028.9029854325,-13.5660617303067,1557.3753969427,7.58657572861975,9.62055358976721,-4.31611255921003,1029.04607428913,1557.81283078558,,
1028.9760565159,-13.2108814196417,1557.55014149459,7.56927483313259,9.57156103714814,-4.01185870685053,1029.10961436165,1557.95845124549,,
1029.04913662363,-12.8798095689497,1557.7249187189,9.31392244321237,11.2517829063341,-3.7296990769862,1029.17316228142,1558.10409893242,,
1029.12222575737,-12.5724560082732,1557.89972862481,6.10044276918011,8.22866792016907,-3.46943170791807,1029.23671804989,1558.24977385401,,
1029.1953239188,-12.2884422689052,1558.07457122147,8.87445148632196,10.9784895945808,-3.23085750104399,1029.30028166852,1558.39547601789,,
1029.26843110957,-12.0274012387356,1558.24944651806,6.71086373562526,8.93955250687645,-3.0137831717547,1029.36385313876,1558.54120543172,,
1029.34154733137,-11.7889764855201,1558.42435452374,6.17671733789836,9.47618294706969,-2.818023785146,1029.42743246206,1558.68696210312,,
1029.41467258587,-11.5728218316448,1558.59929524772,7.81443369194651,11.7650692122386,-2.64340514664768,1029.49101963989,1558.83274603977,,
1029.48780687474,-11.3786009363346,1558.77426869915,2.01967550041296,9.25127407621745,-2.4897658603939,1029.55461467369,1558.97855724929,,
1029.56095019967,-11.2059868110502,1558.94927488722,5.6130953565284,9.71024092088704,-2.35695918577523,1029.61821756493,1559.12439573935,,
1029.63410256231,-11.0546614850429,1559.12431382113,3.34919334128458,7.9688809173961,-2.24485467177992,1029.68182831505,1559.27026151761,,
1029.70726396435,-10.9243155721313,1559.29938551006,5.1957854720947,9.78523404442561,-2.1533395596967,1029.74544692552,1559.41615459172,,
1029.78043440746,-10.8146479225259,1559.47448996322,5.73998645344347,10.8500429630937,-2.08231998244537,1029.80907339779,1559.56207496935,,
1029.85361389332,-10.7253653255738,1559.64962718979,3.96677082417426,10.2551476658347,-2.03172191793582,1029.87270773332,1559.70802265816,,
1029.92680242361,-10.6561821205749,1559.82479719898,8.52558494305754,12.8885123486468,-2.00149195378814,1029.93634993357,1559.85399766582,,
1030,26.9423427923518,1560,5.81340521587816,36.1345689427008,37.0483497967532,1030,1560,,
1030.07320662417,-10.5770074600626,1560.17523560206,6.93434666985138,12.0796701310774,-2.00202874176846,1030.06365793406,1560.14602966838,,
1030.14642229779,-10.5664799946857,1560.35050401436,6.51308250781833,11.3421572556174,-2.03279549390055,1030.12732373721,1560.29208667863,,
1030.21964702256,-10.5749793746407,1560.52580524612,3.7554905874579,10.0386042367624,-2.08393034640272,1030.19099741092,1560.43817103843,,
1030.29288080014,-10.6022536345181,1560.70113930655,6.26625420488529,10.3866001271981,-2.15548671165897,1030.25467895664,1560.58428275546,,
1030.3661236322,-10.6480567917887,1560.8765062049,3.37369695277497,7.99506312199839,-2.2475386117635,1030.31836837583,1560.73042183742,,
1030.43937552044,-10.7121486293816,1561.05190595039,3.82470706661972,8.75831289822146,-2.36017991380063,1030.38206566995,1560.87658829199,,
1030.51263646654,-10.7942944611849,1561.22733855222,3.61421725177562,9.77445561374098,-2.49352337648572,1030.44577084047,1561.02278212685,,
1030.58590647215,-10.894264959817,1561.40280401965,3.2417318343828,9.58689654191113,-2.64769945083462,1030.50948388883,1561.16900334971,,
1030.659185539,-11.0118359866234,1561.57830236191,7.42239117072784,10.4119273387846,-2.82285487746087,1030.57320481652,1561.31525196826,,
1030.73247366873,-11.1467882880989,1561.75383358824,5.23546021820979,7.65744050227777,-3.0191510522344,1030.63693362498,1561.4615279902,,
1030.80577086303,-11.2989075149503,1561.92939770788,5.85708707562573,8.30189113253035,-3.23676216972952,1030.70067031568,1561.60783142323,,
1030.87907712359,-11.4679838848626,1562.10499473008,7.98868446185927,10.0358220979442,-3.47587316485453,1030.76441489008,1561.75416227507,,
1030.9523924521,-11.6538121205162,1562.28062466409,5.53588416552679,7.68476068141211,-3.73667732222279,1030.82816734965,1561.90052055341,,
1031.02571685022,-11.856191216701,1562.45628751916,7.53668349707554,9.5638277427274,-4.01937374044057,1030.89192769584,1562.04690626597,,
1031.09905031965,-12.0749244352309,1562.63198330456,8.09256262865816,10.1297403373072,-4.32416438121091,1030.95569593013,1562.19331942047,,
1031.17239286207,-12.3098189976096,1562.80771202953,5.06037264178198,7.39500815975401,-4.65125094917274,1031.01947205397,1562.33976002461,,
1031.24574447915,-12.5606860967672,1562.98347370336,7.90774080837431,9.87141213685393,-5.00083128076509,1031.08325606883,1562.48622808613,,
1031.3191051726,-12.8273406808736,1563.15926833529,8.21048840248337,10.3998867771452,-5.37309555055281,1031.14704797617,1562.63272361274,,
1031.39247494408,-13.1096013416415,1563.33509593462,4.75965984473365,7.26153959375638,-5.76822187965157,1031.21084777746,1562.77924661218,,
1031.4658537953,-13.4072902365228,1563.51095651059,7.66649771509766,9.73338199132927,-6.18637155425947,1031.27465547417,1562.92579709216,,
1031.53924172791,-13.7202330075212,1563.6868500725,8.62121440087433,10.881238581136,-6.62768380500979,1031.33847106775,1563.07237506042,,
1031.61263874363,-14.0482585806027,1563.86277662964,4.92907332089061,7.40585027907217,-7.09226994531048,1031.40229455968,1563.2189805247,,
1031.68604484414,-14.3911991253473,1564.03873619128,6.32437845632905,8.44675551375878,-7.5802068966811,1031.46612595143,1563.36561349273,,
1031.75946003112,-14.7488899484627,1564.2147287667,9.19483271835955,11.4886754801644,-8.09153017325916,1031.52996524445,1563.51227397225,,
1031.83288430625,-15.1211693603366,1564.39075436521,7.53921920895973,10.1748428647788,-8.6262259750254,1031.59381244022,1563.65896197101,,
1031.90631767123,-15.5078786922843,1564.56681299611,3.07484506090011,6.20350223774255,-9.18422289327257,1031.6576675402,1563.80567749676,,
1031.97976012775,-15.908862107433,1564.74290466868,7.28004134275495,9.47882048150605,-9.76538262844983,1031.72153054587,1563.95242055723,,
1032.05321167748,-16.3239666503272,1564.91902939223,10.4147493724051,12.4640821973676,-10.3694903285373,1031.78540145868,1564.09919116019,,
1032.12667232214,-16.7530418485374,1565.09518717607,10.6891239996357,12.7271165277386,-10.9962442362306,1031.84928028012,1564.24598931339,,
1032.20014206339,-17.1959400614382,1565.27137802951,8.94242875554404,10.9834352886966,-11.6452453370081,1031.91316701164,1564.39281502459,,
1032.27362090293,-17.6525162052378,1565.44760196185,5.55883442644658,7.6048037981686,-12.3159866340544,1031.97706165472,1564.53966830154,,
1032.34710884244,-18.1226276097795,1565.62385898242,0.69686744646982,2.74814420744339,-13.0078432007324,1032.04096421082,1564.68654915202,,
1032.42060588364,-18.6061341417758,1565.80014910055,-5.60744550315765,-3.55074893351075,-13.7200631001099,1032.10487468143,1564.83345758379,,
1032.49411202819,-19.1028978153779,1565.97647232553,-13.4088228231307,-11.3465375706622,-14.4517601383767,1032.16879306799,1564.98039360461,,
1032.5676272778,-19.6127831894137,1566.15282866671,-22.8566064329122,-20.7883617286803,-15.2019093681789,1032.232719372,1565.12735722226,,
1032.64115163416,-20.1356570028805,1566.32921813342,-34.2333684803036,-32.1585393124227,-15.969346148972,1032.29665359492,1565.27434844452,,
1032.71468509895,-20.6713880444577,1566.50564073499,-48.0621944511676,-45.9799923236806,-16.7527705754276,1032.36059573822,1565.42136727916,,
1032.78822767386,-21.2198474236024,1566.68209648076,-65.4302998677566,-63.3400591143561,-17.5507576824516,1032.42454580336,1565.56841373397,,
1032.86177936062,-21.7809083252535,1566.85858538008,-89.4826847105132,-87.3843862078164,-18.3617752304385,1032.48850379184,1565.71548781673,,
1032.93534016088,-22.3544458668379,1567.03510744226,-125.474257535249,-123.369374534732,-19.1842093927274,1032.55246970511,1565.86258953522,,
1033.00891007635,-22.9403370831784,1567.21166267669,-135.655024539305,-133.536851314986,-20.0163990516841,1032.61644354465,1566.00971889724,,
1033.08248910873,-23.5384612579982,1567.3882510927,-132.184474128773,-130.074131872595,-20.8566775248499,1032.68042531194,1566.15687591058,,
1033.15607725971,-24.1486993288733,1567.56487269964,-135.818973868122,-133.709868325846,-21.703421478168,1032.74441500844,1566.30406058303,,
1033.22967453099,-24.7709342177049,1567.74152750688,-147.790071969322,-145.079938888559,-22.5551030822033,1032.80841263564,1566.4512729224,,
1033.30328092425,-25.405050469942,1567.91821552379,-155.74098986246,-149.667639920263,-23.4103434655619,1032.872418195,1566.59851293649,,
1033.3768964412,-26.0509346447386,1568.09493675971,-155.312911510571,-148.858250547059,-24.2679622295814,1032.936431688,1566.74578063309,,
1033.45052108354,-26.7084750630378,1568.27169122404,-163.552950703269,-149.551790026939,-25.1270188556173,1033.00045311612,1566.89307602003,,
1033.52415485295,-27.3775615788375,1568.44847892612,-155.214005631345,-147.823136272156,-25.9868426323461,1033.06448248083,1567.0403991051,,
1033.59779775115,-28.0580857246886,1568.62529987534,-155.774019522211,-147.726813612433,-26.8470466743297,1033.12851978361,1567.18774989612,,
1033.67144977982,-28.7499409734496,1568.8021540811,-161.212297909782,-148.132071708822,-27.7075261737614,1033.19256502593,1567.33512840092,,
1033.74511094066,-29.4530221451154,1568.97904155276,-159.558793336436,-147.728139520639,-28.5684391936458,1033.25661820927,1567.4825346273,,
1033.81878123538,-30.1672256523167,1569.15596229971,-156.027150042572,-147.314416119589,-29.4301742525163,1033.32067933511,1567.62996858309,,
1033.89246066567,-30.8924497554351,1569.33291633133,-155.282484157548,-147.454029121002,-30.2933060138148,1033.38474840493,1567.77743027611,,
1033.96614923322,-31.6285939952484,1569.50990365704,-156.317623850508,-148.052455801127,-31.1585451070604,1033.44882542019,1567.9249197142,,
1034.03984693975,-32.3755594658115,1569.68692428623,-157.904147823087,-148.857040217678,-32.0266857019627,1033.51291038239,1568.07243690519,,
1034.11355378695,-33.1332489296727,1569.86397822828,-160.193821784058,-149.838372352733,-32.8985558794193,1033.577003293,1568.2199818569,,
1034.18726977651,-33.9015664426838,1570.04106549262,-163.048168257961,-150.894629321321,-33.7749731564891,1033.64110415349,1568.36755457718,,
1034.26099491015,-34.6804175231097,1570.21818608864,-167.137877847559,-151.950135631818,-34.6567086060952,1033.70521296535,1568.51515507387,,
1034.33472918957,-35.4697095231091,1570.39534002576,-171.812431720633,-152.795247100409,-35.5444593851458,1033.76932973006,1568.6627833548,,
1034.40847261647,-36.2693507528302,1570.5725273134,-172.473228665889,-153.323790957457,-36.4388316975224,1033.8334544491,1568.81043942783,,
1034.48222519253,-37.0792509316323,1570.74974796096,-173.227520836013,-153.458202600443,-37.3403312711393,1033.89758712394,1568.9581233008,,
1034.55598691948,-37.8993217367187,1570.92700197788,-174.060892600609,-153.294418321415,-38.2493619093973,1033.96172775607,1569.10583498157,,
1034.62975779902,-38.7294756649345,1571.10428937358,-176.226687662083,-153.001193788812,-39.1662298892906,1034.02587634697,1569.25357447798,,
1034.70353783284,-39.5696267820889,1571.28161015749,-173.747455120076,-152.730285445256,-40.0911524303627,1034.09003289812,1569.40134179791,,
1034.77732702265,-40.419690654425,1571.45896433904,-174.169410886885,-152.61842634794,-41.0242686003279,1034.154197411,1569.5491369492,,
1034.85112537017,-41.2795839106546,1571.63635192766,-173.949668521398,-152.648599163146,-41.9656520677775,1034.2183698871,1569.69695993972,,
1034.92493287707,-42.149225234287,1571.81377293282,-175.049381049211,-152.827130013789,-42.9153233387953,1034.28255032789,1569.84481077735,,
1034.99874954509,-43.0285338783619,1571.99122736393,-174.718246431429,-153.07648202149,-43.8732614312246,1034.34673873486,1569.99268946994,,
1035.07257537591,-43.9174309087565,1572.16871523044,-173.795519843532,-153.341213532523,-44.8394146564084,1034.41093510949,1570.14059602537,,
1035.14641037127,-44.8158383803914,1572.34623654182,-175.327830584975,-153.585998857957,-45.8137087859858,1034.47513945328,1570.28853045152,,
1035.22025453284,-45.7236804076657,1572.52379130751,-174.854884814764,-153.731096300023,-46.7960541419357,1034.53935176769,1570.43649275626,,
1035.29410786234,-46.6408819299107,1572.70137953698,-175.527639935272,-153.806755422214,-47.7863512128869,1034.60357205421,1570.58448294748,,
1035.36797036149,-47.5673691240334,1572.87900123967,-175.148370926798,-153.827768054538,-48.7844945273049,1034.66780031434,1570.73250103306,,
1035.44184203198,-48.503070144277,1573.05665642507,-174.827616749646,-153.846669879548,-49.7903745404742,1034.73203654955,1570.88054702089,,
1035.51572287553,-49.4479137667705,1573.23434510262,-177.236992789556,-153.92218145268,-50.8038805203143,1034.79628076133,1571.02862091885,,
1035.58961289385,-50.4018312090199,1573.41206728182,-176.968114600742,-154.028442944879,-51.824900534505,1034.86053295117,1571.17672273485,,
1035.66351208862,-51.3647543273444,1573.58982297212,-177.097307172831,-154.182540358162,-52.853322790248,1034.92479312054,1571.32485247677,,
1035.73742046159,-52.3366164102264,1573.76761218302,-177.837022061819,-154.375808541514,-53.8890354566505,1034.98906127095,1571.47301015252,,
1035.81133801445,-53.3173525521014,1573.945434924,-177.382326508304,-154.587733092768,-54.9319270863407,1035.05333740387,1571.62119577,,
1035.88526474892,-54.3068991394834,1574.12329120454,-180.396508353479,-154.854996364842,-55.9818864951521,1035.1176215208,1571.76940933712,,
1035.9592006667,-55.3051941209318,1574.30118103412,-182.273817224791,-155.175687027083,-57.038802874435,1035.18191362322,1571.91765086177,,
1036.0331457695,-56.312177252537,1574.47910442226,-179.851749107047,-155.562170954553,-58.1025653030473,1035.24621371261,1572.06592035188,,
1036.10710005904,-57.3277892318144,1574.65706137843,-180.753421522429,-156.052315732323,-59.1730634814922,1035.31052179047,1572.21421781536,,
1036.18106353703,-58.3519729991109,1574.83505191216,-181.051384138969,-156.605588970287,-60.2501869734946,1035.37483785829,1572.36254326013,,
1036.25503620518,-59.3846727673479,1575.01307603292,-182.195355671865,-157.165175049204,-61.3338256556509,1035.43916191755,1572.5108966941,,
1036.32901806521,-60.4258343164026,1575.19113375024,-190.74227342157,-157.677460986488,-62.4238694417348,1035.50349396975,1572.6592781252,,
1036.40300911883,-61.4754053184705,1575.36922507362,-187.014120707487,-158.09530575234,-63.5202080904047,1035.56783401637,1572.80768756135,,
1036.47700936775,-62.5333358135931,1575.54735001259,-182.918718324802,-158.531289569627,-64.6227315410307,1035.63218205891,1572.95612501049,,
1036.55101881368,-63.5995763413958,1575.72550857665,-183.690830185037,-159.209260199343,-65.7313295496404,1035.69653809885,1573.10459048054,,
1036.62503745834,-64.6740805608157,1575.90370077533,-184.321926543814,-160.227163852375,-66.8458919649988,1035.76090213769,1573.25308397944,,
1036.69906530346,-65.7568036897023,1576.08192661817,-184.867178768993,-161.121231470781,-67.9663077833877,1035.82527417692,1573.40160551514,,
1036.77310235072,-66.8477027291086,1576.26018611467,-188.858451139827,-160.10731424656,-69.0924666190972,1035.88965421802,1573.55015509556,,
1036.84714860188,-67.9467368382737,1576.43847927439,-191.20281453832,-156.867693415664,-70.2242573082721,1035.9540422625,1573.69873272866,,
1036.92120405862,-69.0538676170794,1576.61680610686,-186.96688295397,-153.364129249514,-71.3615683275145,1036.01843831184,1573.84733842238,,
1036.99526872267,-70.1690588876972,1576.7951666216,-186.025636759414,-150.37093425453,-72.5042879339015,1036.08284236754,1573.99597218467,,
1037.06934259575,-71.2922763851887,1576.97356082818,-185.785407999201,-147.956706367533,-73.6523039530348,1036.14725443109,1574.14463402348,,
1037.14342567958,-72.4234891194914,1577.15198873614,-184.082989504381,-146.052173723066,-74.8055033008887,1036.21167450398,1574.29332394678,,
1037.21751797587,-73.5626680333809,1577.33045035501,-183.487886113654,-144.586379215118,-75.9637725188355,1036.27610258771,1574.44204196251,,
1037.29161948635,-74.7097869864024,1577.50894569438,-185.837960097216,-143.527104220046,-77.126997591986,1036.34053868378,1574.59078807865,,
1037.36573021272,-75.8648226207732,1577.68747476379,-193.36169514891,-142.856321876388,-78.2950635793991,1036.40498279367,1574.73956230316,,
1037.43985015671,-77.0277546478354,1577.8660375728,-201.061298552737,-142.570632423097,-79.467854698699,1036.46943491888,1574.888364644,,
1037.51397932005,-78.1985662354551,1578.04463413098,-195.915904342153,-142.697256240183,-80.645254243287,1036.53389506091,1575.03719510915,,
1037.58811770444,-79.3772429267105,1578.22326444788,-196.01603314124,-143.294376100326,-81.8271445864804,1036.59836322125,1575.18605370657,,
1037.66226531161,-80.563775119193,1578.40192853311,-190.614447289574,-144.472150400835,-83.0134068199516,1036.6628394014,1575.33494044426,,
1037.73642214329,-81.7581559715299,1578.58062639623,-188.541394935011,-146.452158328104,-84.2039210660539,1036.72732360286,1575.48385533019,,
1037.81058820119,-82.9603828092282,1578.7593580468,-191.214496614293,-149.727704948593,-85.3985659657535,1036.79181582712,1575.63279837233,,
1037.88476348703,-84.170457064831,1578.93812349442,-201.166064492954,-155.33145811335,-86.5972189448705,1036.85631607568,1575.78176957868,,
1037.95894800255,-85.3883846994985,1579.11692274868,-194.138365292283,-156.938517744346,-87.799755821654,1036.92082435004,1575.93076895723,,
1038.03314174946,-86.6141766653832,1579.29575581916,-191.880909102212,-150.408128868446,-89.0060506307929,1036.9853406517,1576.07979651597,,
1038.10734472947,-87.8478483105746,1579.47462271548,-194.765492180484,-146.259356438736,-90.2159759932536,1037.04986498215,1576.2288522629,,
1038.18155694432,-89.0894216501668,1579.65352344721,-193.395263837244,-143.618860509602,-91.4294020324748,1037.11439734289,1576.37793620601,,
1038.25577839574,-90.3389225210555,1579.83245802396,-189.605151612254,-141.869100797552,-92.6461975980804,1037.17893773543,1576.5270483533,,
1038.33000908545,-91.5963843950425,1580.01142645534,-189.724106184559,-140.733511102186,-93.8662289023198,1037.24348616126,1576.67618871278,,
1038.40424901516,-92.8618477831528,1580.19042875094,-194.920551587223,-140.078761866116,-95.089359594886,1037.30804262188,1576.82535729245,,
1038.47849818661,-94.1353583635883,1580.36946492041,-208.40460677545,-139.833531007489,-96.315451673902,1037.37260711879,1576.97455410034,,
1038.55275660153,-95.4169713114058,1580.54853497333,-194.609246848031,-139.960667223226,-97.544363537528,1037.4371796535,1577.12377914444,,
1038.62702426163,-96.7067495778684,1580.72763891934,-193.413000018374,-140.449637862845,-98.7759511346079,1037.5017602275,1577.27303243278,,
1038.70130116865,-98.0047651970442,1580.90677676804,-198.355532010944,-141.310288990364,-100.010067164808,1037.5663488423,1577.42231397337,,
1038.7755873243,-99.3110985449651,1581.0859485291,-200.871348502832,-142.57208913385,-101.24656143378,1037.63094549939,1577.57162377425,,
1038.84988273033,-100.625843298105,1581.26515421212,-193.451664664481,-144.298781964052,-102.485279527391,1037.69555020029,1577.72096184343,,
1038.92418738845,-101.94910213177,1581.44439382673,-191.685967747679,-146.607727345436,-103.726063896871,1037.76016294648,1577.87032818894,,
1038.9985013004,-103.280990875274,1581.62366738257,-193.546266945156,-149.724973704189,-104.968752666759,1037.82478373948,1578.01972281881,,
1039.07282446791,-104.621639718486,1581.80297488931,-199.603559467457,-154.153481905055,-106.213179765615,1037.88941258079,1578.16914574109,,
1039.1471568927,-105.971192694841,1581.98231635656,-202.639839194307,-161.095315201204,-107.45917438247,1037.95404947191,1578.3185969638,,
1039.2214985765,-107.329811017679,1582.16169179399,-198.058481457959,-164.958551087586,-108.706560507524,1038.01869441435,1578.46807649499,,
1039.29584952105,-108.697673061071,1582.34110121124,-198.438950892093,-159.142808155012,-109.955157616375,1038.08334740961,1578.6175843427,,
1039.37020972807,-110.074977255154,1582.52054461799,-204.23218748075,-156.144569874102,-111.204778966209,1038.14800845919,1578.76712051499,,
1039.4445791993,-111.461943927372,1582.70002202387,-203.261812341432,-154.8306486338,-112.45523168995,1038.21267756461,1578.91668501989,,
1039.51895793646,-112.858817998154,1582.87953343855,-196.802584046801,-154.522215346761,-113.706316567367,1038.27735472736,1579.06627786546,,
1039.59334594129,-114.265869309839,1583.05907887171,-194.615344850481,-154.943413429118,-114.957827928644,1038.34203994895,1579.21589905976,,
1039.66774321552,-115.68339949743,1583.23865833302,-194.997376331895,-155.975071803525,-116.20955178381,1038.40673323089,1579.36554861085,,
1039.74214976089,-117.111742287888,1583.41827183214,-197.619968750923,-157.575002309429,-117.461266895947,1038.47143457469,1579.51522652678,,
1039.81656557912,-118.551268128088,1583.59791937877,-202.160400746282,-159.750939553665,-118.712743395831,1038.53614398184,1579.66493281564,,
1039.89099067195,-120.002390878335,1583.77760098256,-202.92013248468,-162.555760935871,-119.963742002053,1038.60086145387,1579.81466748547,,
1039.96542504112,-121.465569128419,1583.95731665323,-199.936729539181,-166.095469014088,-121.214013774529,1038.66558699228,1579.96443054436,,
1040.03986868836,-122.941316786677,1584.13706640046,-198.55419592103,-170.537094139493,-122.463299553758,1038.73032059857,1580.11422200038,,
1040.11432161539,-124.430205576397,1584.31685023392,-198.546127249021,-176.004026806174,-123.71132875494,1038.79506227425,1580.2640418616,,
1040.18878382397,-125.932878427271,1584.49666816333,-199.023962654559,-181.458525337854,-124.957818333926,1038.85981202084,1580.41389013611,,
1040.26325531582,-127.450055631922,1584.67652019839,-199.094838302513,-183.396892194873,-126.202472908548,1038.92456983984,1580.56376683199,,
1040.33773609267,-128.982548755378,1584.8564063488,-198.665691016642,-183.612770206841,-127.444982861191,1038.98933573276,1580.71367195733,,
1040.41222615628,-130.53127428706,1585.03632662425,-198.339529453452,-184.562137882568,-128.685023616337,1039.05410970111,1580.86360552021,,
1040.48672550837,-132.097270100492,1585.21628103449,-198.521264562645,-185.857475306425,-129.92225482135,1039.11889174641,1581.01356752874,,
1040.56123415068,-133.681717173311,1585.3962695892,-199.234372245346,-186.493374879017,-131.15631831511,1039.18368187016,1581.163557991,,
1040.63575208495,-135.285965224339,1585.57629229811,-200.151627983602,-186.494143706241,-132.386837201929,1039.24848007387,1581.31357691509,,
1040.71027931292,-136.911562304121,1585.75634917094,-200.609388790838,-186.688037055022,-133.613415507603,1039.31328635906,1581.46362430912,,
1040.78481583633,-138.560297045326,1585.93644021744,-200.190802942089,-187.44589979751,-134.835635128337,1039.37810072724,1581.6137001812,,
1040.85936165691,-140.234242791921,1586.1165654473,-199.306485305459,-188.501216156171,-136.05305681493,1039.44292317992,1581.76380453942,,
1040.9339167764,-141.935826065799,1586.29672487028,-198.543017930744,-189.118978295801,-137.26521449526,1039.50775371861,1581.9139373919,,
1041.00848119655,-143.667901676383,1586.47691849611,-198.170544776041,-188.945072553527,-138.47161566181,1039.57259234483,1582.06409874676,,
1041.0830549191,-145.433861342045,1586.65714633453,-198.235544581315,-188.566047196078,-139.671737497256,1039.63743906009,1582.21428861211,,
1041.15763794579,-147.237773133577,1586.8374083953,-198.674292854654,-188.587896826086,-140.86502630054,1039.7022938659,1582.36450699608,,
1041.23223027835,-149.084564820218,1587.01770468814,-199.330792888475,-189.166383465279,-142.050898760991,1039.76715676378,1582.51475390678,,
1041.30683191853,-150.980288242907,1587.19803522282,-199.942241174812,-190.065405722304,-143.228737101621,1039.83202775524,1582.66502935235,,
1041.38144286806,-152.932483811218,1587.37840000909,-200.211590099469,-190.7169304359,-144.397886451998,1039.89690684179,1582.81533334091,,
1041.45606312872,-154.950700079069,1587.55879905672,-200.026768844209,-190.697568210895,-145.557647218325,1039.96179402497,1582.9656658806,,
1041.5306927022,-157.047283592742,1587.73923237545,-199.558691897294,-190.294330356442,-146.707268674807,1040.02668930626,1583.11602697954,,
1041.60533159029,-159.238575472112,1587.91969997507,-199.069380157667,-190.012590005698,-147.845950335017,1040.09159268721,1583.26641664589,,
1041.67997979471,-161.546847301319,1588.10020186535,-198.735958786861,-190.025088719959,-148.972848046106,1040.15650416931,1583.41683488779,,
1041.7546373172,-164.003565826628,1588.28073805604,-198.631317523999,-190.17104005579,-150.087078413836,1040.22142375409,1583.56728171337,,
1041.82930415953,-166.655256863741,1588.46130855695,-198.757235207062,-190.150290891091,-151.187711930382,1040.28635144307,1583.71775713079,,
1041.90398032342,-169.574974390673,1588.64191337784,-199.064727686656,-189.83751697587,-152.273746358899,1040.35128723776,1583.8682611482,,
1041.97866581063,-172.8872085334,1588.8225525285,-199.458350672097,-189.412904253684,-153.344087603738,1040.41623113968,1584.01879377375,,
1042.0533606229,-176.831063520425,1589.00322601872,-199.80430912793,-189.118811524104,-154.397545202147,1040.48118315035,1584.1693550156,,
1042.12806476197,-181.96271620093,1589.1839338583,-199.969916275487,-189.037506286143,-155.43286947488,1040.54614327128,1584.31994488192,,
1042.20277822961,-190.124707052232,1589.36467605702,-199.893470643542,-189.063199045558,-156.448792881348,1040.61111150401,1584.47056338085,,
1042.27750102755,-198.113647697473,1589.5454526247,-199.621578839961,-188.994563869812,-157.444032576789,1040.67608785004,1584.62121052058,,
1042.35223315752,-188.699530133269,1589.72626357114,-199.26759087229,-188.717680391707,-158.417221554555,1040.74107231089,1584.77188630928,,
1042.4269746213,-185.025043322901,1589.90710890613,-198.942455669649,-188.318702473072,-159.366807804675,1040.80606488809,1584.92259075511,,
1042.50172542063,-183.164616213599,1590.0879886395,-198.719355766758,-187.974423492729,-160.291026159736,1040.87106558316,1585.07332386625,,
1042.57648555726,-182.155649150582,1590.26890278106,-198.632384583861,-187.789344852766,-161.188007642254,1040.93607439762,1585.22408565088,,
1042.65125503294,-181.642517317084,1590.44985134062,-198.686418330539,-187.741113309943,-162.055976603927,1041.00109133299,1585.37487611718,,
1042.72603384941,-181.455520783575,1590.63083432801,-198.865531153963,-187.71664825053,-162.893333020841,1041.06611639079,1585.52569527334,,
1042.80082200842,-181.500723733239,1590.81185175307,-199.137649274072,-187.606071319418,-163.698482649369,1041.13114957254,1585.67654312756,,
1042.87561951174,-181.720841890902,1590.99290362561,-199.457332932534,-187.398283807929,-164.469496583629,1041.19619087977,1585.82741968801,,
1042.9504263611,-182.078478853461,1591.17398995547,-199.76993141941,-187.179259472383,-165.203936518313,1041.261240314,1585.97832496289,,
1043.02524255826,-182.5479515015,1591.35511075249,-200.020155262113,-187.040112546704,-165.899135873175,1041.32629787675,1586.12925896041,,
1043.10006810497,-183.110896336023,1591.53626602651,-200.165167156148,-187.001731778113,-166.552800079811,1041.39136356954,1586.28022168876,,
1043.174903003,-183.753718673596,1591.71745578738,-200.186836797778,-187.006483264977,-167.163368317679,1041.45643739391,1586.43121315615,,
1043.24974725408,-184.466002303521,1591.89868004495,-200.09515504067,-186.968838929303,-167.729648450424,1041.52151935137,1586.58223337079,,
1043.32460085997,-185.239432854153,1592.07993880906,-199.920290707561,-186.850847046804,-168.249937999459,1041.58660944345,1586.73328234088,,
1043.39946382242,-186.067015879702,1592.26123208957,-199.699280293591,-186.693357567735,-168.721501229369,1041.65170767167,1586.88436007464,,
1043.47433614321,-186.942425297732,1592.44255989635,-199.465245455501,-186.569685939612,-169.141134401837,1041.71681403757,1587.03546658029,,
1043.54921782406,-187.859411992071,1592.62392223925,-199.242374652075,-186.518158620383,-169.506482298845,1041.78192854266,1587.18660186604,,
1043.62410886674,-188.811185587878,1592.80531912816,-199.04548085752,-186.515399236,-169.816838977823,1041.84705118847,1587.33776594013,,
1043.69900927302,-189.789755370093,1592.98675057292,-198.881732253839,-186.502436989147,-170.072458891086,1041.91218197654,1587.48895881077,,
1043.77391904464,-190.785179815376,1593.16821658343,-198.752871755205,-186.441738733731,-170.27293126649,1041.97732090838,1587.64018048619,,
1043.84883818335,-191.784810042543,1593.34971716957,-198.657153425781,-186.354874831208,-170.416289414367,1042.04246798552,1587.79143097464,,
1043.92376669093,-192.772621603926,1593.5312523412,-198.590806881494,-186.301511571691,-170.499927498481,1042.1076232095,1587.94271028433,,
1043.9987045691,-193.72890224799,1593.71282210822,-198.549065763111,-186.324421126913,-170.522527920343,1042.17278658183,1588.09401842352,,
1044.07365181967,-194.630686887472,1593.89442648053,-198.526861169259,-186.412936071177,-170.485018103751,1042.23795810406,1588.24535540044,,
1044.14860844436,-195.453302047321,1594.07606546801,-198.519276514197,-186.510207554173,-170.389525071903,1042.3031377777,1588.39672122334,,
1044.22357444493,-196.173094467297,1594.25773908056,-198.521835638477,-186.560649144173,-170.237413153348,1042.36832560429,1588.54811590047,,
1044.29854982316,-196.770699453058,1594.4394473281,-198.530674971774,-186.561454796078,-170.028448347288,1042.43352158536,1588.69953944008,,
1044.37353458079,-197.233609281124,1594.6211902205,-198.542635261856,-186.56499315048,-169.76187128144,1042.49872572243,1588.85099185042,,
1044.4485287196,-197.556572824831,1594.8029677677,-198.555297984985,-186.628682860321,-169.438146572063,1042.56393801704,1589.00247313975,,
1044.52353224133,-197.739562267746,1594.9847799796,-198.566985205272,-186.764215013478,-169.059565072193,1042.62915847072,1589.15398331633,,
1044.59854514776,-197.784320007155,1595.1666268661,-198.576736718799,-186.926881640514,-168.629195213706,1042.69438708501,1589.30552238842,,
1044.67356744063,-197.691404673794,1595.34850843716,-198.584273826942,-187.052816032402,-168.14942516457,1042.75962386142,1589.4570903643,,
1044.74859912171,-197.459354957444,1595.53042470269,-198.589956720756,-187.118987529916,-167.621537019785,1042.82486880149,1589.60868725224,,
1044.82364019279,-197.086372223047,1595.71237567259,-198.594736065377,-187.167532747758,-167.046512310455,1042.89012190677,1589.76031306049,,
1044.89869065559,-196.573704714005,1595.89436135682,-198.60009956578,-187.265400249259,-166.426026872234,1042.95538317877,1589.91196779735,,
1044.9737505119,-195.928846998758,1596.07638176531,-198.608007925293,-187.443229375781,-165.762637684415,1043.02065261904,1590.06365147109,,
1045.04881976347,-195.166830710306,1596.258436908,-198.620815467874,-187.668052971837,-165.059144979718,1043.0859302291,1590.21536409,,
1045.12389841206,-194.308948484912,1596.44052679483,-198.641168164786,-187.869633601404,-164.317900576068,1043.15121601049,1590.36710566236,,
1045.19898645945,-193.379753128456,1596.62265143575,-198.671872373548,-188.005770781948,-163.540696469338,1043.21650996474,1590.51887619646,,
1045.27408390741,-192.403793112189,1596.80481084071,-198.715727900105,-188.106919153919,-162.729157996495,1043.2818120934,1590.67067570059,,
1045.34919075769,-191.403237570746,1596.98700501966,-198.775319286929,-188.246781152116,-161.885128586808,1043.34712239799,1590.82250418305,,
1045.42430701206,-190.396716950266,1597.16923398256,-198.852761141446,-188.470900326925,-161.01069278159,1043.41244088005,1590.97436165213,,
1045.49943267228,-189.399213533874,1597.35149773938,-198.949388938321,-188.75221653853,-160.107916391094,1043.47776754111,1591.12624811615,,
1045.57456774013,-188.422525165197,1597.53379630008,-199.065392309063,-189.008069649053,-159.17862614106,1043.54310238272,1591.2781635834,,
1045.64971221737,-187.476015556343,1597.71612967463,-199.19937845544,-189.173939037064,-158.224401995557,1043.60844540641,1591.43010806219,,
1045.72486610577,-186.567387377277,1597.898497873,-199.347865262485,-189.268967639585,-157.246718218947,1043.67379661371,1591.58208156083,,
1045.8000294071,-185.703429763685,1598.08090090517,-199.504707794597,-189.371782157553,-156.247056494076,1043.73915600617,1591.73408408764,,
1045.87520212312,-184.890680591347,1598.26333878112,-199.660522189736,-189.53243256825,-155.226900199468,1043.80452358532,1591.88611565093,,
1045.95038425561,-184.136065643367,1598.44581151085,-199.802267667048,-189.71479917589,-154.187661116585,1043.8698993527,1592.03817625904,,
1046.02557580633,-183.447550785681,1598.62831910432,-199.913350579746,-189.821094862498,-153.130627499436,1043.93528330985,1592.19026592027,,
1046.10077677705,-182.834899326158,1598.81086157155,-199.974842067107,-189.78727750189,-152.056972835716,1044.0006754583,1592.34238464296,,
1046.17598716954,-182.310654887558,1598.99343892253,-199.968464509915,-189.652528177483,-150.967799617164,1044.0660757996,1592.49453243544,,
1046.25120698558,-181.891559637784,1599.17605116725,-199.881507089653,-189.510897690105,-149.864165771508,1044.13148433529,1592.64670930604,,
1046.32643622695,-181.600759384322,1599.35869831572,-199.712589955578,-189.410064496867,-148.747085492681,1044.19690106691,1592.7989152631,,
1046.40167489539,-181.471521002374,1599.54138037795,-199.475883188383,-189.310335465931,-147.617511043327,1044.26232599599,1592.95115031496,,
1046.47692299269,-181.553969277778,1599.72409736394,-199.201440113137,-189.132174877597,-146.476327944819,1044.32775912408,1593.10341446995,,
1046.55218052063,-181.9284750173,1599.90684928373,-198.931277054999,-188.845150078379,-145.3243598854,1044.39320045272,1593.25570773644,,
1046.62744748097,-182.735576679951,1600.08963614732,-198.713072412367,-188.500956669129,-144.162381948637,1044.45864998345,1593.40803012277,,
1046.70272387549,-184.25502863923,1600.27245796474,-198.593797706068,-188.17350703111,-142.99112886165,1044.52410771782,1593.56038163728,,
1046.77800970596,-187.177181512581,1600.45531474601,-198.614024078563,-187.885882753246,-141.811295084611,1044.58957365736,1593.71276228834,,
1046.85330497416,-194.063571610516,1600.63820650117,-198.801222917115,-187.596158742387,-140.623533822162,1044.65504780362,1593.86517208431,,
1046.92860968186,-193.917863938832,1600.82113324025,-199.157759544062,-187.242107197893,-139.428458138995,1044.72053015814,1594.01761103354,,
1047.00392383084,-183.706894216944,1601.00409497329,-199.637222448682,-186.797834003745,-138.226645209394,1044.78602072247,1594.17007914441,,
1047.07924742287,-177.950089532566,1601.18709171034,-200.108643507678,-186.283487203128,-137.018639467023,1044.85151949815,1594.32257642528,,
1047.15458045973,-173.700209907817,1601.37012346144,-200.346512665087,-185.724547078598,-135.804956319727,1044.91702648672,1594.47510288453,,
1047.22992294319,-170.19740184997,1601.55319023662,-200.143839518516,-185.117573076041,-134.586083440641,1044.98254168973,1594.62765853052,,
1047.30527487504,-167.141151543207,1601.73629204597,-199.520734463237,-184.439897042073,-133.36248204246,1045.04806510873,1594.78024337164,,
1047.38063625704,-164.382285161185,1601.91942889952,-198.738343900467,-183.684579627747,-132.134588423652,1045.11359674525,1594.93285741627,,
1047.45600709098,-161.835941730942,1602.10260080736,-198.102701891206,-182.876521758836,-130.902815734792,1045.17913660085,1595.0855006728,,
1047.53138737864,-159.449237410281,1602.28580777953,-197.85334599729,-182.053165760079,-129.667556445702,1045.24468467708,1595.23817314961,,
1047.60677712179,-157.18698737742,1602.46904982611,-198.182957066734,-181.235491553361,-128.429183589648,1045.31024097547,1595.39087485509,,
1047.68217632222,-155.02459670634,1602.65232695716,-199.277750514489,-180.41759703051,-127.18805197819,1045.37580549758,1595.54360579763,,
1047.75758498169,-152.944202758212,1602.83563918278,-201.210375212054,-179.578452954762,-125.944499094513,1045.44137824495,1595.69636598565,,
1047.83300310201,-150.932420032894,1603.01898651302,-202.905393089265,-178.702416176015,-124.698846776394,1045.50695921914,1595.84915542752,,
1047.90843068493,-148.978966309831,1603.202368958,-201.400530968103,-177.792520817929,-123.45140220404,1045.57254842168,1596.00197413167,,
1047.98386773226,-147.075773356563,1603.3857865278,-198.330927135653,-176.869036509023,-122.202458570988,1045.63814585414,1596.1548221065,,
1048.05931424576,-145.216397343472,1603.56923923249,-196.122781918861,-175.95785758489,-120.952296502431,1045.70375151805,1596.30769936041,,
1048.13477022722,-143.395612333541,1603.7527270822,-195.197198180721,-175.078112258946,-119.701184954705,1045.76936541497,1596.46060590183,,
1048.21023567841,-141.609127431388,1603.93625008699,-195.740616707111,-174.23516841047,-118.449381324979,1045.83498754644,1596.61354173916,,
1048.28571060112,-139.853375872978,1604.11980825701,-198.374538643896,-173.421259710995,-117.19713304381,1045.90061791402,1596.76650688084,,
1048.36119499715,-138.125365230326,1604.30340160232,-205.710445289506,-172.623469546601,-115.944677900037,1045.96625651926,1596.91950133527,,
1048.43668886827,-136.422564408031,1604.48703013307,-206.483688039075,-171.834947608756,-114.692244345347,1046.03190336371,1597.07252511089,,
1048.51219221626,-134.742813512566,1604.67069385937,-197.985729623036,-171.061097480256,-113.440052739153,1046.09755844892,1597.22557821614,,
1048.58770504292,-133.08425899036,1604.85439279132,-194.905529417924,-170.314830755431,-112.188315742285,1046.16322177645,1597.37866065943,,
1048.66322735,-131.445298779707,1605.03812693905,-194.561567268645,-169.604916810629,-110.93723829313,1046.22889334783,1597.53177244921,,
1048.73875913934,-129.824542636199,1605.2218963127,-196.924099972441,-168.928744224768,-109.687018780246,1046.29457316464,1597.68491359392,,
1048.81430041267,-128.220777772751,1605.4057009224,-202.997533366648,-168.277003982829,-108.437849408281,1046.36026122841,1597.838084102,,
1048.88985117182,-126.63294242063,1605.58954077828,-200.619706541475,-167.645708506393,-107.189915717543,1046.42595754071,1597.9912839819,,
1048.96541141854,-125.060101622187,1605.77341589047,-195.670933084343,-167.041905152429,-105.943398397333,1046.49166210308,1598.14451324206,,
1049.04098115465,-123.501430440126,1605.95732626913,-194.772835296039,-166.475506892231,-104.698472919909,1046.55737491709,1598.29777189094,,
1049.11656038192,-121.956201612097,1606.1412719244,-198.07280582845,-165.946690785541,-103.455309340191,1046.62309598428,1598.451059937,,
1049.19214910214,-120.423768741837,1606.32525286642,-202.368177297533,-165.445250134374,-102.214073663458,1046.68882530621,1598.60437738868,,
1049.26774731711,-118.903557051619,1606.50926910536,-193.387490996336,-164.96462017742,-100.974927404631,1046.75456288444,1598.75772425447,,
1049.3433550286,-117.395056368841,1606.69332065137,-189.198307540634,-164.513251106114,-99.7380282279597,1046.82030872052,1598.91110054281,,
1049.41897223841,-115.897811506153,1606.87740751462,-188.112972917908,-164.106576038925,-98.503530083958,1046.88606281601,1599.06450626218,,
1049.49459894833,-114.411416262136,1607.06152970527,-189.721584021752,-163.748476422639,-97.2715833412583,1046.95182517246,1599.21794142106,,
1049.57023516016,-112.935508157067,1607.24568723349,-194.755399120094,-163.427198496633,-96.0423352960655,1047.01759579144,1599.37140602791,,
1049.64588087566,-111.469763897887,1607.42988010945,-198.426705282371,-163.132432138776,-94.815930050004,1047.08337467449,1599.52490009121,,
1049.72153609666,-110.013896266217,1607.61410834335,-194.564647766614,-162.869636993017,-93.5925088819127,1047.14916182318,1599.67842361946,,
1049.79720082492,-108.567645852129,1607.79837194534,-196.133974502613,-162.649700470692,-92.3722106960393,1047.21495723906,1599.83197662112,,
1049.87287506226,-107.130784284772,1607.98267092564,-222.468895670863,-162.470384155357,-91.1551716142665,1047.2807609237,1599.9855591047,,
1049.94855881045,-105.703108467316,1608.1670052944,-192.48947285111,-162.320885674041,-89.9415255201731,1047.34657287865,1600.13917107867,,
1050.02425207128,-104.284436045305,1608.35137506186,-187.444856152698,-162.203183543729,-88.7314043605414,1047.41239310546,1600.29281255155,,
1050.09995484657,-102.874607894833,1608.53578023818,-186.449745968361,-162.132056748448,-87.5249378859207,1047.47822160571,1600.44648353182,,
1050.17566713809,-101.473482018951,1608.72022083358,-188.294882080376,-162.10970631619,-86.3222540943952,1047.54405838095,1600.60018402798,,
1050.25138894765,-100.08093467465,1608.90469685825,-191.104309793388,-162.11789142541,-85.1234791656552,1047.60990343274,1600.75391404854,,
1050.32712027705,-98.6968579197876,1609.08920832242,-190.562172165395,-162.143038739309,-83.9287378262377,1047.67575676265,1600.90767360202,,
1050.40286112805,-97.3211576256929,1609.27375523629,-191.061735678662,-162.188277826218,-82.7381533181752,1047.74161837222,1601.06146269691,,
1050.47861150248,-95.953753788748,1609.45833761009,-197.816256359959,-162.245976419957,-81.5518471933209,1047.80748826303,1601.21528134174,,
1050.55437140214,-94.5945783858311,1609.64295545401,-193.746828077637,-162.280913288352,-80.3699401572359,1047.87336643664,1601.36912954501,,
1050.63014082879,-93.2435743703021,1609.82760877831,-187.193465578065,-162.259275672186,-79.1925516547931,1047.9392528946,1601.52300731526,,
1050.70591978426,-91.9006956643928,1610.01229759321,-185.396270408598,-162.169451639741,-78.019799885863,1048.00514763849,1601.67691466101,,
1050.78170827034,-90.565905916869,1610.19702190894,-185.912236419795,-161.994810883804,-76.8518020796369,1048.07105066986,1601.83085159078,,
1050.85750628882,-89.2391773016235,1610.38178173573,-186.218757798334,-161.700611789044,-75.6886749163956,1048.13696199028,1601.98481811311,,
1050.93331384151,-87.9204912122339,1610.56657708382,-185.08129807272,-161.272180983219,-74.5305338811969,1048.20288160131,1602.13881423652,,
1051.0091309302,-86.6098358073394,1610.75140796347,-185.023563611834,-160.730447103975,-73.3774938596492,1048.26880950452,1602.29283996956,,
1051.08495755669,-85.307207962018,1610.93627438492,-187.809302966307,-160.09301781637,-72.2296691231032,1048.33474570147,1602.44689532077,,
1051.16079372279,-84.0126101305346,1611.12117635843,-191.481811102766,-159.365146599372,-71.087173436809,1048.40069019373,1602.60098029869,,
1051.23663943029,-82.7260523993608,1611.30611389424,-187.509435071909,-158.576055455453,-69.9501197338533,1048.46664298286,1602.75509491187,,
1051.31249468098,-81.4475500033064,1611.49108700262,-185.142590977804,-157.770941261656,-68.8186209326273,1048.53260407042,1602.90923916885,,
1051.3883594767,-80.1771244261088,1611.67609569384,-184.133596750317,-156.972948993731,-67.6927892888615,1048.598573458,1603.0634130782,,
1051.46423381921,-78.9148026719493,1611.86113997816,-183.31312149044,-156.195387610027,-66.5727366257518,1048.66455114714,1603.21761664847,,
1051.54011771033,-77.660616972115,1612.04621986586,-185.644537494491,-155.454869138055,-65.4585748034032,1048.73053713942,1603.37184988822,,
1051.61601115186,-76.4146037288986,1612.23133536721,-190.986518905341,-154.746039984041,-64.3504154287296,1048.7965314364,1603.52611280601,,
1051.69191414561,-75.1768046789478,1612.41648649249,-180.479796464617,-154.060194007885,-63.2483697005499,1048.86253403966,1603.68040541041,,
1051.76782669337,-73.9472657877121,1612.60167325199,-176.25764540262,-153.421259688457,-62.1525489707105,1048.92854495076,1603.83472770999,,
1051.84374879697,-72.7260375451454,1612.78689565598,-174.808123464002,-152.84901937719,-61.0630644326274,1048.99456417128,1603.98907971332,,
1051.91968045819,-71.5131738257351,1612.97215371479,-174.485830765838,-152.338780171908,-59.9800272470792,1049.06059170277,1604.14346142899,,
1051.99562167883,-70.3087332906434,1613.15744743867,-176.127569506022,-151.893768398268,-58.903548693353,1049.12662754681,1604.29787286556,,
1052.0715724607,-69.1127773566715,1613.34277683796,-184.619188769931,-151.505788695481,-57.8337402441089,1049.19267170496,1604.45231403163,,
1052.14753280563,-67.9253721700185,1613.52814192295,-182.378391123953,-151.149051932234,-56.7707131841633,1049.25872417881,1604.60678493579,,
1052.22350271541,-66.7465866439509,1613.71354270393,-175.240755630459,-150.834220864286,-55.7145793168353,1049.32478496992,1604.76128558661,,
1052.29948219184,-65.5764928953519,1613.89897919124,-173.434885880864,-150.584659191579,-54.6654506073636,1049.39085407986,1604.9158159927,,
1052.37547123673,-64.4151665768137,1614.08445139518,-173.24519958794,-150.400130804465,-53.6234391698436,1049.4569315102,1605.07037616265,,
1052.45146985189,-63.2626871140882,1614.26995932607,-175.636721179369,-150.284726238756,-52.5886575014932,1049.52301726251,1605.22496610506,,
1052.52747803914,-62.1191356011713,1614.45550299424,-181.214472318752,-150.222754579107,-51.561218579239,1049.58911133838,1605.37958582853,,
1052.60349580026,-60.9845977475874,1614.64108241002,-175.697267246405,-150.191881286298,-50.5412355687414,1049.65521373936,1605.53423534168,,
1052.67952313708,-59.8591610465425,1614.82669758373,-173.263363446299,-150.214875152726,-49.5288222571916,1049.72132446703,1605.68891465311,,
1052.7555600514,-58.7429164050653,1615.01234852572,-173.205657095508,-150.299954371559,-48.5240927954977,1049.78744352296,1605.84362377143,,
1052.83160654505,-57.6359576130021,1615.19803524631,-174.279926057187,-150.438052757327,-47.5271618873422,1049.85357090874,1605.99836270526,,
1052.90766261982,-56.5383806027042,1615.38375775586,-177.845763295721,-150.623041413263,-46.538144853988,1049.91970662593,1606.15313146322,,
1052.98372827753,-55.4502850214393,1615.56951606473,-175.428348449031,-150.813887241606,-45.5571575070702,1049.98585067611,1606.30793005394,,
1053.05980351998,-54.3717723756479,1615.75531018325,-173.391609381328,-151.006414166273,-44.5843164892128,1050.05200306085,1606.46275848604,,
1053.13588834899,-53.3029474757382,1615.94114012177,-174.280699158775,-151.20138824745,-43.6197388795569,1050.11816378173,1606.61761676814,,
1053.21198276637,-52.243917371371,1616.12700589068,-175.439553924412,-151.353536016831,-42.6635426381851,1050.18433284032,1606.7725049089,,
1053.28808677394,-51.1947917521661,1616.31290750032,-178.372550784304,-151.437845824195,-41.7158464300372,1050.25051023821,1606.92742291693,,
1053.3642003735,-50.1556831665259,1616.49884496106,-176.278236020971,-151.396383088177,-40.7767697677912,1050.31669597696,1607.08237080088,,
1053.44032356688,-49.1267064758436,1616.68481828327,-174.936783847467,-151.218472207998,-39.8464329981751,1050.38289005816,1607.23734856939,,
1053.51645635588,-48.1079794185401,1616.87082747734,-177.004477464026,-150.93400347335,-38.9249571978952,1050.44909248337,1607.39235623112,,
1053.59259874232,-47.0996221324108,1617.05687255364,-177.783260178677,-150.526861201783,-38.012464532083,1050.51530325419,1607.5473937947,,
1053.66875072801,-46.1017572587359,1617.24295352256,-178.587222608944,-150.032122318794,-37.1090780716187,1050.58152237218,1607.7024612688,,
1053.74491231478,-45.1145102540158,1617.42907039447,-175.24108529369,-149.464940136125,-36.2149218605833,1050.64774983894,1607.85755866206,,
1053.82108350442,-44.1380090804316,1617.61522317979,-173.135317996921,-148.888697330287,-35.3301209815555,1050.71398565602,1608.01268598316,,
1053.89726429877,-43.1723841417934,1617.8014118889,-143.710612222716,-148.332976349651,-34.4548015970104,1050.78022982502,1608.16784324075,,
1053.97345469964,-42.2177687177804,1617.98763653219,-143.285415034348,-147.774368260237,-33.5890910556487,1050.84648234751,1608.32303044349,,
1054.04965470884,-41.2742983616564,1618.17389712008,-143.124778726346,-147.24302722074,-32.7331178025195,1050.91274322508,1608.47824760007,,
1054.12586432821,-40.3421118495277,1618.36019366298,-143.208972398041,-146.765474693757,-31.8870114696296,1050.97901245931,1608.63349471915,,
1054.20208355952,-39.4213503869954,1618.54652617128,-143.515746031521,-146.38085541797,-31.0509029420974,1051.04529005176,1608.7887718094,,
1054.27831240465,-38.5121573997158,1618.73289465541,-144.012333303613,-146.021662663463,-30.2249245021238,1051.11157600404,1608.94407887951,,
1054.35455086538,-37.6146795979534,1618.9192991258,-144.642106855683,-145.717325163597,-29.4092097088864,1051.17787031772,1609.09941593817,,
1054.43079894353,-36.7290663839489,1619.10573959287,-145.3093954771,-145.537478200991,-28.6038934509136,1051.24417299437,1609.25478299406,,
1054.50705664094,-35.8554700007398,1619.29221606703,-145.89085530577,-145.581813055752,-27.8091121301458,1051.3104840356,1609.41018005586,,
1054.5833239594,-34.9940452951251,1619.47872855872,-146.236528059377,-145.79661262003,-27.0250035927352,1051.37680344296,1609.56560713227,,
1054.65960090077,-34.1449501872354,1619.6652770784,-146.31253396929,-146.174904142455,-26.251707218269,1051.44313121806,1609.721064232,,
1054.73588746684,-33.308345469323,1619.85186163648,-146.124780154247,-146.395972324625,-25.4893640055079,1051.50946736247,1609.87655136373,,
1054.81218365945,-32.4843951490365,1620.03848224342,-145.927112941754,-145.692074827372,-24.7381165175239,1051.57581187778,1610.03206853618,,
1054.88848948042,-31.6732657922634,1620.22513890965,-145.794839578208,-144.251070866636,-23.9981091271087,1051.64216476558,1610.18761575804,,
1054.96480493156,-30.8751273934917,1620.41183164564,-146.552026840379,-144.078127619051,-23.2694878120714,1051.70852602744,1610.34319303803,,
1055.04113001469,-30.0901532797105,1620.59856046184,-148.436437056421,-146.562210698303,-22.5524004027099,1051.77489566495,1610.49880038487,,
1055.11746473166,-29.318519487841,1620.78532536871,-150.411990226947,-146.427306447627,-21.8469966807624,1051.8412736797,1610.65443780726,,
1055.19380908427,-28.5604057940337,1620.97212637673,-148.454997863916,-143.298960029429,-21.15342815231,1051.90766007328,1610.81010531394,,
1055.27016307436,-27.8159951813317,1621.15896349634,-150.625055692431,-146.824488532551,-20.4718484741642,1051.97405484727,1610.96580291362,,
1055.34652670375,-27.0854738256,1621.34583673804,-151.679565571604,-143.892760356085,-19.80241323438,1052.04045800326,1611.12153061503,,
1055.42289997425,-26.3690318814049,1621.53274611228,-156.7754115247,-143.633319056982,-19.1452801717148,1052.10686954283,1611.2772884269,,
1055.49928288772,-25.6668626954165,1621.71969162955,-157.432417022621,-130.488602844264,-18.5006092230219,1052.17328946758,1611.43307635796,,
1055.57567544595,-24.9791635849103,1621.90667330035,-134.579039214663,-117.646351836345,-17.8685624807965,1052.23971777909,1611.58889441696,,
1055.65207765079,-24.3061352224181,1622.09369113516,-125.869005341824,-111.267983657428,-17.2493044585093,1052.30615447895,1611.74474261263,,
1055.72848950406,-23.6479827167887,1622.28074514446,-138.159343823457,-109.351173314958,-16.6430019457867,1052.37259956875,1611.90062095372,,
1055.80491100759,-23.0049147803134,1622.46783533876,-91.464448253322,-114.410978920388,-16.0498242720293,1052.43905305008,1612.05652944897,,
1055.88134216321,-22.377144365004,1622.65496172856,-59.5880452799926,-70.626866655716,-15.4699432299259,1052.50551492453,1612.21246810713,,
1055.95778297273,-21.764888264951,1622.84212432435,-38.4523175587639,-48.4698320634217,-14.9035333306922,1052.57198519368,1612.36843693696,,
1056.03423343801,-21.1683681218723,1623.02932313666,-23.1771068647913,-32.1976501296879,-14.3507716930877,1052.63846385914,1612.52443594722,,
1056.11069356086,-20.5878094972388,1623.216558176,-12.1906956019234,-19.3873915198909,-13.8118383309409,1052.70495092249,1612.68046514667,,
1056.18716334311,-20.0234428790605,1623.40382945287,-4.89319721859444,-9.12830772093348,-13.2869160157422,1052.77144638531,1612.83652454406,,
1056.2636427866,-19.4755032967026,1623.59113697782,-1.27160326674093,-0.996039902202507,-12.7761905843813,1052.83795024922,1612.99261414818,,
1056.34013189315,-18.9442304325032,1623.77848076134,-2.12016882668036,5.19531328826222,-12.2798509135709,1052.90446251578,1613.14873396778,,
1056.4166306646,-18.4298693604289,1623.96586081398,-7.5542385050724,9.45936319793143,-11.7980890642984,1052.97098318661,1613.30488401165,,
1056.49313910278,-17.9326698433785,1624.15327714627,-3.20539842617899,11.610624778095,-11.3311003850191,1053.03751226329,1613.46106428856,,
1056.56965720952,-17.4528872323215,1624.34072976876,-5.23900529096421,11.0982334649289,-10.8790835749339,1053.10404974741,1613.6172748073,,
1056.64618498666,-16.9907821918212,1624.52821869197,-5.72584104577302,6.71728015080524,-10.4422408891553,1053.17059564057,1613.77351557664,,
1056.72272243601,-16.5466210926173,1624.71574392646,-3.1672883108472,5.96651832973182,-10.0207781408044,1053.23714994436,1613.92978660538,,
1056.79926955944,-16.1206760902635,1624.90330548276,-9.64383233301634,10.2449628622067,-9.61490493714093,1053.30371266038,1614.0860879023,,
1056.87582635876,-15.7132254335239,1625.09090337145,-4.15040152990755,8.76832622797751,-9.22483473785081,1053.37028379023,1614.24241947621,,
1056.95239283581,-15.3245535198419,1625.27853760307,-10.8169540259907,5.6146967054584,-8.85078498504668,1053.43686333549,1614.39878133589,,
1057.02896899242,-14.9549512346294,1625.46620818819,-3.98444911191078,9.86736128542597,-8.4929773080445,1053.50345129776,1614.55517349016,,
1057.10555483045,-14.6047161143438,1625.65391513738,-14.0908048298463,8.4472599971578,-8.15163758196736,1053.57004767865,1614.71159594782,,
1057.1821503517,-14.274152602001,1625.8416584612,-3.37953989991963,6.75074625657006,-7.82699616186008,1053.63665247974,1614.86804871767,,
1057.25875555802,-13.963572404553,1626.02943817024,-6.02020112812497,9.97875209705046,-7.51928795730804,1053.70326570263,1615.02453180853,,
1057.33537045127,-13.673294453627,1626.21725427505,-2.05458791086385,7.02884348952407,-7.22875268430325,1053.76988734893,1615.18104522921,,
1057.41199503325,-13.4036456470271,1626.40510678624,3.42652057484235,8.46575007735931,-6.95563495711817,1053.83651742022,1615.33758898853,,
1057.48862930584,-13.1549606655131,1626.59299571438,2.83729768534585,9.1742714342879,-6.70018454584931,1053.90315591812,1615.49416309532,,
1057.56527327083,-12.9275825687481,1626.78092107008,1.34169242702006,6.62351705023253,-6.4626565073935,1053.9698028442,1615.6507675584,,
1057.6419269301,-12.7218630785867,1626.96888286391,1.99680064304024,9.40592093454091,-6.24331140286859,1054.03645820009,1615.80740238659,,
1057.71859028546,-12.5381628611984,1627.15688110648,4.1992251252552,5.93775099782878,-6.04241552867176,1054.10312198736,1615.96406758873,,
1057.79526333877,-12.3768519607452,1627.34491580839,4.62580310226297,8.33988027192141,-5.86024109156972,1054.16979420763,1616.12076317366,,
1057.87194609188,-12.2383100884455,1627.53298698026,5.3428628802445,8.9020450944894,-5.69706647371465,1054.2364748625,1616.27748915022,,
1057.94863854659,-12.1229271369523,1627.72109463269,6.03646988372728,7.18669064050644,-5.55317646082265,1054.30316395356,1616.43424552724,,
1058.02534070478,-12.0311035026741,1627.9092387763,4.43962589228936,6.85242803959713,-5.42886249724377,1054.36986148242,1616.59103231358,,
1058.10205256827,-11.9632506386273,1628.0974194217,3.24356158391402,5.30160667323452,-5.32442294179733,1054.43656745067,1616.74784951808,,
1058.17877413891,-11.919791445737,1628.28563657952,1.91362548429506,8.04175736039689,-5.24016336681685,1054.50328185992,1616.9046971496,,
1058.25550541855,-11.9011608410056,1628.4738902604,-1.2075129585268,7.20160937300551,-5.17639683617372,1054.57000471178,1617.061575217,,
1058.33224640902,-11.9078062652302,1628.66218047494,0.324074356877137,9.65098758619,-5.13344422360424,1054.63673600784,1617.21848372912,,
1058.40899711217,-11.9401882680745,1628.85050723382,4.86721842150827,9.68534266129844,-5.11163453845715,1054.70347574971,1617.37542269485,,
1058.48575752983,-11.9987811085796,1629.03887054764,5.61837198691096,10.9879600476571,-5.11130526926142,1054.77022393898,1617.53239212303,,
1058.56252766387,-12.084073419163,1629.22727042706,-0.950826134800908,7.83388316445639,-5.13280275106303,1054.83698057728,1617.68939202255,,
1058.63930751612,-12.1965688368936,1629.41570688274,-4.87711706727749,8.82683324723296,-5.17648255304668,1054.90374566619,1617.84642240228,,
1058.71609708843,-12.3367868280715,1629.60417992531,-0.564285034495531,6.52812593547127,-5.24270987943081,1054.97051920733,1618.00348327109,,
1058.79289638263,-12.505263365936,1629.79268956543,-10.391542138547,7.00389384407363,-5.33186000622211,1055.03730120229,1618.16057463786,,
1058.86970540059,-12.7025518711414,1629.98123581379,-4.44152764949058,6.38469240494329,-5.44431873087396,1055.10409165269,1618.31769651149,,
1058.94652414415,-12.9292239743935,1630.16981868102,-4.50365747594009,9.0085078376764,-5.58048287029511,1055.17089056013,1618.47484890085,,
1059.02335261515,-13.1858705989997,1630.35843817781,-8.75323325507311,7.61792389393101,-5.74076075275042,1055.23769792622,1618.63203181484,,
1059.10019081544,-13.4731028411976,1630.54709431481,-3.46011863188729,7.74867034396897,-5.9255727936451,1055.30451375256,1618.78924526234,,
1059.17703874689,-13.7915532260246,1630.73578710272,-6.04691643869821,8.97313776069852,-6.13535204144757,1055.37133804077,1618.94648925227,,
1059.25389641131,-14.1418766699481,1630.92451655222,-4.63253816731041,7.61840405000479,-6.37054482266513,1055.43817079244,1619.10376379352,,
1059.33076381057,-14.524751979489,1631.11328267399,-2.83550717517895,9.67752496365112,-6.63161136162567,1055.50501200919,1619.26106889499,,
1059.40764094651,-14.9408829489362,1631.30208547872,-7.07221210284619,6.73790692314224,-6.91902654545489,1055.57186169262,1619.4184045656,,
1059.484527821,-15.3910000711506,1631.4909249771,-4.3707703368861,10.2826407148603,-7.23328058517549,1055.63871984435,1619.57577081425,,
1059.56142443588,-15.8758617090592,1631.67980117983,-2.45026887276004,6.0133261136487,-7.57487987716204,1055.70558646598,1619.73316764986,,
1059.63833079299,-16.3962563757043,1631.86871409762,-5.68154760570552,10.3538681708327,-7.94434784070512,1055.77246155912,1619.89059508135,,
1059.71524689419,-16.9530040412358,1632.05766374117,-5.49570840530546,7.25567975641378,-8.34222579886814,1055.83934512538,1620.04805311764,,
1059.79217274134,-17.5469583342417,1632.24665012118,-1.86832418615437,8.99526196942436,-8.76907399509978,1055.90623716638,1620.20554176765,,
1059.86910833628,-18.1790086005508,1632.43567324838,-1.46123665889686,10.1902075291297,-9.22547261724993,1055.97313768372,1620.36306104032,,
1059.94605368087,-18.8500824227315,1632.6247331335,-3.61372348182313,4.56763515062138,-9.7120229199074,1056.04004667902,1620.52061094458,,
1060.02300877696,-19.5611477578333,1632.81382978723,-7.84215831801795,11.1446420064919,-10.2293484891875,1056.10696415388,1620.67819148936,,
1060.09997362642,-20.3132163278589,1633.00296322033,-13.9775725037119,12.0358368972419,-10.7780964178159,1056.17389010993,1620.83580268361,,
1060.17694823107,-21.1073458528684,1633.1921334435,-22.0428461564722,8.3159664598183,-11.3589388418023,1056.24082454876,1620.99344453625,,
1060.2539325928,-21.9446440292553,1633.38134046751,-32.2302628286767,0.888477248059993,-11.97257437394,1056.307767472,1621.15111705626,,
1060.33092671344,-22.8262715948842,1633.57058430307,-44.9664564279194,-10.2385906935706,-12.6197297943919,1056.37471888125,1621.30882025256,,
1060.40793059486,-23.7534467706084,1633.75986496094,-61.1587294035171,-25.6637038509198,-13.3011617551131,1056.44167877814,1621.46655413412,,
1060.48494423891,-24.7274492590064,1633.94918245187,-83.2203767930266,-46.9682954662418,-14.0176587686556,1056.50864716427,1621.62431870989,,
1060.56196764745,-25.7496248079344,1634.1385367866,-126.876438680997,-79.0413232430879,-14.7700433008625,1056.57562404126,1621.78211398883,,
1060.63900082234,-26.8213916248412,1634.32792797588,-121.682530411999,-125.952730607782,-15.5591738769573,1056.64260941073,1621.9399399799,,
1060.71604376542,-27.9442443483624,1634.51735603051,-123.447261288719,-113.787921447657,-16.3859478274166,1056.70960327428,1622.09779669209,,
1060.79309647857,-29.119762705882,1634.70682096121,-129.858284592546,-122.298935112214,-17.2513037415627,1056.77660563354,1622.25568413434,,
1060.87015896365,-30.3496168903758,1634.89632277877,-144.296890672908,-149.223943703084,-18.1562245042172,1056.84361649013,1622.41360231564,,
1060.9472312225,-31.6355766469974,1635.08586149396,-149.206373694727,-150.132332117866,-19.1017406100172,1056.91063584565,1622.57155124497,,
1061.02431325698,-32.9795200627317,1635.27543711757,-149.938224149787,-143.399018187348,-20.088933576239,1056.97766370172,1622.72953093131,,
1061.10140506897,-34.3834437238582,1635.46504966036,-149.552257129086,-148.089317587321,-21.1189398299884,1057.04470005997,1622.88754138363,,
1061.17850666032,-35.8494738779995,1635.65469913313,-147.862371452071,-143.450158302418,-22.1929551684213,1057.11174492202,1623.04558261094,,
1061.25561803288,-37.3798795123115,1635.84438554666,-149.468446843696,-144.367737794139,-23.3122393602716,1057.17879828946,1623.20365462222,,
1061.33273918853,-38.977087014753,1636.03410891175,-148.782914760837,-145.938791573747,-24.4781214103024,1057.24586016394,1623.36175742646,,
1061.40987012912,-40.6436963198082,1636.22386923922,-147.111762006666,-146.00784024788,-25.6920055298494,1057.31293054706,1623.51989103268,,
1061.48701085652,-42.3825003394838,1636.41366653982,-147.365770019533,-145.736147737938,-26.9553774472874,1057.38000944045,1623.67805544985,,
1061.56416137259,-44.1965066307531,1636.60350082441,-148.28682186301,-145.913213268632,-28.269811677906,1057.44709684573,1623.83625068701,,
1061.64132167919,-46.0889617428093,1636.79337210377,-147.984306599397,-146.129540208202,-29.6369798819732,1057.51419276451,1623.99447675314,,
1061.71849177818,-48.0633812120113,1636.98328038874,-147.19039409666,-146.319286250524,-31.0586595764606,1057.58129719842,1624.15273365728,,
1061.79567167143,-50.1235819395494,1637.1732256901,-146.523105451967,-146.223643339667,-32.536744797296,1057.64841014907,1624.31102140842,,
1061.87286136082,-52.2737231801304,1637.36320801871,-146.149253551064,-145.847096737189,-34.0732572876589,1057.7155316181,1624.46934001559,,
1061.95006084818,-54.5183507662281,1637.5532273854,-166.787302949025,-145.222669043644,-35.6703600355601,1057.78266160711,1624.62768948783,,
1062.0272701354,-56.8624542509788,1637.74328380097,-166.857578621408,-144.529804024712,-37.3303718960851,1057.84980011774,1624.78606983414,,
1062.10448922435,-59.311529785723,1637.93337727627,-166.478877152585,-143.874838543094,-39.0557849812965,1057.91694715161,1624.94448106356,,
1062.18171811688,-61.8716603477406,1638.12350782217,-166.597119286035,-143.362931760933,-40.849284038836,1057.98410271033,1625.10292318514,,
1062.25895681487,-64.549609318152,1638.31367544947,-167.407551801397,-143.049839470209,-42.7137692736906,1058.05126679554,1625.26139620789,,
1062.33620532018,-67.352936931865,1638.50388016904,-166.199310553844,-142.949554491851,-44.652382479772,1058.11843940885,1625.41990014087,,
1062.41346363469,-70.2901417736621,1638.69412199174,-170.62664927039,-143.127384267203,-46.6685376086452,1058.1856205519,1625.57843499312,,
1062.49073176025,-73.3708392473282,1638.88440092842,-165.827730702258,-143.524555083829,-48.7659565436307,1058.2528102263,1625.73700077368,,
1062.56800969873,-76.6059834963323,1639.07471698994,-186.070686951088,-144.275854498901,-50.9487112790871,1058.32000843368,1625.89559749162,,
1062.64529745202,-80.0081529457686,1639.26507018718,-166.753088697145,-145.244895496441,-53.2212737523652,1058.38721517567,1626.05422515598,,
1062.72259502197,-83.5919170394289,1639.45546053098,-171.442385430791,-146.589272798023,-55.5885758602484,1058.45443045389,1626.21288377582,,
1062.79990241047,-87.3743215474421,1639.64588803224,-177.550658860313,-148.186570688047,-58.0560808430728,1058.52165426997,1626.3715733602,,
1062.87721961937,-91.3755327838771,1639.83635270183,-176.254586257946,-149.80779492827,-60.6298707765313,1058.58888662554,1626.53029391819,,
1062.95454665055,-95.6197234707824,1640.02685455064,-180.682098418581,-151.072208895994,-63.3167529184731,1058.65612752222,1626.68904545887,,
1063.0318835059,-100.136304363061,1640.21739358955,-173.963656094842,-151.406718190086,-66.1243918157346,1058.72337696165,1626.84782799129,,
1063.10923018726,-104.961703025885,1640.40796982946,-182.402179135305,-151.00176818986,-69.0614738601589,1058.79063494544,1627.00664152455,,
1063.18658669651,-110.141997345726,1640.59858328125,-178.341401745147,-150.298155318521,-72.1379157697412,1058.85790147523,1627.16548606771,,
1063.26395303554,-115.73699230006,1640.78923395583,-176.704841089763,-149.756825073106,-75.3651316590698,1058.92517655264,1627.32436162986,,
1063.34132920621,-121.826820091613,1640.97992186411,-188.67664152476,-149.566059580424,-78.7563812719263,1058.99246017931,1627.48326822009,,
1063.4187152104,-128.523318782768,1641.17064701699,-176.114211840917,-149.740319523291,-82.3272295744207,1059.05975235687,1627.64220584749,,
1063.49611104998,-135.991228810827,1641.36140942539,-180.372820894043,-150.36024573628,-86.0961692344845,1059.12705308694,1627.80117452116,,
1063.57351672683,-144.492204870142,1641.55220910022,-184.646905419816,-151.423743813575,-90.0854774380255,1059.19436237116,1627.96017425018,,
1063.65093224283,-154.491681197589,1641.74304605239,-181.350283122754,-152.960269957737,-94.3224314326137,1059.26168021116,1628.11920504366,,
1063.72835759986,-166.994168670588,1641.93392029285,-185.214816321123,-155.038984429844,-98.8410827339591,1059.32900660857,1628.27826691071,,
1063.80579279976,-185.272141310635,1642.12483183253,-192.237791023994,-157.670024146835,-103.684944173539,1059.39634156501,1628.43735986044,,
1063.88323784445,-198.932925392198,1642.31578068234,-196.522622396781,-160.658904739189,-108.911243914204,1059.46368508213,1628.59648390195,,
1063.96069273579,-200.457583632384,1642.50676685323,-195.786234175301,-163.14401048691,-114.598044064616,1059.53103716156,1628.75563904436,,
1064.03815747566,-201.076455936555,1642.69779035616,-194.154658835495,-163.98131130191,-120.857022386851,1059.59839780492,1628.9148252968,,
1064.11563206594,-202.279630385224,1642.88885120204,-194.512585248582,-163.856167625828,-127.858706259852,1059.66576701386,1629.07404266837,,
1064.1931165085,-200.363049343537,1643.07994940186,-194.511599239659,-164.073312015955,-135.889394994184,1059.73314479,1629.23329116822,,
1064.27061080523,-201.740095529253,1643.27108496655,-195.337381285369,-165.224830506142,-145.508848744758,1059.80053113498,1629.39257080546,,
1064.34811495801,-203.748521145393,1643.46225790709,-197.268459175753,-167.684442045501,-158.184250809602,1059.86792605044,1629.55188158924,,
1064.42562896871,-201.208960950226,1643.65346823442,-199.529548173342,-172.153989170868,-184.453132908702,1059.93532953801,1629.71122352868,,
1064.50315283922,-200.416644954265,1643.84471595953,-200.924517544007,-180.275467038816,-181.207263488521,1060.00274159932,1629.87059663294,,
1064.58068657142,-202.533909614963,1644.03600109338,-200.229381055952,-179.38870179816,-196.7098737168,1060.07016223602,1630.03000091115,,
1064.65823016719,-204.222441765861,1644.22732364694,-199.335295482116,-175.069305773522,-185.295055613564,1060.13759144973,1630.18943637245,,
1064.73578362842,-201.685828232996,1644.41868363121,-199.22341691097,-174.349336865028,-187.616750449014,1060.2050292421,1630.34890302601,,
1064.81334695697,-200.323167708858,1644.61008105718,-200.488876554811,-174.310394765181,-196.880181040003,1060.27247561476,1630.50840088098,,
1064.89092015475,-201.39842689069,1644.80151593581,-202.985516267068,-170.380005204782,-188.946498348049,1060.33993056935,1630.66792994651,,
1064.96850322364,-203.989440014028,1644.99298827811,-206.689337156486,-165.513891524431,-187.842217860867,1060.40739410751,1630.82749023176,,
1065.04609616551,-203.560579147939,1645.18449809509,-205.968556212381,-161.896980548806,-191.83130168701,1060.47486623088,1630.98708174591,,
1065.12369898225,-201.105459745545,1645.37604539774,-202.20822690943,-159.471834245826,-196.65515215591,1060.54234694109,1631.14670449812,,
1065.20131167575,-200.336047745858,1645.56763019707,-200.197958709225,-158.080299607814,-191.141708832462,1060.60983623978,1631.30635849756,,
1065.27893424789,-201.582932889822,1645.75925250409,-199.9511408235,-157.717125869883,-189.36993550535,1060.6773341286,1631.46604375341,,
1065.35656670056,-203.954949399361,1645.95091232982,-202.034749884746,-158.602342194567,-191.002315129911,1060.74484060918,1631.62576027485,,
1065.43420903565,-203.664973764741,1646.14260968527,-210.039806154062,-161.464437991547,-195.431291876258,1060.81235568317,1631.78550807106,,
1065.51186125504,-201.34507661997,1646.33434458148,-204.110211606111,-167.363647600326,-195.470456575934,1060.87987935221,1631.94528715123,,
1065.58952336062,-200.32225481879,1646.52611702947,-195.364167910446,-161.529697640745,-191.847456480534,1060.94741161793,1632.10509752456,,
1065.66719535428,-201.072476485375,1646.71792704026,-190.351051994692,-154.600869194511,-190.695595981197,1061.01495248198,1632.26493920022,,
1065.7448772379,-203.185959803202,1646.90977462492,-186.862028619623,-150.168022286033,-191.84781295059,1061.082501946,1632.42481218743,,
1065.82256901339,-204.112247613419,1647.10165979447,-184.280646393462,-147.026355577535,-194.964219807823,1061.15006001164,1632.58471649539,,
1065.90027068262,-202.158124570463,1647.29358255995,-182.369658121076,-144.700623430849,-196.653109277026,1061.21762668054,1632.74465213329,,
1065.97798224748,-200.552258596188,1647.48554293241,-181.002341296845,-142.976533922511,-193.787580086528,1061.28520195433,1632.90461911034,,
1066.05570370987,-200.486127802608,1647.67754092292,-180.069101631606,-141.74194209191,-191.798172433193,1061.35278583467,1633.06461743577,,
1066.13343507168,-201.927837553674,1647.86957654254,-179.557864191421,-140.941754108112,-191.805536186591,1061.4203783232,1633.22464711878,,
1066.21117633479,-203.83500217921,1648.06164980232,-179.448526357249,-140.552920133905,-193.704911335661,1061.48797942156,1633.3847081686,,
1066.28892750111,-203.331173484069,1648.25376071333,-179.76523464943,-140.580068947178,-196.489028956209,1061.5555891314,1633.54480059444,,
1066.36668857253,-201.343989046108,1648.44590928665,-180.583605452395,-141.059309092685,-196.071984645113,1061.62320745437,1633.70492440554,,
1066.44445955092,-200.341551074379,1648.63809553334,-182.006999293258,-142.069070162756,-193.696665527794,1061.6908343921,1633.86507961112,,
1066.5222404382,-200.797380287988,1648.8303194645,-184.271805086394,-143.771006238196,-192.477419969307,1061.75846994626,1634.02526622042,,
1066.60003123624,-202.485007951164,1649.02258109122,-187.950021394181,-146.511312485286,-192.682112923752,1061.82611411847,1634.18548424268,,
1066.67783194696,-203.835543123887,1649.21488042456,-194.789315612351,-151.162785137169,-194.222317176642,1061.8937669104,1634.34573368713,,
1066.75564257224,-202.670359851918,1649.40721747564,-199.314512681636,-158.591028135957,-196.470426625046,1061.96142832369,1634.50601456303,,
1066.83346311398,-200.929817214852,1649.59959225553,-190.761890215019,-152.941310587068,-196.519369069191,1062.02909835998,1634.66632687961,,
1066.91129357407,-200.316811324872,1649.79200477537,-186.72599025966,-147.449192900622,-194.34581165082,1062.09677702093,1634.82667064614,,
1066.98913395441,-201.064713616708,1649.98445504624,-184.561241197117,-144.287534427802,-192.998296264808,1062.16446430818,1634.98704587187,,
1067.0669842569,-202.779923642922,1650.17694307926,-183.406291265857,-142.31791871357,-193.103470843004,1062.23216022339,1635.14745256605,,
1067.14484448343,-203.609257331951,1650.36946888554,-182.880151386541,-141.102569084341,-194.425543118179,1062.2998647682,1635.30789073795,,
1067.2227146359,-202.197107899575,1650.56203247621,-182.728458459852,-140.444453992992,-196.17879840759,1062.36757794426,1635.46836039684,,
1067.30059471621,-200.696498915673,1650.75463386239,-182.746785100389,-140.244891151762,-196.633214269814,1062.43529975323,1635.62886155199,,
1067.37848472626,-200.350920513545,1650.94727305519,-182.818957836667,-140.455250005198,-195.259379857753,1062.50303019675,1635.78939421266,,
1067.45638466795,-201.277606561569,1651.13995006577,-182.980691341578,-141.05788716747,-193.789273992101,1062.57076927648,1635.94995838814,,
1067.53429454318,-202.922380599632,1651.33266490526,-183.410448078726,-142.059717654207,-193.327405607839,1062.63851699407,1636.11055408772,,
1067.61221435383,-203.32469407833,1651.52541758479,-184.36070218711,-143.493906128766,-194.155175143786,1062.70627335116,1636.27118132066,,
1067.69014410184,-201.831670032884,1651.71820811552,-186.135641555551,-145.429717135547,-195.908632263226,1062.77403834943,1636.43184009627,,
1067.76808378909,-200.543830730732,1651.91103650861,-189.194304058656,-147.999962449621,-196.885653435281,1062.84181199051,1636.59253042384,,
1067.84603341747,-200.412279972474,1652.10390277518,-194.612519216303,-151.473397322252,-195.915835345562,1062.90959427606,1636.75325231265,,
1067.92399298889,-201.468496267834,1652.29680692641,-208.390141598213,-156.486130288508,-194.577467921661,1062.97738520773,1636.91400577201,,
1068.00196250526,-202.988698118358,1652.48974897348,-203.1242750625,-164.793346520938,-193.844931580122,1063.04518478718,1637.07479081123,,
1068.07994196848,-203.016394526244,1652.68272892752,-198.519699497158,-166.31588232871,-193.99647370196,1063.11299301607,1637.2356074396,,
1068.15793138046,-201.511846412149,1652.87574679973,-199.559714378477,-160.464538824836,-195.170981825846,1063.18080989605,1637.39645566644,,
1068.23593074309,-200.430945238079,1653.06880260128,-207.226419659646,-158.000254867505,-196.765015709026,1063.24863542877,1637.55733550107,,
1068.31394005827,-200.503704316637,1653.26189634335,-207.477394963504,-157.160907195967,-196.755996678681,1063.31646961589,1637.71824695279,,
1068.39195932793,-201.671090125733,1653.45502803713,-198.675489400349,-157.323933918503,-195.319989593321,1063.38431245907,1637.87919003094,,
1068.46998855395,-203.009716060035,1653.64819769381,-196.113006032003,-158.252185131612,-194.326893124606,1063.45216395996,1638.04016474484,,
1068.54802773825,-202.674837779164,1653.84140532457,-196.385699189028,-159.859640473286,-194.174046506426,1063.52002412022,1638.20117110381,,
1068.62607688274,-201.204344013568,1654.03465094063,-199.081074052766,-162.145187959987,-194.762414210947,1063.58789294151,1638.36220911719,,
1068.70413598933,-200.348995172951,1654.22793455318,-203.612443016697,-165.181818175245,-195.993467564199,1063.6557704255,1638.52327879432,,
1068.78220505989,-200.642782069339,1654.42125617342,-203.815766470767,-169.145747865699,-197.024105183854,1063.72365657382,1638.68438014452,,
1068.86028409638,-201.907466858285,1654.61461581259,-201.490883803806,-174.426908128294,-196.333910674477,1063.79155138816,1638.84551317716,,
1068.93837310067,-202.976084878851,1654.80801348188,-200.934994929705,-182.068018769597,-194.944232910879,1063.85945487015,1639.00667790157,,
1069.01647207469,-202.281669725809,1655.00144919252,-201.275584167951,-196.205065101972,-194.336819572181,1063.92736702147,1639.1678743271,,
1069.09458102035,-200.901212113578,1655.19492295573,-201.330781063217,-193.135428263105,-194.648407366515,1063.99528784378,1639.32910246311,,
1069.17269993954,-200.311407527771,1655.38843478275,-201.18269476949,-191.675822508665,-195.525890816859,1064.06321733873,1639.49036231896,,
1069.25082883419,-200.8549836758,1655.58198468481,-201.250524273529,-195.328713997363,-196.551182917226,1064.13115550799,1639.65165390401,,
1069.3289677062,-202.177736928406,1655.77557267314,-201.29530846085,-199.76052481317,-196.876244408245,1064.19910235322,1639.81297722762,,
1069.40711655749,-202.844699713082,1655.969198759,-201.217067155691,-195.104181071377,-195.877842238876,1064.26705787608,1639.97433229917,,
1069.48527538998,-201.827936741171,1656.16286295362,-201.274815734683,-192.758232848272,-194.749051938166,1064.33502207824,1640.13571912802,,
1069.56344420554,-200.618888174469,1656.35656526826,-201.386147505258,-193.116300282133,-194.531096261267,1064.40299496134,1640.29713772355,,
1069.64162300613,-200.350536975602,1656.55030571418,-201.347596853341,-195.47709368556,-195.22346109639,1064.47097652707,1640.45858809515,,
1069.71981179364,-201.166216966137,1656.74408430263,-201.300333694008,-197.579062173839,-196.215117055612,1064.53896677708,1640.62007025219,,
1069.79801057,-202.441037753626,1656.93790104488,-201.279680391949,-195.59643094797,-196.79649844984,1064.60696571304,1640.78158420407,,
1069.8762193371,-202.556209660774,1657.1317559522,-201.17922156436,-193.158975743002,-196.506718965238,1064.67497333661,1640.94312996017,,
1069.95443809688,-201.330011034104,1657.32564903587,-201.167471179881,-192.193326756793,-195.488425309529,1064.74298964946,1641.10470752989,,
1070.03266685124,-200.399341527516,1657.51958030716,-201.30132248182,-192.735290513596,-194.714956394366,1064.81101465325,1641.26631692263,,
1070.11090560209,-200.513915137693,1657.71354977736,-201.333530574004,-194.653228527986,-194.887508088264,1064.87904834964,1641.4279581478,,
1070.18915435137,-201.583518769417,1657.90755745774,-201.265879698339,-197.144060949115,-195.868736234668,1064.94709074032,1641.58963121478,,
1070.26741310097,-202.591299376389,1658.10160335961,-201.233960381978,-197.631068673528,-196.729934516664,1065.01514182693,1641.75133613301,,
1070.34568185282,-202.076686257241,1658.29568749427,-201.185829074801,-196.264617820716,-196.718645532718,1065.08320161115,1641.91307291189,,
1070.42396060885,-200.842162788494,1658.489809873,-201.187229508592,-195.472951067668,-196.058683650666,1065.15127009465,1642.07484156083,,
1070.50224937095,-200.309767507151,1658.68397050711,-201.266050921746,-195.809061527335,-195.222114597017,1065.21934727909,1642.23664208926,,
1070.58054814106,-200.851828041706,1658.87816940793,-201.267138122571,-197.081699280828,-194.851837670421,1065.28743316614,1642.39847450661,,
1070.6588569211,-202.049234143674,1659.07240658675,-201.226979152647,-198.295144111205,-195.401282011709,1065.35552775748,1642.56033882229,,
1070.73717571297,-202.468831943391,1659.2666820549,-201.192917292078,-197.567965889123,-196.512206311841,1065.42363105476,1642.72223504575,,
1070.81550451862,-201.450270488506,1659.4609958237,-201.155011646559,-195.89028418444,-196.939078913497,1065.49174305967,1642.88416318642,,
1070.89384333994,-200.459680626081,1659.65534790449,-201.220843309345,-195.043592597159,-196.381005155817,1065.55986377386,1643.04612325374,,
1070.97219217887,-200.435030848412,1659.84973830858,-201.266934446552,-195.235373641131,-195.651146585604,1065.62799319902,1643.20811525715,,
1071.05055103733,-201.378326016137,1660.04416704731,-201.18926435945,-196.116185495661,-195.131829081361,1065.69613133681,1643.37013920609,,
1071.12891991724,-202.371633211423,1660.23863413204,-201.15094377521,-197.107158347856,-195.182902545537,1065.7642781889,1643.53219511003,,
1071.2072988205,-201.976505886978,1660.43313957409,-201.169148788792,-197.201636763379,-196.041760448018,1065.83243375696,1643.69428297841,,
1071.28568774908,-200.818062756459,1660.62768338483,-201.225309953807,-196.219584409355,-196.990863449915,1065.90059804268,1643.85640282069,,
1071.36408670487,-200.309104013571,1660.8222655756,-201.220213795979,-195.312659597721,-196.762635253079,1065.96877104771,1644.01855464633,,
1071.4424956898,-200.848337929985,1661.01688615777,-201.126857524195,-195.252559801855,-195.927202622079,1066.03695277374,1644.18073846481,,
1071.52091470579,-201.972986043763,1661.2115451427,-201.151316660295,-196.075044866475,-195.394690355704,1066.10514322243,1644.34295428558,,
1071.59934375478,-202.250356488723,1661.40624254174,-201.207523717404,-197.125860981276,-195.270600571391,1066.17334239546,1644.50520211812,,
1071.67778283869,-201.23534660582,1661.60097836629,-201.190588683973,-197.443807712937,-195.711897330267,1066.24155029451,1644.66748197191,,
1071.75623195944,-200.384407474819,1661.79575262772,-201.133387686942,-196.742676137155,-196.684930578755,1066.30976692125,1644.82979385643,,
1071.83469111895,-200.519793049291,1661.9905653374,-201.126680018889,-195.789443871224,-197.079458985801,1066.37799227735,1644.99213778117,,
1071.91316031918,-201.518164627054,1662.18541650672,-201.206979987433,-195.43809865212,-196.286195163015,1066.4462263645,1645.1545137556,,
1071.99163956201,-202.257418873957,1662.38030614708,-201.158473294959,-195.909234443811,-195.543688150895,1066.51446918436,1645.31692178923,,
1072.0701288494,-201.592334574153,1662.57523426985,-201.108080078784,-196.892565109283,-195.391173002086,1066.58272073861,1645.47936189154,,
1072.14862818328,-200.563783274556,1662.77020088645,-201.150650261952,-197.555139526958,-195.667293087972,1066.65098102894,1645.64183407204,,
1072.22713756556,-200.359590494025,1662.96520600829,-201.177333101595,-197.367227870527,-196.356943439989,1066.71925005701,1645.80433834024,,
1072.30565699819,-201.139665736738,1663.16024964676,-201.125832129587,-196.684090369466,-197.060594674721,1066.78752782451,1645.96687470563,,
1072.38418648309,-202.099690341555,1663.35533181326,-201.100605262753,-196.175895869469,-196.694562480935,1066.85581433312,1646.12944317772,,
1072.46272602218,-201.827796208558,1663.55045251925,-201.171374658641,-196.326029725842,-195.755164795805,1066.9241095845,1646.29204376604,,
1072.5412756174,-200.765971020741,1663.74561177612,-201.134513188884,-196.943224799926,-195.413091403203,1066.99241358035,1646.4546764801,,
1072.61983527069,-200.309737376548,1663.9408095953,-201.090763061236,-197.223391852659,-195.708526379618,1067.06072632234,1646.61734132942,,
1072.69840498397,-200.871686547605,1664.13604598824,-201.13613439883,-196.731904329148,-196.258108906287,1067.12904781215,1646.78003832353,,
1072.77698475918,-201.892340726929,1664.33132096634,-201.152064810584,-196.033861377994,-196.862497907795,1067.19737805146,1646.94276747195,,
1072.85557459824,-201.940717402379,1664.52663454108,-201.070220107597,-195.612436988377,-196.904298646645,1067.26571704195,1647.10552878423,,
1072.93417450311,-200.935754065099,1664.72198672387,-201.130293953091,-195.774739905483,-196.068991736217,1067.33406478531,1647.26832226989,,
1073.0127844757,-200.315717904193,1664.91737752616,-201.13435116539,-196.506331846497,-195.454166235093,1067.40242128322,1647.43114793847,,
1073.09140451795,-200.703140985637,1665.11280695944,-201.075216272276,-197.30314984705,-195.67035757462,1067.47078653735,1647.59400579953,,
1073.1700346318,-201.709008699983,1665.30827503513,-201.1104514039,-197.28171496862,-196.30017763784,1067.53916054939,1647.75689586261,,
1073.24867481918,-201.965024319888,1665.50378176471,-201.131529519876,-196.59522638396,-196.77600441354,1067.60754332103,1647.91981813726,,
1073.32732508203,-201.044548565884,1665.69932715965,-201.058852227969,-196.086730328655,-196.878733277158,1067.67593485394,1648.08277263304,,
1073.40598542228,-200.336796827933,1665.8949112314,-201.117312031998,-196.134447586156,-196.32492040935,1067.74433514981,1648.2457593595,,
1073.48465584188,-200.611292542951,1666.09053399145,-201.104148115335,-196.642457010126,-195.601711199086,1067.81274421033,1648.40877832621,,
1073.56333634276,-201.582483995407,1666.2861954513,-201.062295073847,-197.403710312085,-195.603797130438,1067.88116203718,1648.57182954275,,
1073.64202692685,-201.93885030461,1666.48189562239,-201.109778864947,-197.617951282978,-196.309242198361,1067.94958863204,1648.73491301866,,
1073.72072759609,-201.083488240262,1666.67763451626,-201.089004245837,-196.887586224102,-196.85041697201,1068.0180239966,1648.89802876355,,
1073.79943835243,-200.348511549737,1666.87341214436,-201.053930278633,-196.227394142508,-196.812546764573,1068.08646813255,1649.06117678697,,
1073.87815919781,-200.577308228567,1667.06922851822,-201.119518456948,-196.164616173771,-196.399744226885,1068.15492104157,1649.22435709852,,
1073.95689013416,-201.521507563281,1667.26508364932,-201.047825906369,-196.44804981945,-195.791172532729,1068.22338272536,1649.38756970777,,
1074.03563116342,-201.886261651686,1667.4609775492,-201.082205886531,-197.002326490412,-195.61860079355,1068.29185318558,1649.55081462433,,
1074.11438228754,-201.054091218352,1667.65691022932,-201.089451008581,-197.250724993709,-196.253228440445,1068.36033242395,1649.71409185777,,
1074.19314350845,-200.341869082401,1667.85288170125,-201.037681097175,-196.719757830177,-196.962817596131,1068.42882044213,1649.87740141771,,
1074.2719148281,-200.592072665935,1668.04889197649,-201.101922196971,-196.138475942029,-196.836145707828,1068.49731724183,1650.04074331374,,
1074.35069624844,-201.522873134175,1668.24494106655,-201.040803417124,-196.027582711177,-196.343036859716,1068.56582282473,1650.20411755546,,
1074.4294877714,-201.81197148595,1668.44102898299,-201.069878426666,-196.440338193792,-195.910093407505,1068.63433719252,1650.36752415249,,
1074.50828939892,-200.962018094411,1668.63715573733,-201.070331514741,-196.97287415492,-195.735368294141,1068.70286034689,1650.53096311444,,
1074.58710113296,-200.321858534064,1668.8333213411,-201.034571234055,-197.287195588675,-196.219799560378,1068.77139228953,1650.69443445092,,
1074.66592297545,-200.656920646805,1669.02952580587,-201.085073767994,-197.090669336642,-197.008861163009,1068.83993302213,1650.85793817156,,
1074.74475492835,-201.574803361526,1669.22576914318,-201.02453474996,-196.521529030445,-196.923545004053,1068.90848254639,1651.02147428598,,
1074.82359699358,-201.703189774536,1669.42205136456,-201.072715608512,-196.445487059226,-196.267017840919,1068.97704086398,1651.1850428038,,
1074.90244917311,-200.816706056324,1669.61837248159,-201.037368510853,-196.841289543251,-195.920929884929,1069.04560797662,1651.34864373466,,
1074.98131146888,-200.306539971772,1669.81473250583,-201.04491520249,-197.26255947984,-195.900318981392,1069.11418388598,1651.51227708819,,
1075.06018388282,-200.78060936993,1670.01113144885,-201.057675093585,-197.315510808238,-196.283101195809,1069.18276859376,1651.67594287404,,
1075.13906641691,-201.652616021695,1670.20756932221,-201.018159919977,-196.936879305217,-196.987572203246,1069.25136210166,1651.83964110184,,
1075.21795907308,-201.536552868002,1670.40404613749,-201.0699374212,-196.43635685899,-196.979732491675,1069.31996441137,1652.00337178124,,
1075.29686185327,-200.636372127362,1670.60056190628,-201.005228434871,-196.222109468731,-196.223296823133,1069.38857552458,1652.1671349219,,
1075.37577475944,-200.326224128938,1670.79711664016,-201.066083176033,-196.638302260309,-195.872800902879,1069.45719544299,1652.33093053347,,
1075.45469779353,-200.971216756718,1670.99371035072,-201.006505543635,-197.032624912899,-196.05908539576,1069.52582416829,1652.4947586256,,
1075.53363095751,-201.71012899792,1671.19034304955,-201.054171675551,-197.048203483448,-196.450549429204,1069.59446170218,1652.65861920796,,
1075.61257425331,-201.292371105818,1671.38701474826,-201.00828716749,-196.72878498071,-196.949867595444,1069.66310804636,1652.82251229022,,
1075.6915276829,-200.455203035009,1671.58372545845,-201.047160103562,-196.442680275637,-196.936474891182,1069.73176320252,1652.98643788204,,
1075.7704912482,-200.420205228413,1671.78047519172,-201.005543743607,-196.376435856569,-196.19918859772,1069.80042717235,1653.1503959931,,
1075.84946495119,-201.21947402938,1671.9772639597,-201.040059565487,-196.848284085458,-195.836738642549,1069.86909995756,1653.31438663308,,
1075.92844879382,-201.677176573304,1672.17409177399,-201.007786128454,-197.339205789404,-196.200766381138,1069.93778155984,1653.47840981166,,
1076.00744277802,-200.976279195234,1672.37095864622,-201.028829300931,-197.270790389226,-196.682437287662,1070.00647198089,1653.64246553852,,
1076.08644690578,-200.327666718176,1672.56786458802,-201.007603529033,-196.868587735031,-196.922318054583,1070.07517122242,1653.80655382335,,
1076.16546117903,-200.625926376781,1672.76480961101,-201.027096281056,-196.637385182599,-196.786849160132,1070.14387928611,1653.97067467584,,
1076.24448559972,-201.471432274936,1672.96179372684,-200.998121417865,-196.623311788365,-196.168509504345,1070.21259617367,1654.1348281057,,
1076.32352016982,-201.483566177698,1673.15881694714,-201.027421933367,-196.981016565704,-195.86234669336,1070.2813218868,1654.29901412262,,
1076.40256489127,-200.638849237343,1673.35587928357,-200.993551020929,-197.296424131938,-196.350108853062,1070.35005642719,1654.46323273631,,
1076.48161976604,-200.324079189854,1673.55298074778,-201.024961047842,-197.063201290024,-196.919908335785,1070.41879979656,1654.62748395648,,
1076.56068479608,-200.951647812811,1673.7501213514,-200.983757284041,-196.556588327427,-196.884918728597,1070.48755199659,1654.79176779283,,
1076.63975998335,-201.606023444248,1673.94730110611,-201.030430511459,-196.44555489708,-196.56625987311,1070.556313029,1654.95608425509,,
1076.71884532981,-201.118354827744,1674.14452002356,-200.975103347488,-196.584955140642,-196.131321736201,1070.62508289549,1655.12043335297,,
1076.79794083741,-200.377701707968,1674.34177811544,-201.024262564231,-196.968255291326,-195.976141859951,1070.69386159775,1655.2848150962,,
1076.87704650811,-200.509949761186,1674.5390753934,-200.977525383599,-197.220412479956,-196.532228524513,1070.76264913749,1655.4492294945,,
1076.95616234387,-201.323515196309,1674.73641186913,-201.015587136535,-197.018035668122,-197.096833373047,1070.83144551641,1655.61367655761,,
1077.03528834665,-201.476914511893,1674.93378755432,-200.981802609571,-196.586168247441,-196.794375227622,1070.90025073622,1655.77815629527,,
1077.11442451841,-200.68065442233,1675.13120246065,-200.995740490781,-196.607319670083,-196.326722264365,1070.96906479862,1655.94266871721,,
1077.19357086112,-200.314178886993,1675.3286565998,-200.999938446096,-196.940846774145,-196.122753481278,1071.03788770532,1656.10721383317,,
1077.27272737672,-200.894437883323,1675.52614998348,-200.974937389761,-197.20491251638,-196.189709844589,1071.10671945802,1656.2717916529,,
1077.35189406718,-201.536191684388,1675.72368262339,-201.007661438762,-197.290230250253,-196.738831428023,1071.17556005842,1656.43640218616,,
1077.43107093448,-201.061469042655,1675.92125453123,-200.963183801374,-196.950052662727,-197.145607541337,1071.24440950824,1656.60104544269,,
1077.51025798056,-200.3590920127,1676.11886571871,-201.006400275081,-196.617714620315,-196.625827493259,1071.31326780918,1656.76572143226,,
1077.58945520738,-200.541416080469,1676.31651619756,-200.972889660462,-196.703311578929,-196.128706678461,1071.38213496294,1656.93043016463,,
1077.66866261693,-201.332295319105,1676.51420597948,-200.978339262254,-197.081838849883,-196.196924347569,1071.45101097124,1657.09517164957,,
1077.74788021115,-201.35519070983,1676.71193507621,-200.993553620389,-197.186148968081,-196.492755613824,1071.51989583578,1657.25994589684,,
1077.82710799201,-200.564793760049,1676.90970349946,-200.957385195789,-196.968140026586,-196.908480031914,1071.58878955827,1657.42475291622,,
1077.90634596148,-200.348002676705,1677.10751126099,-200.999594645042,-196.693038193637,-197.021390543252,1071.65769214042,1657.58959271749,,
1077.98559412153,-201.02009889238,1677.30535837252,-200.964093591166,-196.491950981373,-196.40844573763,1071.72660358394,1657.75446531043,,
1078.06485247411,-201.471517261912,1677.50324484578,-200.966997144658,-196.756762818187,-196.039704741391,1071.79552389053,1657.91937070482,,
1078.1441210212,-200.832550012067,1677.70117069255,-200.990386631481,-197.206812204975,-196.396675468629,1071.86445306191,1658.08430891046,,
1078.22339976476,-200.306777484978,1677.89913592457,-200.950397304913,-197.170329971578,-196.82542710068,1071.93339109979,1658.24927993714,,
1078.30268870676,-200.728286423598,1678.09714055359,-200.982608583319,-196.932130052287,-196.939632408795,1072.00233800588,1658.41428379466,,
1078.38198784916,-201.419828528755,1678.29518459137,-200.972211439214,-196.791091307231,-196.747983403198,1072.07129378188,1658.57932049281,,
1078.46129719395,-201.077819073087,1678.49326804969,-200.946628246068,-196.830436669652,-196.230221916496,1072.14025842952,1658.74439004141,,
1078.54061674308,-200.373114953759,1678.69139094031,-200.983211743108,-197.178828489588,-196.121009436608,1072.2092319505,1658.90949245026,,
1078.61994649852,-200.51445316293,1678.88955327502,-200.957434052573,-197.385911976192,-196.710044095594,1072.27821434654,1659.07462772918,,
1078.69928646225,-201.268606699285,1679.08775506558,-200.951014055607,-197.032372200241,-197.05365704144,1072.34720561935,1659.23979588798,,
1078.77863663624,-201.250735052066,1679.28599632378,-200.982789456577,-196.639843091699,-196.765606238351,1072.41620577064,1659.40499693648,,
1078.85799702245,-200.495649454956,1679.48427706142,-200.948065838546,-196.587919364575,-196.441175660705,1072.48521480213,1659.57023088452,,
1078.93736762286,-200.385171014904,1679.68259729029,-200.945852275712,-196.796608975084,-196.204495804806,1072.55423271553,1659.73549774191,,
1079.01674843943,-201.088268744811,1679.88095702219,-200.975995908406,-197.125519871302,-196.38949933003,1072.62325951255,1659.90079751849,,
1079.09613947416,-201.340441916013,1680.07935626892,-200.945621645907,-197.210248877409,-197.018474155425,1072.69229519492,1660.0661302241,,
1079.175540729,-200.631242156518,1680.2777950423,-200.942163026082,-196.887598159477,-197.022968154955,1072.76133976435,1660.23149586858,,
1079.25495220593,-200.323155604094,1680.47627335412,-200.972858278422,-196.712909468926,-196.45315656603,1072.83039322255,1660.39689446177,,
1079.33437390691,-200.923676547186,1680.67479121622,-200.948215381068,-196.930977526959,-196.269583641371,1072.89945557123,1660.56232601352,,
1079.41380583395,-201.363513648244,1680.87334864042,-200.933010445095,-197.188245510237,-196.407508887676,1072.96852681213,1660.72779053368,,
1079.49324798899,-200.750939549462,1681.07194563853,-200.962636532278,-197.265778806729,-196.749712322703,1073.03760694695,1660.89328803211,,
1079.57270037402,-200.304615685125,1681.27058222242,-200.952548756787,-197.089131499309,-197.107446571591,1073.10669597741,1661.05881851868,,
1079.65216299103,-200.794373861722,1681.46925840388,-200.925358090906,-196.754691848873,-196.727735235518,1073.17579390524,1661.22438200323,,
1079.73163584196,-201.346642901327,1681.66797419478,-200.947115950231,-196.755124893922,-196.200656109312,1073.24490073214,1661.38997849565,,
1079.81111892882,-200.83990477692,1681.86672960696,-200.960989131149,-197.0936039126,-196.37069936245,1073.31401645984,1661.5556080058,,
1079.89061225358,-200.307919836225,1682.06552465227,-200.931853560579,-197.169612299453,-196.786176061789,1073.38314109007,1661.72127054356,,
1079.97011581821,-200.704261765248,1682.26435934257,-200.927178632865,-196.972994360672,-196.954620103338,1073.45227462453,1661.88696611881,,
1080.04962962469,-201.313986087733,1682.46323368973,-200.95457693758,-196.82887976308,-196.866199646429,1073.52141706495,1662.05269474144,,
1080.12915367501,-200.893667150958,1682.66214770558,-200.949621160194,-196.783328620488,-196.394992933495,1073.59056841305,1662.21845642132,,
1080.20868797113,-200.31704566324,1682.86110140203,-200.921551812283,-197.009085188234,-196.213797424901,1073.65972867055,1662.38425116836,,
1080.28823251506,-200.650428966314,1683.06009479093,-200.927237457156,-197.324413976851,-196.739682875796,1073.72889783918,1662.55007899244,,
1080.36778730875,-201.281937602945,1683.25912788418,-200.950380253105,-197.180883304509,-197.071232094296,1073.79807592065,1662.71593990348,,
1080.44735235419,-200.913229932607,1683.45820069363,-200.940961614475,-196.872986864656,-196.790470074722,1073.86726291669,1662.88183391136,,
1080.52692765338,-200.322308881254,1683.65731323121,-200.915689103835,-196.837505151221,-196.50300477192,1073.93645882903,1663.04776102601,,
1080.60651320829,-200.628699400041,1683.85646550878,-200.919977701512,-196.971970810264,-196.317433756796,1074.00566365938,1663.21372125732,,
1080.68610902089,-201.258688657156,1684.05565753826,-200.942521221102,-197.179479591278,-196.544769304112,1074.07487740947,1663.37971461522,,
1080.76571509318,-200.901070908905,1684.25488933156,-200.940857746898,-197.187781177454,-197.103749838433,1074.14410008103,1663.54574110963,,
1080.84533142715,-200.319964703762,1684.45416090055,-200.916938024524,-196.855063751814,-196.943107911517,1074.21333167578,1663.71180075046,,
1080.92495802476,-200.636335070166,1684.65347225718,-200.909000068391,-196.749132850821,-196.419540053864,1074.28257219544,1663.87789354765,,
1081.004594888,-201.245310280006,1684.85282341336,-200.926794939066,-197.031368833203,-196.387512355341,1074.35182164174,1664.04401951113,,
1081.08424201887,-200.859038186213,1685.052214381,-200.940290247944,-197.233906498713,-196.605963769458,1074.42108001641,1664.21017865083,,
1081.16389941936,-200.311636692238,1685.25164517203,-200.928408540964,-197.206178944956,-196.932285542807,1074.49034732118,1664.37637097669,,
1081.24356709144,-200.672677017651,1685.45111579839,-200.907896239025,-197.000390869471,-197.049102925752,1074.55962355777,1664.54259649866,,
1081.3232450371,-201.236566957178,1685.650626272,-200.90543407039,-196.78701044341,-196.521683517892,1074.62890872791,1664.70885522667,,
1081.40293325832,-200.788321012012,1685.85017660483,-200.921687029682,-196.95243861253,-196.27534495905,1074.69820283332,1664.87514717069,,
1081.4826317571,-200.303973998494,1686.0497668088,-200.934118946846,-197.254211573083,-196.694664389384,1074.76750587574,1665.04147234067,,
1081.56234053544,-200.738120930451,1686.24939689588,-200.926994468247,-197.162087510774,-196.980080998522,1074.8368178569,1665.20783074657,,
1081.6420595953,-201.22119522184,1686.44906687801,-200.908494022394,-196.943440266034,-196.911902441465,1074.90613877852,1665.37422239834,,
1081.72178893869,-200.691280413759,1686.64877676716,-200.898096270653,-196.863775689627,-196.640854993329,1074.97546864234,1665.54064730597,,
1081.80152856759,-200.308397975257,1686.84852657529,-200.904644076134,-196.953091394533,-196.317540384024,1075.04480745008,1665.70710547941,,
1081.881278484,-200.831379840807,1687.04831631437,-200.919548696859,-197.240150559674,-196.591480809057,1075.11415520348,1665.87359692864,,
1081.96103868991,-201.182617398862,1687.24814599638,-200.927618626943,-197.267038265911,-197.11647687431,1075.18351190427,1666.04012166365,,
1082.0408091873,-200.574644026663,1687.44801563329,-200.921616550498,-196.936423923441,-196.901556700511,1075.25287755417,1666.20667969441,,
1082.12058997817,-200.340277983663,1687.64792523709,-200.907000500367,-196.843635757193,-196.532809754283,1075.32225215493,1666.37327103091,,
1082.2003810645,-200.944828159152,1687.84787481978,-200.895185090423,-197.009399712048,-196.459087855025,1075.39163570826,1666.53989568315,,
1082.28018244831,-201.102025018006,1688.04786439333,-200.89383272117,-197.171361340079,-196.600020091669,1075.46102821592,1666.70655366111,,
1082.35999413157,-200.453065921072,1688.24789396976,-200.902283512543,-197.232703656948,-197.039370609544,1075.53042967963,1666.8732449748,,
1082.43981611629,-200.416367679062,1688.44796356108,-200.913674457895,-197.013720111818,-197.017915352253,1075.59984010112,1667.03996963423,,
1082.51964840445,-201.058438933707,1688.64807317926,-200.92040192523,-196.84780607688,-196.45854818846,1075.66925948213,1667.20672764938,,
1082.59949099805,-200.965755724285,1688.84822283635,-200.918673536302,-197.073585471886,-196.43232592633,1075.73868782439,1667.37351903029,,
1082.6793438991,-200.351372183114,1689.04841254435,-200.909751558185,-197.250216454384,-196.786391779958,1075.80812512965,1667.54034378696,,
1082.75920710956,-200.548850291412,1689.24864231529,-200.898163571456,-197.136286594572,-196.968137670384,1075.87757139962,1667.70720192941,,
1082.83908063147,-201.13545601527,1689.44891216119,-200.888797891059,-196.980599124172,-196.947840769561,1075.94702663606,1667.87409346766,,
1082.91896446681,-200.776488119694,1689.6492220941,-200.884705338735,-196.875010927005,-196.541329513642,1076.0164908407,1668.04101841175,,
1082.99885861756,-200.303323808215,1689.84957212604,-200.886351872863,-197.03610696816,-196.374449641223,1076.08596401527,1668.2079767717,,
1083.07876308574,-200.734243344604,1690.04996226906,-200.892100995693,-197.301241474098,-196.873233605053,1076.15544616151,1668.37496855755,,
1083.15867787333,-201.127620227339,1690.2503925352,-200.899307336018,-197.153351345052,-197.082738593211,1076.22493728116,1668.54199377933,,
1083.23860298237,-200.563154392958,1690.45086293652,-200.905443145268,-196.926590910809,-196.764997788121,1076.29443737597,1668.7090524471,,
1083.3185384148,-200.344516972265,1690.65137348507,-200.908887841302,-196.96771604197,-196.554603081778,1076.36394644765,1668.87614457089,,
1083.39848417267,-200.937608311267,1690.85192419291,-200.909217880726,-197.111738103475,-196.493927265948,1076.43346449797,1669.04327016076,,
1083.47844025795,-200.998823809551,1691.05251507211,-200.907000813818,-197.274143145199,-196.840521358005,1076.50299152865,1669.21042922676,,
1083.55840667266,-200.381800807007,1691.25314613475,-200.903247643917,-197.180815813394,-197.160532138773,1076.57252754144,1669.37762177896,,
1083.63838341879,-200.496588141168,1691.45381739289,-200.898816636352,-196.895324790592,-196.710171356303,1076.64207253808,1669.54484782741,,
1083.71837049836,-201.082045391254,1691.65452885862,-200.894107714018,-196.95951340024,-196.435626702348,1076.71162652031,1669.71210738218,,
1083.79836791334,-200.761326289743,1691.85528054402,-200.889222493884,-197.202813884401,-196.679410445173,1076.78118948986,1669.87940045335,,
1083.87837566576,-200.302714120605,1692.05607246119,-200.8843983102,-197.213432337604,-196.912650528063,1076.85076144849,1670.04672705099,,
1083.95839375763,-200.740016953124,1692.25690462222,-200.880223461466,-197.095650900082,-197.034052202538,1076.92034239794,1670.21408718518,,
1084.03842219093,-201.071368014698,1692.45777703919,-200.87729251311,-196.927514822147,-196.726413783015,1076.98993233994,1670.38148086599,,
1084.11846096768,-200.494317420015,1692.65868972424,-200.875584462989,-196.967220129254,-196.39162106371,1077.05953127624,1670.54890810353,,
1084.19851008988,-200.383414389398,1692.85964268946,-200.87434064152,-197.257473290856,-196.756920160129,1077.12913920859,1670.71636890788,,
1084.27856955954,-200.982286900016,1693.06063594697,-200.872810794693,-197.233215532758,-197.094529304823,1077.19875613873,1670.88386328914,,
1084.35863937866,-200.866456707906,1693.26166950888,-200.871113236884,-196.995561406629,-196.862056581398,1077.2683820684,1671.0513912574,,
1084.43871954925,-200.3199133906,1693.46274338732,-200.870022734215,-196.967550533831,-196.63775614492,1077.33801699935,1671.21895282277,,
1084.51881007332,-200.625656911821,1693.66385759443,-200.869768939959,-197.066196611095,-196.518078180445,1077.40766093332,1671.38654799536,,
1084.59891095288,-201.065629497235,1693.86501214234,-200.86952445432,-197.24006532292,-196.792519594966,1077.47731387207,1671.55417678528,,
1084.67902218994,-200.55687930242,1694.06620704318,-200.86858550668,-197.216361767215,-197.169408638713,1077.54697581734,1671.72183920265,,
1084.75914378649,-200.346567495472,1694.2674423091,-200.867600908002,-196.938151269517,-196.787054950375,1077.61664677086,1671.88953525758,,
1084.83927574457,-200.919953067006,1694.46871795224,-200.867680999586,-196.958671288779,-196.483480142099,1077.68632673441,1672.0572649602,,
1084.91941806617,-200.886001762311,1694.67003398476,-200.868587434319,-197.191002233756,-196.700980331238,1077.75601570971,1672.22502832063,,
1084.9995707533,-200.329364433511,1694.87139041882,-200.869238964714,-197.222988296116,-196.922613226568,1077.82571369852,1672.39282534902,,
1085.07973380797,-200.595812398536,1695.07278726658,-200.869932187697,-197.129534127373,-197.041758324233,1077.89542070258,1672.56065605548,,
1085.15990723221,-201.041480721565,1695.27422454022,-200.872034270093,-196.971232497384,-196.74521732157,1077.96513672366,1672.72852045018,,
1085.24009102801,-200.547087236836,1695.47570225189,-200.875302188033,-197.01076882436,-196.440214307109,1078.03486176349,1672.89641854324,,
1085.32028519739,-200.351126240733,1695.67722041378,-200.878135448619,-197.288172287099,-196.823355929172,1078.10459582382,1673.06435034482,,
1085.40048974237,-200.918505809039,1695.87877903808,-200.880557845114,-197.243939532537,-197.10274412694,1078.17433890641,1673.23231586507,,
1085.48070466496,-200.837144428897,1696.08037813698,-200.883452734974,-197.02466667336,-196.839451887674,1078.24409101301,1673.40031511415,,
1085.56092996718,-200.314556090483,1696.28201772266,-200.885326408598,-197.020441223659,-196.644156644677,1078.31385214537,1673.56834810222,,
1085.64116565104,-200.641755186508,1696.48369780732,-200.884205697265,-197.121623224429,-196.579984929559,1078.38362230525,1673.73641483943,,
1085.72141171854,-201.006499987801,1696.68541840316,-200.880948421429,-197.274787895785,-196.902721486967,1078.45340149438,1673.90451533597,,
1085.80166817171,-200.471559835184,1696.8871795224,-200.876277185348,-197.196582891932,-197.152913175754,1078.52318971453,1674.072649602,,
1085.88193501258,-200.399962585754,1697.08898117724,-200.869183203778,-196.945499031,-196.693971680165,1078.59298696746,1674.2408176477,,
1085.96221224314,-200.961084483643,1697.2908233799,-200.861567951761,-197.04116080001,-196.534980472611,1078.6627932549,1674.40901948325,,
1086.04249986542,-200.717915254651,1697.49270614261,-200.857101466169,-197.243781062136,-196.824325296025,1078.73260857863,1674.57725511884,,
1086.12279788144,-200.302546422796,1697.69462947758,-200.856082781415,-197.213936477347,-196.990062102481,1078.80243294038,1674.74552456465,,
1086.20310629322,-200.757951097231,1697.89659339706,-200.858752040119,-197.10430614266,-196.987845263964,1078.87226634193,1674.91382783088,,
1086.28342510277,-200.920672555368,1698.09859791328,-200.865953940271,-196.989773553549,-196.630908107807,1078.94210878502,1675.08216492773,,
1086.36375431212,-200.362940680745,1698.30064303848,-200.873320661436,-197.125315470786,-196.547027312686,1079.01196027141,1675.2505358654,,
1086.44409392328,-200.52424310431,1698.5027287849,-200.876152736072,-197.336157259633,-197.032049496913,1079.08182080285,1675.41894065408,,
1086.52444393828,-200.986301406383,1698.7048551648,-200.87380227413,-197.157016836842,-197.04444770184,1079.15169038111,1675.587379304,,
1086.60480435913,-200.531459008501,1698.90702219044,-200.865326503168,-196.9990823596,-196.720988010945,1079.22156900794,1675.75585182537,,
1086.68517518787,-200.358905567859,1699.10922987408,-200.854855793784,-197.073542296922,-196.637436710005,1079.2914566851,1675.9243582284,,
1086.76555642649,-200.90543822398,1699.31147822798,-200.850595439275,-197.191645629,-196.734817192562,1079.36135341434,1676.09289852332,,
1086.84594807706,-200.730173540183,1699.51376726442,-200.853985101188,-197.269954727764,-197.094750900414,1079.43125919744,1676.26147272035,,
1086.92635014155,-200.30172348823,1699.71609699566,-200.863101412542,-197.087520144843,-196.977337619819,1079.50117403613,1676.43008082972,,
1087.00676262202,-200.736733007483,1699.918467434,-200.871070643722,-196.98591567206,-196.536589432391,1079.57109793219,1676.59872286167,,
1087.08718552049,-200.884975502214,1700.12087859172,-200.868372878126,-197.217108920717,-196.720713291978,1079.64103088738,1676.76739882643,,
1087.16761883897,-200.346025170921,1700.32333048111,-200.85784225452,-197.279329487612,-197.006958286062,1079.71097290345,1676.93610873426,,
1087.2480625795,-200.554150733603,1700.52582311446,-200.848000797169,-197.143959787794,-196.987478066417,1079.78092398217,1677.10485259538,,
1087.32851674408,-200.95205877528,1700.72835650408,-200.848051243557,-197.045531028797,-196.79702101737,1079.85088412529,1677.27363042007,,
1087.40898133478,-200.459480527936,1700.93093066227,-200.859235919262,-197.064157444208,-196.554197600774,1079.92085333459,1677.44244221856,,
1087.48945635358,-200.40968335764,1701.13354560134,-200.866730815683,-197.287276191736,-196.872551517522,1079.99083161181,1677.61128800112,,
1087.56994180255,-200.927947948214,1701.33620133362,-200.861865843712,-197.257578535276,-197.161034879436,1080.06081895874,1677.78016777802,,
1087.65043768369,-200.601246906716,1701.53889787141,-200.848554767296,-197.012588581383,-196.781240757398,1080.13081537712,1677.94908155951,,
1087.73094399903,-200.325513572204,1701.74163522706,-200.84340672592,-197.06567401948,-196.643436081639,1080.20082086872,1678.11802935588,,
1087.81146075062,-200.838717482842,1701.94441341287,-200.853802556292,-197.214373345767,-196.778069784061,1080.27083543532,1678.28701117739,,
1087.89198794046,-200.734610916349,1702.1472324412,-200.863105308239,-197.27175453055,-197.004541335581,1080.34085907866,1678.45602703433,,
1087.9725255706,-200.301465569453,1702.35009232438,-200.857683431249,-197.167100815024,-197.054428688494,1080.41089180052,1678.62507693698,,
1088.05307364306,-200.719716011738,1702.55299307476,-200.8430524179,-196.995908832701,-196.620819039014,1080.48093360266,1678.79416089563,,
1088.13363215988,-200.835028114637,1702.75593470468,-200.84325859461,-197.166831905324,-196.660160147747,1080.55098448685,1678.96327892057,,
1088.21420112309,-200.325016669439,1702.95891722652,-200.856319012088,-197.322987559193,-197.067915663086,1080.62104445486,1679.1324310221,,
1088.29478053472,-200.600257592812,1703.16194065262,-200.859268241532,-197.156758278872,-196.983419606729,1080.69111350845,1679.30161721052,,
1088.3753703968,-200.892772434873,1703.36500499534,-200.844760582812,-197.063009686387,-196.78670951499,1080.76119164939,1679.47083749612,,
1088.45597071136,-200.379165910104,1703.56811026708,-200.838946544736,-197.095036204329,-196.648645213496,1080.83127887944,1679.64009188923,,
1088.53658148045,-200.498032897095,1703.77125648019,-200.852228807911,-197.259073633515,-196.848860111676,1080.90137520039,1679.80938040016,,
1088.61720270608,-200.910532528319,1703.97444364705,-200.856855762414,-197.286791161773,-197.174972784134,1080.97148061398,1679.97870303921,,
1088.6978343903,-200.44753330079,1704.17767178006,-200.841977181268,-197.039257421226,-196.803301796615,1081.041595122,1680.14805981672,,
1088.77847653515,-200.420131686166,1704.3809408916,-200.83768022602,-197.078556735355,-196.616624976221,1081.11171872622,1680.317450743,,
1088.85912914266,-200.898217735354,1704.58425099407,-200.852623078408,-197.274524738181,-196.887918036835,1081.1818514284,1680.48687582839,,
1088.93979221486,-200.51712121659,1704.78760209988,-200.851537228024,-197.249168667353,-197.01771377434,1081.25199323031,1680.65633508323,,
1089.02046575379,-200.366444661399,1704.99099422141,-200.835585701122,-197.140145429303,-196.980802145979,1081.32214413373,1680.82582851784,,
1089.10114976149,-200.86780891783,1705.19442737108,-200.841407275272,-197.045168109581,-196.660870051017,1081.39230414043,1680.99535614257,,
1089.18184424001,-200.579277987609,1705.39790156132,-200.853462486214,-197.201667822288,-196.706624701662,1081.46247325218,1681.16491796777,,
1089.26254919136,-200.333009274494,1705.60141680455,-200.840084211356,-197.331228399363,-197.14340737309,1081.53265147075,1681.33451400379,,
1089.3432646176,-200.829968019175,1705.80497311318,-200.833973936058,-197.119034248948,-196.951122859322,1081.60283879791,1681.50414426098,,
1089.42399052077,-200.62940707302,1706.00857049965,-200.850227415285,-197.075313183852,-196.700997931349,1081.67303523545,1681.67380874971,,
1089.50472690289,-200.314470105387,1706.21220897638,-200.842936173608,-197.188929940232,-196.759968113774,1081.74324078512,1681.84350748032,,
1089.58547376603,-200.792620410007,1706.41588855584,-200.831288326709,-197.263122772846,-196.949119931751,1081.81345544872,1682.0132404632,,
1089.6662311122,-200.665972818573,1706.61960925045,-200.845990346934,-197.239143673289,-197.115881229875,1081.883679228,1682.18300770871,,
1089.74699894346,-200.305608753423,1706.82337107268,-200.843585222599,-197.048768749282,-196.735852890163,1081.95391212475,1682.35280922723,,
1089.82777726186,-200.760891501827,1707.02717403497,-200.829289652252,-197.135954744146,-196.651271033642,1082.02415414075,1682.52264502914,,
1089.90856606942,-200.689292488548,1707.23101814978,-200.844408092838,-197.331181263588,-197.050377935074,1082.09440527776,1682.69251512482,,
1089.98936536821,-200.302158281167,1707.43490342959,-200.841101359665,-197.197688128803,-197.016457404557,1082.16466553757,1682.86241952466,,
1090.07017516025,-200.737668570731,1707.63882988686,-200.828000591311,-197.096576600835,-196.82855315427,1082.23493492196,1683.03235823905,,
1090.15099544759,-200.700456997889,1707.84279753407,-200.844939873697,-197.130922186316,-196.697785728004,1082.30521343269,1683.20233127839,,
1090.23182623228,-200.301151516316,1708.0468063837,-200.835499884729,-197.264528697464,-196.875641149391,1082.37550107155,1683.37233865308,,
1090.31266751637,-200.724276110915,1708.25085644822,-200.829158000077,-197.289371520746,-197.174772160033,1082.44579784032,1683.54238037352,,
1090.3935193019,-200.700551492152,1708.45494774016,-200.844914839891,-197.077197087056,-196.803760968266,1082.51610374078,1683.71245645013,,
1090.47438159091,-200.301011102378,1708.65908027197,-200.828075521875,-197.120084913705,-196.670320307869,1082.5864187747,1683.88256689331,,
1090.55525438544,-200.720997761819,1708.86325405619,-200.834514094426,-197.289827459688,-196.957190920027,1082.65674294386,1684.05271171349,,
1090.63613768757,-200.690216619296,1709.06746910531,-200.839841165009,-197.244878491081,-197.032491745307,1082.72707625006,1684.22289092109,,
1090.71703149931,-200.30152565257,1709.27172543184,-200.823948812833,-197.140803566521,-196.940103216072,1082.79741869505,1684.39310452653,,
1090.79793582274,-200.727339887569,1709.47602304829,-200.841167143391,-197.094528829282,-196.667301428415,1082.86777028064,1684.56335254024,,
1090.87885065989,-200.669530323834,1709.68036196718,-200.827961710218,-197.260384942986,-196.849400444123,1082.9381310086,1684.73363497265,,
1090.95977601282,-200.303788656224,1709.88474220105,-200.830581255698,-197.315034558681,-197.177128719611,1083.00850088071,1684.90395183421,,
1091.04071188356,-200.742017504828,1710.08916376243,-200.837115464851,-197.102972511454,-196.844631548176,1083.07887989875,1685.07430313536,,
1091.12165827419,-200.63818235764,1710.29362666386,-200.822207637478,-197.126127122856,-196.725318023923,1083.14926806451,1685.24468888655,,
1091.20261518674,-200.310110557892,1710.49813091786,-200.839144084203,-197.258139221518,-196.879430533669,1083.21966537977,1685.41510909822,,
1091.28358262327,-200.762692633282,1710.702676537,-200.822373710454,-197.272277595286,-197.052025061562,1083.29007184632,1685.58556378083,,
1091.36456058583,-200.595927482483,1710.90726353381,-200.834173014175,-197.177837471891,-197.000655431555,1083.36048746594,1685.75605294484,,
1091.44554907647,-200.323850806642,1711.11189192086,-200.826826383085,-197.071214789023,-196.647452072212,1083.43091224041,1685.92657660072,,
1091.52654809726,-200.785547370057,1711.31656171073,-200.827228891142,-197.274204531347,-196.878794818065,1083.50134617153,1686.09713475894,,
1091.60755765023,-200.543297252481,1711.52127291595,-200.831794515596,-197.307812336467,-197.139143338585,1083.57178926107,1686.26772742996,,
1091.68857773744,-200.349058181435,1711.72602554911,-200.82115058819,-197.125569255129,-196.876449373836,1083.64224151082,1686.43835462426,,
1091.76960836096,-200.804867001618,1711.93081962278,-200.834390454076,-197.1498368917,-196.772253050322,1083.71270292257,1686.60901635232,,
1091.85064952283,-200.482501031175,1712.13565514957,-200.818371075748,-197.221376241327,-196.825910583264,1083.78317349811,1686.77971262464,,
1091.93170122511,-200.389759592425,1712.34053214203,-200.83434137017,-197.319454338774,-197.105058599421,1083.85365323923,1686.95044345169,,
1092.01276346987,-200.812953269193,1712.54545061278,-200.816754001786,-197.161652653448,-196.986657241925,1083.92414214771,1687.12120884398,,
1092.09383625914,-200.418342961793,1712.75041057439,-200.833766250827,-197.093522826533,-196.650287845832,1083.99464022534,1687.29200881199,,
1092.174919595,-200.448719337753,1712.95541203949,-200.816205952383,-197.289074028508,-196.938176886595,1084.06514747391,1687.46284336624,,
1092.25601347949,-200.800840145593,1713.16045502066,-200.832176319047,-197.284372394451,-197.080512075645,1084.13566389521,1687.63371251722,,
1092.33711791468,-200.358847792653,1713.36553953055,-200.815393967738,-197.155038696188,-196.919006320514,1084.20618949103,1687.80461627546,,
1092.41823290265,-200.525549892686,1713.57066558174,-200.831587709822,-197.145721810399,-196.770891636995,1084.27672426317,1687.97555465145,,
1092.49935844541,-200.760294296215,1713.77583318689,-200.814535769598,-197.230746302383,-196.82855986385,1084.3472682134,1688.14652765574,,
1092.58049454506,-200.315173818985,1713.98104235858,-200.830443091158,-197.340178255545,-197.170234248136,1084.41782134353,1688.31753529882,,
1092.66164120365,-200.614299070121,1714.1862931095,-200.813387112513,-197.130008768362,-196.902364612806,1084.48838365535,1688.48857759125,,
1092.74279842324,-200.687203115162,1714.39158545224,-200.829745009557,-197.139616538694,-196.702106177586,1084.55895515064,1688.65965454353,,
1092.82396620589,-200.300338555833,1714.59691939946,-200.81331818839,-197.295892414571,-196.979462317295,1084.62953583121,1688.83076616622,,
1092.90514455367,-200.701242040622,1714.80229496383,-200.827410205878,-197.267409457549,-197.044360769072,1084.70012569884,1689.00191246986,,
1092.98633346863,-200.585567658824,1715.00771215798,-200.814272799093,-197.174517335446,-196.949344372436,1084.77072475533,1689.17309346498,,
1093.06753295284,-200.326308674591,1715.21317099457,-200.823245945742,-197.131082028794,-196.722030126174,1084.84133300247,1689.34430916214,,
1093.14874300837,-200.76465582162,1715.41867148627,-200.818197098654,-197.288589905092,-196.925023260525,1084.91195044206,1689.51555957189,,
1093.22996363729,-200.470306235722,1715.62421364574,-200.817204524596,-197.308488638091,-197.172492686111,1084.9825770759,1689.68684470478,,
1093.31119484164,-200.39914084529,1715.82979748567,-200.822901638846,-197.11496691953,-196.80763508378,1085.05321290577,1689.85816457139,,
1093.3924366235,-200.77929661451,1716.03542301872,-200.810862965986,-197.187756746327,-196.793653599211,1085.12385793348,1690.02951918227,,
1093.47368898494,-200.366788095437,1716.2410902576,-200.825339951881,-197.29612857056,-196.981960468562,1085.19451216082,1690.200908548,,
1093.55495192802,-200.512377653162,1716.44679921497,-200.809777223466,-197.263524684156,-197.067960584593,1085.26517558958,1690.37233267914,,
1093.63622545482,-200.727247714647,1716.65254990355,-200.821534474026,-197.162639397226,-196.898614931316,1085.33584822158,1690.54379158629,,
1093.71750956739,-200.305884791034,1716.85834233604,-200.815773375786,-197.1534767648,-196.708395578178,1085.4065300586,1690.71528528003,,
1093.79880426781,-200.640590945536,1717.06417652512,-200.811926135616,-197.345517259908,-197.083277871527,1085.47722110244,1690.88681377093,,
1093.88010955814,-200.61185467303,1717.27005248352,-200.822440863738,-197.24213708347,-197.063120965798,1085.5479213549,1691.0583770696,,
1093.96142544045,-200.314585716503,1717.47597022394,-200.807230190537,-197.124183396919,-196.782566874127,1085.61863081778,1691.22997518662,,
1094.04275191682,-200.738699418206,1717.68192975913,-200.819060492547,-197.236252080746,-196.860886928974,1085.68934949289,1691.40160813261,,
1094.12408898932,-200.465472792821,1717.88793110179,-200.814954504497,-197.294677732427,-197.007210258252,1085.76007738202,1691.57327591816,,
1094.20543666002,-200.402924324182,1718.09397426466,-200.807995176782,-197.257677927217,-197.091707393585,1085.83081448697,1691.74497855388,,
1094.28679493097,-200.756202788143,1718.30005926047,-200.821182913909,-197.122870105307,-196.763900133738,1085.90156080954,1691.91671605039,,
1094.36816380427,-200.342768789406,1718.50618610197,-200.80854223143,-197.24058991581,-196.834828412977,1085.97231635154,1692.08848841831,,
1094.44954328199,-200.549249223055,1718.7123548019,-200.810858710221,-197.342122541425,-197.159275972816,1086.04308111477,1692.26029566825,,
1094.53093336617,-200.668867959026,1718.91856537301,-200.819029676184,-197.180556993383,-196.924030093463,1086.11385510102,1692.43213781084,,
1094.61233405894,-200.300313744943,1719.12481782806,-200.805042294992,-197.17185444868,-196.819868693533,1086.18463831212,1692.60401485672,,
1094.69374536233,-200.691829597937,1719.33111217982,-200.811900347977,-197.253357602595,-196.889905272249,1086.25543074985,1692.77592681652,,
1094.77516727842,-200.507854920765,1719.53744844106,-200.816789213591,-197.324433950906,-197.109439027514,1086.32623241602,1692.94787370088,,
1094.85659980931,-200.369364670369,1719.74382662453,-200.803548824643,-197.18647265008,-196.971477066095,1086.39704331244,1693.11985552044,,
1094.93804295705,-200.746119329221,1719.95024674302,-200.810875486794,-197.142766004698,-196.711424047395,1086.46786344091,1693.29187228585,,
1095.01949672371,-200.35493796228,1720.15670880931,-200.816063990721,-197.343379053313,-197.049097217836,1086.53869280323,1693.46392400776,,
1095.1009611114,-200.528288313434,1720.3632128362,-200.80329483475,-197.260300335017,-197.068510159507,1086.60953140122,1693.63601069683,,
1095.18243612218,-200.661832206457,1720.56975883646,-200.807657454176,-197.170692230945,-196.869620552716,1086.68037923668,1693.80813236372,,
1095.26392175813,-200.300417909494,1720.77634682292,-200.816001745656,-197.212555789683,-196.831439526136,1086.75123631142,1693.9802890191,,
1095.34541802133,-200.688166650492,1720.98297680836,-200.805059678443,-197.302282265136,-196.99940873772,1086.82210262724,1694.15248067363,,
1095.42692491384,-200.481578721826,1721.18964880559,-200.802765166618,-197.284685187309,-197.13269617123,1086.89297818595,1694.32470733799,,
1095.50844243778,-200.388939473051,1721.39636282743,-200.813803932892,-197.127102643602,-196.76411746433,1086.96386298937,1694.49696902286,,
1095.58997059518,-200.727847422566,1721.60311888669,-200.809760550491,-197.265859303145,-196.883084903987,1087.03475703929,1694.66926573891,,
1095.67150938816,-200.327567771252,1721.80991699622,-200.799850947674,-197.322462107085,-197.120382232188,1087.10566033753,1694.84159749685,,
1095.75305881879,-200.574440411578,1722.01675716882,-200.806390747073,-197.206297887553,-196.954793977639,1087.1765728859,1695.01396430735,,
1095.83461888914,-200.598183510234,1722.22363941734,-200.813302541512,-197.193351097397,-196.845634126215,1087.24749468621,1695.18636618112,,
1095.91618960131,-200.316813104213,1722.43056375462,-200.804689737111,-197.256000504649,-196.885096916,1087.31842574027,1695.35880312885,,
1095.99777095737,-200.714609174084,1722.6375301935,-200.798521669528,-197.33799740031,-197.16471011983,1087.38936604989,1695.53127516125,,
1096.07936295941,-200.397531446084,1722.84453874684,-200.806506724762,-197.171511522397,-196.906321428614,1087.46031561688,1695.70378228903,,
1096.16096560952,-200.470618362677,1723.05158942747,-200.811628704368,-197.195533405668,-196.77700532152,1087.53127444306,1695.87632452289,,
1096.24257890976,-200.669178649948,1723.25868224828,-200.80358113197,-197.340681766947,-197.085570782382,1087.60224253023,1696.04890187357,,
1096.32420286225,-200.299330252962,1723.46581722212,-200.796977629488,-197.247012204078,-197.02700264363,1087.67321988022,1696.22151435177,,
1096.40583746905,-200.665191911532,1723.67299436188,-200.802640417219,-197.19434548223,-196.895859047915,1087.74420649483,1696.39416196823,,
1096.48748273225,-200.466982074281,1723.88021368042,-200.809755258306,-197.220895047124,-196.826150072381,1087.81520237587,1696.56684473368,,
1096.56913865395,-200.400625708093,1724.08747519062,-200.806115676163,-197.349958010338,-197.10625127224,1087.88620752517,1696.73956265885,,
1096.65080523622,-200.697866285375,1724.29477890538,-200.797354854626,-197.235601033733,-197.044065001449,1087.95722194454,1696.91231575448,,
1096.73248248116,-200.308458240011,1724.50212483758,-200.796133022718,-197.146907764859,-196.751696698504,1088.02824563579,1697.08510403132,,
1096.81417039085,-200.615074396577,1724.70951300012,-200.803179285936,-197.322271680767,-197.015284103942,1088.09927860074,1697.2579275001,,
1096.89586896739,-200.514996727219,1724.91694340592,-200.808063732998,-197.295125218587,-197.069235203344,1088.17032084121,1697.4307861716,,
1096.97757821286,-200.362549670417,1725.12441606786,-200.804305147013,-197.217030614829,-196.947640208966,1088.24137235901,1697.60368005655,,
1097.05929812935,-200.702055398487,1725.33193099888,-200.796711760206,-197.193435774694,-196.819144869196,1088.31243315596,1697.77660916573,,
1097.14102871895,-200.321456371333,1725.53948821188,-200.793912586371,-197.3196487275,-197.025083215321,1088.38350323387,1697.9495735099,,
1097.22276998377,-200.582011495712,1725.74708771978,-200.798215785732,-197.295677534041,-197.132652996567,1088.45458259458,1698.12257309982,,
1097.30452192586,-200.536694408611,1725.95472953554,-200.804335544818,-197.148734936293,-196.778681918802,1088.52567123988,1698.29560794628,,
1097.38628454736,-200.347376903458,1726.16241367206,-200.805921165947,-197.296488536788,-196.949986162971,1088.59676917162,1698.46867806005,,
1097.46805785033,-200.696904556754,1726.3701401423,-200.801618372398,-197.315968360098,-197.087030827942,1088.66787639159,1698.64178345192,,
1097.54984183687,-200.326000905129,1726.5779089592,-200.795283336822,-197.232033897187,-196.985299084137,1088.73899290163,1698.81492413267,,
1097.63163650909,-200.571654591069,1726.78572013571,-200.791794769032,-197.189304055083,-196.838929523584,1088.81011870356,1698.98810011309,,
1097.71344186907,-200.533251553849,1726.99357368479,-200.793153003261,-197.294725725943,-196.961303479853,1088.88125379919,1699.16131140399,,
1097.7952579189,-200.349114871063,1727.20146961938,-200.797707146031,-197.333188629996,-197.172932963646,1088.95239819035,1699.33455801615,,
1097.87708466069,-200.688715809493,1727.40940795248,-200.802058884538,-197.160342217043,-196.823066094036,1089.02355187886,1699.5078399604,,
1097.95892209653,-200.319067489797,1727.61738869704,-200.803551393803,-197.271928249697,-196.905740311833,1089.09471486655,1699.68115724753,,
1098.0407702285,-200.58380969188,1727.82541186603,-200.801614094588,-197.331135652717,-197.092850470902,1089.16588715522,1699.85450988836,,
1098.12262905873,-200.505913524247,1728.03347747245,-200.797524211048,-197.250457761954,-197.007128442616,1089.23706874672,1700.02789789371,,
1098.20449858929,-200.368031693553,1728.24158552928,-200.793237512835,-197.19831682057,-196.863819212589,1089.30825964286,1700.2013212744,,
1098.28637882229,-200.674270632651,1728.44973604951,-200.790267978665,-197.276349646325,-196.925750635806,1089.37945984547,1700.37478004126,,
1098.36826975984,-200.305645018433,1728.65792904614,-200.78922640884,-197.346425256806,-197.184382116331,1089.45066935638,1700.54827420512,,
1098.45017140401,-200.614003311185,1728.86616453218,-200.789989345163,-197.168256090648,-196.861069177691,1089.5218881774,1700.72180377682,,
1098.53208375691,-200.455784006266,1729.07444252064,-200.792049873528,-197.251084881901,-196.883439064981,1089.59311631036,1700.8953687672,,
1098.61400682067,-200.409550286982,1729.28276302452,-200.794699233281,-197.335308376078,-197.096964933894,1089.6643537571,1701.0689691871,,
1098.69594059734,-200.642230344646,1729.49112605684,-200.797128400577,-197.26032879392,-197.016103171065,1089.73560051943,1701.24260504737,,
1098.77788508907,-200.29898308579,1729.69953163063,-200.798714138675,-197.212379980054,-196.882437541248,1089.80685659919,1701.41627635886,,
1098.85984029794,-200.650147053837,1729.90797975893,-200.799351476216,-197.278507178675,-196.915613756105,1089.87812199821,1701.58998313244,,
1098.94180622605,-200.389045770484,1730.11647045476,-200.799349892636,-197.363033255817,-197.184681225805,1089.9493967183,1701.76372537897,,
1099.0237828755,-200.478535256128,1730.32500373117,-200.798909581568,-197.187601677155,-196.881268810697,1090.0206807613,1701.93750310931,,
1099.10577024841,-200.57825964621,1730.5335796012,-200.79798637656,-197.255126283291,-196.879728135905,1090.09197412905,1702.11131633433,,
1099.18776834686,-200.319956273844,1730.7421980779,-200.79670329033,-197.344163736742,-197.104837032245,1090.16327682336,1702.28516506492,,
1099.26977717298,-200.667507696809,1730.95085917433,-200.795511741888,-197.262706135632,-197.014407263836,1090.23458884607,1702.45904931194,,
1099.35179672887,-200.324581248326,1731.15956290356,-200.794595512027,-197.218585313572,-196.891917528888,1090.30591019902,1702.6329690863,,
1099.43382701662,-200.568034134253,1731.36830927864,-200.793687971587,-197.279990128446,-196.925937130236,1090.37724088402,1702.80692439887,,
1099.51586803836,-200.477337602922,1731.57709831265,-200.792804125936,-197.359514322178,-197.182210428908,1090.44858090292,1702.98091526054,,
1099.59791979618,-200.389845264199,1731.78593001868,-200.792329280955,-197.187869107982,-196.880559310561,1090.51993025755,1703.15494168223,,
1099.67998229219,-200.631509609967,1731.99480440978,-200.792165588462,-197.261285464898,-196.893321117445,1090.59128894973,1703.32900367482,,
1099.7620555285,-200.299049740712,1732.20372149909,-200.791958032785,-197.345894217825,-197.116848096569,1090.6626569813,1703.50310124924,,
1099.84413950722,-200.6429008647,1732.41268129966,-200.791984008172,-197.257379220297,-197.001958476183,1090.7340343541,1703.67723441638,,
1099.92623423045,-200.36365120465,1732.62168382459,-200.792434424106,-197.226322130388,-196.895077781,1090.80542106996,1703.85140318716,,
1100.00833970032,-200.508696882649,1732.83072908702,-200.792829406472,-197.294176883235,-196.953898106562,1090.87681713071,1704.02560757252,,
1100.09045591892,-200.521920364137,1733.03981710003,-200.793198629095,-197.354821246489,-197.175581815009,1090.94822253819,1704.19984758336,,
1100.17258288836,-200.353826453437,1733.24894787674,-200.79382269298,-197.188381485357,-196.861475238847,1091.01963729423,1704.37412323062,,
1100.25472061077,-200.640393275174,1733.45812143029,-200.794117931545,-197.284929814816,-196.926840453963,1091.09106140067,1704.54843452524,,
1100.33686908825,-200.299178675897,1733.66733777377,-200.793907531656,-197.348495864048,-197.127667212863,1091.16249485935,1704.72278147814,,
1100.41902832293,-200.623419319844,1733.87659692035,-200.793437621541,-197.250730805666,-196.977874338595,1091.23393767211,1704.89716410029,,
1100.50119831689,-200.375580286886,1734.08589888313,-200.792068396362,-197.238428994979,-196.899076040424,1091.30538984077,1705.07158240261,,
1100.58337907227,-200.492968572055,1734.29524367528,-200.789848083539,-197.312929075901,-196.997707293223,1091.37685136719,1705.24603639607,,
1100.66557059117,-200.52099834149,1734.50463130994,-200.7873043309,-197.335673281896,-197.155488743328,1091.44832225319,1705.42052609162,,
1100.74777287571,-200.353668868446,1734.71406180026,-200.784274361215,-197.180089413024,-196.833045490518,1091.51980250062,1705.59505150022,,
1100.82998592801,-200.629145478616,1734.92353515941,-200.781774016473,-197.308359321957,-196.984595754867,1091.59129211131,1705.76961263284,,
1100.91220975018,-200.298319995789,1735.13305140054,-200.780623610107,-197.329255291407,-197.125286685026,1091.66279108711,1705.94420950045,,
1100.99444434434,-200.625492151458,1735.34261053681,-200.780939949611,-197.231479016617,-196.944428342847,1091.73429942986,1706.11884211401,,
1101.0766897126,-200.353347936779,1735.55221258142,-200.783377547087,-197.251172405075,-196.91454031666,1091.80581714139,1706.29351048452,,
1101.15894585709,-200.520095656906,1735.76185754754,-200.786702062353,-197.332481121246,-197.051708491074,1091.87734422356,1706.46821462295,,
1101.24121277992,-200.477881377136,1735.97154544834,-200.789546133867,-197.310457967089,-197.109222825828,1091.94888067819,1706.64295454028,,
1101.3234904832,-200.387918269318,1736.18127629702,-200.790453258861,-197.193283620926,-196.813727789067,1092.02042650713,1706.81773024752,,
1101.40577896906,-200.593882461271,1736.39105010679,-200.788025931921,-197.3522685947,-197.06525975012,1092.09198171223,1706.99254175566,,
1101.48807823963,-200.306513322223,1736.60086689084,-200.783722703778,-197.307374848742,-197.093022549348,1092.16354629533,1707.1673890757,,
1101.57038829701,-200.633233796621,1736.81072666238,-200.779436450341,-197.226712502407,-196.912694455923,1092.23512025827,1707.34227221865,,
1101.65270914332,-200.313051953045,1737.02062943462,-200.778443250925,-197.276044612379,-196.951945154454,1092.30670360289,1707.51719119552,,
1101.73504078071,-200.578647095128,1737.23057522077,-200.781449609812,-197.341796489191,-197.09989743608,1092.37829633105,1707.69214601731,,
1101.81738321127,-200.396425215476,1737.44056403407,-200.786146430636,-197.270404933212,-197.031024805942,1092.44989844458,1707.86713669506,,
1101.89973643714,-200.467521511296,1737.65059588774,-200.78843337779,-197.221778508332,-196.831332024938,1092.52150994534,1708.04216323978,,
1101.98210046043,-200.510650976503,1737.860670795,-200.785349529593,-197.380952975975,-197.149311943636,1092.59313083516,1708.2172256625,,
1102.06447528329,-200.359676560878,1738.07078876911,-200.77970559848,-197.264429609727,-197.020289738089,1092.6647611159,1708.39232397426,,
1102.14686090781,-200.599197466361,1738.28094982332,-200.776675612198,-197.238485082652,-196.90574056646,1092.7364007894,1708.5674581861,,
1102.22925733614,-200.302085766619,1738.49115397086,-200.780096317197,-197.310558608511,-197.011768691205,1092.80804985751,1708.74262830905,,
1102.31166457039,-200.622545663989,1738.70140122499,-200.785478066856,-197.338590437421,-197.114709291764,1092.87970832208,1708.91783435416,,
1102.39408261269,-200.312509119082,1738.91169159898,-200.786165928955,-197.235677150821,-196.937565792527,1092.95137618495,1709.09307633248,,
1102.47651146518,-200.575707301103,1739.12202510608,-200.780125866902,-197.2728800744,-196.911499998369,1093.02305344798,1709.26835425507,,
1102.55895112996,-200.380132075572,1739.33240175959,-200.775641238989,-197.372948788321,-197.189928283406,1093.09474011301,1709.44366813299,,
1102.64140160919,-200.484954504954,1739.54282157276,-200.778689563557,-197.223257784511,-196.923380691883,1093.1664361819,1709.6190179773,,
1102.72386290496,-200.474874265413,1739.7532845589,-200.784882718731,-197.28458595044,-196.950128865593,1093.23814165649,1709.79440379908,,
1102.80633501944,-200.389131105412,1739.96379073127,-200.783419505204,-197.335170413441,-197.070602308394,1093.30985653864,1709.96982560939,,
1102.88881795473,-200.560449963589,1740.17434010317,-200.776357942757,-197.301593051473,-197.073221792169,1093.3815808302,1710.14528341931,,
1102.97131171296,-200.321001472097,1740.38493268792,-200.775348795929,-197.219023517228,-196.875879928822,1093.45331453301,1710.32077723993,,
1103.05381629628,-200.607906192422,1740.5955684988,-200.782233709251,-197.344844533907,-197.047802898541,1093.52505764894,1710.49630708233,,
1103.13633170682,-200.297841260554,1740.80624754913,-200.783375448871,-197.3315570264,-197.133057022081,1093.59681017984,1710.67187295761,,
1103.21885794668,-200.6051404626,1741.01696985223,-200.775803888256,-197.211690125405,-196.859968817885,1093.66857212755,1710.84747487686,,
1103.30139501802,-200.320659418757,1741.22773542143,-200.774584531144,-197.331152246626,-197.046552658946,1093.74034349393,1711.02311285119,,
1103.38394292298,-200.558387267535,1741.43854427003,-200.781809069753,-197.324899874466,-197.081735552477,1093.81212428085,1711.19878689169,,
1103.46650166366,-200.378045948331,1741.64939641138,-200.781242808118,-197.269589882277,-196.991445628734,1093.88391449014,1711.37449700948,,
1103.54907124222,-200.486061970208,1741.86029185882,-200.773233977576,-197.254479688349,-196.901825990572,1093.95571412367,1711.55024321568,,
1103.63165166078,-200.451714930437,1742.07123062568,-200.776239263787,-197.379963865095,-197.16661834114,1094.02752318329,1711.7260255214,,
1103.7142429215,-200.409733082595,1742.28221272531,-200.782405904858,-197.255245364564,-196.984025901888,1094.09934167087,1711.90184393776,,
1103.79684502649,-200.522247551698,1742.49323817108,-200.775607676887,-197.261372789314,-196.904371050161,1094.17116958825,1712.0776984759,,
1103.87945797788,-200.34707570776,1742.70430697634,-200.772771525691,-197.359172515503,-197.131810473241,1094.24300693729,1712.25358914695,,
1103.96208177783,-200.5740147331,1742.91541915445,-200.780692906333,-197.285520172258,-197.01958641998,1094.31485371985,1712.42951596204,,
1104.04471642847,-200.308639613358,1743.12657471878,-200.777264006968,-197.259928609109,-196.93891374219,1094.3867099378,1712.60547893232,,
1104.12736193193,-200.598287539517,1743.33777368272,-200.771344706758,-197.319549599465,-197.019476396633,1094.45857559298,1712.78147806893,,
1104.21001829035,-200.297723808816,1743.54901605964,-200.779122637151,-197.349696991007,-197.153037016993,1094.53045068726,1712.95751338303,,
1104.29268550588,-200.593908382981,1743.76030186292,-200.777176068988,-197.212970870404,-196.858301992492,1094.6023352225,1713.13358488577,,
1104.37536358063,-200.311913247428,1743.97163110597,-200.770640522283,-197.346208875215,-197.063463236439,1094.67422920055,1713.30969258831,,
1104.45805251678,-200.565752503569,1744.18300380218,-200.778733817509,-197.327558525705,-197.101524194508,1094.74613262329,1713.48583650182,,
1104.54075231644,-200.345162140098,1744.39441996495,-200.775415255145,-197.256294776342,-196.944374822183,1094.81804549256,1713.66201663746,,
1104.62346298178,-200.522008443957,1744.6058796077,-200.770619366729,-197.294572186041,-196.981497813114,1094.88996781024,1713.83823300642,,
1104.7061845149,-200.389808975227,1744.81738274383,-200.779046142833,-197.360853041794,-197.124576621294,1094.96189957817,1714.01448561986,,
1104.78891691798,-200.471482184159,1745.02892938676,-200.772043980346,-197.263964780581,-196.997813815895,1095.03384079824,1714.19077448897,,
1104.87166019313,-200.438235267877,1745.24051954994,-200.772525204966,-197.2660302177,-196.904962736673,1095.10579147229,1714.36709962495,,
1104.95441434253,-200.421700529187,1745.45215324678,-200.777888138605,-197.389791791831,-197.186644807198,1095.1777516022,1714.54346103898,,
1105.0371793683,-200.484040892988,1745.66383049071,-200.768783124105,-197.247456964936,-196.958294751791,1095.24972118983,1714.71985874226,,
1105.1199552726,-200.378000030831,1745.87555129519,-200.776467844057,-197.293837760235,-196.97083059298,1095.32170023704,1714.89629274599,,
1105.20274205754,-200.52269721523,1746.08731567366,-200.772648909016,-197.338712898679,-197.074542178909,1095.39368874569,1715.07276306138,,
1105.28553972531,-200.343399917933,1746.29912363957,-200.770443924404,-197.315617986215,-197.084669976507,1095.46568671766,1715.24926969964,,
1105.36834827803,-200.551714549907,1746.51097520638,-200.776768022672,-197.240409908357,-196.887140311648,1095.53769415481,1715.42581267198,,
1105.45116771785,-200.318938787883,1746.72287038756,-200.767694781251,-197.365600433354,-197.106883837835,1095.609711059,1715.60239198963,,
1105.53399804693,-200.570429901479,1746.93480919657,-200.776292590574,-197.312738689912,-197.084437490608,1095.68173743211,1715.77900766381,,
1105.61683926739,-200.304200669004,1747.1467916469,-200.768986847114,-197.245481538857,-196.896501349653,1095.75377327599,1715.95565970575,,
1105.69969138141,-200.579565482283,1747.35881775203,-200.772950636151,-197.355417656515,-197.094285650427,1095.82581859253,1716.13234812669,,
1105.78255439112,-200.297852973778,1747.57088752542,-200.771960368647,-197.318766740822,-197.071154259937,1095.89787338358,1716.30907293785,,
1105.86542829867,-200.580711604451,1747.7830009806,-200.769349685766,-197.265618739048,-196.964365751257,1095.96993765102,1716.4858341505,,
1105.94831310622,-200.298104327172,1747.99515813104,-200.773927178262,-197.31366502725,-196.989104125138,1096.04201139671,1716.66263177587,,
1106.03120881591,-200.575853299753,1748.20735899025,-200.767091570256,-197.368301754572,-197.179546648354,1096.11409462253,1716.83946582521,,
1106.11411542989,-200.303048345958,1748.41960357175,-200.774826395458,-197.230582951561,-196.888998716217,1096.18618733034,1717.01633630979,,
1106.19703295033,-200.56700830322,1748.63189188903,-200.765961281648,-197.341674928154,-197.054144823394,1096.25828952203,1717.19324324086,,
1106.27996137937,-200.310892673057,1748.84422395564,-200.774631171352,-197.3393777838,-197.105110563535,1096.33040119945,1717.3701866297,,
1106.36290071915,-200.555995181326,1749.05659978508,-200.76531329568,-197.27132743697,-196.976732706179,1096.40252236448,1717.54716648757,,
1106.44585097185,-200.320089329108,1749.2690193909,-200.774264768096,-197.301206908759,-196.97832136073,1096.474653019,1717.72418282575,,
1106.5288121396,-200.544317277799,1749.48148278662,-200.765009444903,-197.367085526604,-197.144928244882,1096.54679316487,1717.90123565552,,
1106.61178422458,-200.32938901678,1749.6939899858,-200.773843614599,-197.269292310827,-196.984616756344,1096.61894280398,1718.07832498817,,
1106.69476722891,-200.533132607169,1749.90654100198,-200.7645691735,-197.290442709186,-196.950698622606,1096.69110193818,1718.25545083498,,
1106.77776115478,-200.337842976543,1750.11913584871,-200.773177857025,-197.383371947384,-197.178409799105,1096.76327056937,1718.43261320726,,
1106.86076600432,-200.523277274942,1750.33177453955,-200.764405343245,-197.255781967217,-196.952973201142,1096.83544869941,1718.60981211629,,
1106.94378177971,-200.344773577676,1750.54445708806,-200.772196420718,-197.313967145146,-197.004947599777,1096.90763633018,1718.78704757338,,
1107.02680848308,-200.515315283319,1750.75718350782,-200.765106666025,-197.345680312665,-197.093044850507,1096.97983346355,1718.96431958985,,
1107.10984611662,-200.349730929053,1750.9699538124,-200.770237832264,-197.309309877762,-197.059033563982,1097.05204010141,1719.141628177,,
1107.19289468246,-200.509594571211,1751.18276801538,-200.766909198989,-197.260031244889,-196.905491927285,1097.12425624562,1719.31897334615,,
1107.27595418278,-200.352448453712,1751.39562613034,-200.766965341907,-197.395191353372,-197.181227368196,1097.19648189807,1719.49635510862,,
1107.35902461972,-200.506296465129,1751.6085281709,-200.769528595752,-197.271932240345,-196.990412751153,1097.26871706063,1719.67377347575,,
1107.44210599547,-200.352806252783,1751.82147415063,-200.763534880659,-197.295919709082,-196.972459650551,1097.34096173519,1719.85122845886,,
1107.52519831215,-200.505471118227,1752.03446408316,-200.771215733425,-197.360256395885,-197.113674908203,1097.41321592361,1720.0287200693,,
1107.60830157196,-200.35080756454,1752.24749798207,-200.76260701761,-197.305524028986,-197.047799961874,1097.48547962779,1720.20624831839,,
1107.69141577704,-200.507055269255,1752.46057586099,-200.769266690113,-197.274448030561,-196.943404650567,1097.5577528496,1720.38381321749,,
1107.77454092956,-200.346570911398,1752.67369773354,-200.765924535474,-197.370902443194,-197.116031278879,1097.63003559092,1720.56141477795,,
1107.85767703167,-200.510871443365,1752.88686361334,-200.764000055755,-197.307801237102,-197.070497866305,1097.70232785363,1720.73905301112,,
1107.94082408556,-200.340338028794,1753.10007351403,-200.769964882399,-197.269680634361,-196.912228456312,1097.77462963962,1720.91672792836,,
1108.02398209337,-200.5166094866,1753.31332744925,-200.761688721889,-197.381032095055,-197.160713163796,1097.84694095076,1721.09443954104,,
